0	0	0	0	16	0	0	0	0	0	0	0	0	0	0	0	0	0	0	14	0	0	0	0	16	24	27	3	0	0	0	0	0	0	11	18	19	31	13	0	0	0	0	0	0	0	0	0	0	0	0	0	18	0	0	0	0	6	0	0	0	0	0	0	0	0	0	0	0	0	0	0	0	0	0	0	0	0	0	12	0	0	0	0	0	0	0	16	0	0	0	12	0	0	0	13	15	16	0	0	0	10	0	32	0	0	0	0	0	0	0	0	0	0	0	0	0	15	0	0	0	0	0	0	0	0	0	0	0	0	0	0	0	0	9	0	0	0	0	0	0	17	0	0	0	0	0	0	0	0	0	0	0	0	0	0	0	0	0	0	0	0	0	0	0	15	0	18	0	0	0	0	0	6	18	0	0	12	0	0	0	0	0	0	15	0	0	0	9	0	0	0	0	0	0	0	0	0	13	0	15	0	0	0	0	0	0	9	12	0	8	0	0	0	0	0	14	0	0	0	0	0	10	16	0	17	0	0	14	5	15	0	0	11	0	2	2	3	20	3	3	3	0	0	0	0	0	0	16	0	13	0	0	16	0	0	0	13	7	15	0	0	0	0	0	0	0	0	0	0	0	0	8	0	0	17	14	10	0	0	0	11	17	0	14	9	0	0	0	0	0	0	0	13	9	0	0	0	30	0	0	0	0	0	0	0	0	0	0	0	0	15	11	0	0	0	0	0	0	16	0	0	0	0	0	0	0	0	0	0	0	9	0	13	0	0	0	9	0	0	0	16	0	0	0	0	0	0	0	0	0	0	0	11	0	0	0	0	15	11	0	0	0	0	0	0	0	0	0	0	0	0	0	0	15	0	0	0	0	0	0	8	0	15	0	15	11	0	0	0	0	0	0	0	0	0	0	0	0	0	0	0	0	8	0	0	0	0	0	0	0	17	0	0	14	13	0	0	0	0	0	12	0	0	0	0	0	0	0	0	13	11	0	0	0	0	0	11	12	0	10	8	16	17	0	0	0	0	0	0	0	0	16	0	6	16	0	0	7	0	0	0	0	11	0	13	0	0	8	0	8	0	0	0	0	0	12	6	0	0	0	29	15	0	0	0	0	0	0	0	0	0	0	0	0	0	0	0	0	0	8	0	0	0	0	0	0	0	0	0	10	0
0	0	0	0	0	0	0	0	0	0	28	0	0	0	0	0	28	8	0	9	0	0	0	5	0	14	13	17	13	13	0	0	13	16	17	14	0	0	0	0	0	11	19	17	0	0	0	0	18	0	0	0	0	0	0	0	4	15	0	0	0	0	0	0	0	0	14	0	0	0	0	0	15	0	0	0	0	0	0	0	0	0	0	0	0	0	0	0	0	0	0	0	0	10	0	0	15	10	0	0	0	0	0	0	15	0	0	0	0	0	0	0	0	0	0	0	0	0	11	0	0	0	0	0	0	0	0	0	0	0	0	0	0	0	0	0	0	0	0	0	0	0	0	0	0	0	0	0	0	0	0	0	0	0	0	0	0	0	0	13	0	0	0	0	0	0	0	0	0	0	16	12	0	0	8	0	0	18	0	17	15	0	0	0	0	0	0	0	14	15	3	0	0	0	1	13	0	0	12	0	0	0	14	0	0	0	0	8	11	0	0	0	0	0	0	16	0	0	0	0	0	0	13	0	0	12	16	0	0	0	7	0	0	0	0	0	0	15	2	8	2	0	0	0	0	0	0	0	0	0	0	0	0	0	0	0	0	27	0	0	13	0	0	0	0	9	0	0	0	0	0	0	0	0	0	0	0	0	0	0	0	0	0	0	0	13	15	0	0	0	0	0	0	0	0	0	0	0	8	0	0	0	0	0	0	0	0	0	0	0	0	12	0	15	0	15	0	0	15	0	5	17	0	11	0	0	0	0	0	16	10	16	0	0	0	0	0	0	14	13	15	22	0	0	16	0	0	0	0	0	0	0	0	0	0	0	0	0	0	0	0	19	15	10	0	0	0	0	0	0	0	0	0	0	0	14	31	0	0	0	0	16	0	0	0	0	0	0	0	0	0	0	0	16	0	0	0	10	26	0	0	0	0	15	13	9	0	0	0	0	0	0	0	0	0	14	12	0	0	0	7	0	0	0	0	0	0	0	0	0	0	0	0	0	12	15	0	0	0	10	13	13	0	0	0	0	0	0	0	27	0	0	0	0	0	0	16	3	0	0	17	0	0	10	0	0	14	0	0	0	0	0	0	0	0	0	0	0	0	0	0	16	0	0	0	18	17	0	0	0	0	0	0	0	0	0	0	0	0	0	0	0	0	0	0	16	0	0	11	13	0	0
0	0	0	0	12	9	0	0	0	18	16	0	0	17	0	0	31	24	0	0	0	0	0	16	0	0	0	0	0	10	16	17	10	0	0	0	0	0	0	0	0	0	0	16	10	0	0	0	0	0	0	0	16	0	0	16	0	0	0	0	0	24	0	0	0	0	0	0	0	0	0	0	0	0	0	9	0	0	9	0	0	0	0	0	0	0	0	0	0	0	0	0	0	0	0	10	0	0	0	0	16	8	0	0	0	10	18	0	0	32	11	0	0	0	0	0	16	0	0	14	0	0	0	0	0	0	0	0	0	0	0	0	0	0	0	14	1	0	0	29	8	0	0	11	0	0	0	0	0	0	16	0	0	0	0	0	0	0	0	0	16	0	0	0	0	0	0	0	0	8	14	0	0	0	9	0	0	0	0	0	0	0	6	9	0	0	0	0	0	0	5	0	0	0	14	15	0	0	0	0	0	0	13	0	0	0	16	0	0	0	15	10	0	0	0	0	0	0	9	9	14	0	0	0	0	0	10	0	0	0	0	0	0	0	0	0	0	0	0	0	0	0	8	13	0	0	0	0	0	0	0	0	0	0	0	0	14	0	0	0	14	0	0	0	0	0	0	0	0	0	0	0	10	0	5	0	0	0	0	0	0	0	0	0	0	0	10	0	0	0	0	0	0	0	0	0	15	0	0	0	0	0	0	14	0	0	17	0	0	16	0	0	0	0	0	0	0	15	0	0	0	0	0	0	0	0	0	0	16	0	0	0	0	11	0	0	0	0	0	0	0	14	0	0	0	0	0	0	0	0	0	0	0	0	0	0	10	0	0	0	17	0	0	14	0	0	0	0	0	0	0	0	0	0	0	0	0	0	0	0	0	0	0	0	16	0	0	0	0	11	0	0	13	0	0	0	15	0	15	0	0	0	0	0	0	17	0	0	0	0	0	0	17	0	0	0	0	15	0	0	2	0	16	0	0	0	0	0	0	0	0	13	15	12	11	0	0	12	15	11	0	0	0	0	0	0	0	0	0	0	0	0	0	0	0	0	0	0	0	0	7	0	0	0	11	26	11	0	0	0	0	0	0	11	0	11	0	0	0	0	0	0	0	0	12	0	0	0	0	0	0	11	0	0	0	0	0	0	0	0	0	0	0	0	0	10	0	33	11	0	0	0
0	1	0	0	21	0	0	0	29	9	0	0	0	0	0	0	10	12	0	0	0	0	0	0	0	0	0	0	0	0	0	0	0	0	9	32	0	0	17	0	0	16	0	0	0	0	7	15	0	0	0	0	8	0	9	0	0	0	0	0	0	20	0	0	0	15	16	5	0	0	0	0	15	28	0	22	0	0	0	0	0	0	13	0	0	13	0	0	0	0	0	0	0	0	0	0	0	0	0	18	0	9	0	0	19	23	39	0	0	0	15	0	0	0	0	0	0	0	8	0	0	15	0	0	0	0	0	0	0	0	0	19	0	0	0	0	15	0	0	0	0	0	0	0	0	0	0	0	0	9	0	10	15	0	0	0	14	0	0	0	0	0	0	0	23	10	0	0	0	0	0	17	19	0	0	0	0	0	0	0	0	0	9	9	0	0	0	0	0	0	0	0	0	0	0	10	0	0	0	0	0	0	0	0	0	0	0	0	0	0	0	14	14	0	0	18	0	0	0	8	0	0	0	0	0	0	0	0	0	0	0	0	0	0	0	0	0	0	0	0	0	0	15	11	0	0	18	34	5	18	0	0	0	0	0	4	13	6	0	0	0	0	0	0	0	0	0	0	0	0	0	0	0	0	21	1	0	0	0	0	0	0	0	0	0	15	0	0	14	15	0	0	0	0	0	0	0	34	0	0	0	0	0	0	0	0	0	0	0	0	11	14	0	0	0	0	0	24	0	0	0	0	0	11	20	0	0	0	0	0	0	11	11	3	0	0	0	0	0	0	0	15	0	0	0	14	0	0	0	0	13	0	0	0	0	0	0	7	18	0	0	0	0	0	0	0	0	0	0	0	0	0	0	0	0	0	0	0	0	0	0	0	0	0	0	0	0	0	0	0	0	0	21	0	0	0	9	10	15	0	8	0	0	10	0	0	0	0	0	0	0	0	0	0	0	0	0	0	0	0	0	0	9	14	0	0	0	0	6	18	0	0	0	0	0	15	18	11	0	0	0	0	0	3	27	7	16	14	16	0	0	0	0	0	0	0	0	0	0	19	0	0	0	0	0	0	0	0	0	0	0	10	32	13	0	14	0	0	0	0	0	0	0	0	8	6	13	12	0	0	0	27	10	15	11	0	0	0	0	0	14	0	0	0	0	17	0	0	0	0	0	0
34	65	20	36	17	16	0	0	7	7	0	0	0	11	0	0	0	0	0	0	0	0	0	0	0	0	0	0	0	13	0	0	17	5	14	0	0	16	13	0	0	0	0	0	0	0	0	0	0	0	15	0	0	0	17	0	0	0	0	0	0	0	14	0	0	0	0	5	0	0	0	0	0	0	0	0	0	16	7	0	0	0	0	0	0	15	0	0	0	11	13	0	12	15	0	0	0	0	0	0	0	10	16	0	0	23	9	0	13	14	0	0	0	0	0	0	0	0	0	0	0	0	0	0	0	0	0	0	0	0	0	0	0	0	0	0	0	0	0	0	0	0	0	0	0	0	0	0	0	12	11	30	20	0	0	12	11	0	0	12	0	0	0	0	5	8	0	17	0	16	16	18	0	0	0	15	0	0	0	0	0	0	0	0	0	0	0	13	0	0	0	0	0	0	0	13	0	0	0	0	0	10	0	7	0	0	0	0	12	0	0	3	11	0	10	0	0	0	0	0	0	0	0	0	14	9	0	16	0	0	0	6	14	0	0	0	0	0	0	0	17	0	0	0	0	17	14	11	10	14	10	0	0	0	0	0	14	15	16	0	0	0	0	0	0	12	17	0	8	0	0	0	0	0	0	16	13	0	14	0	0	0	0	0	0	0	0	0	11	14	0	0	0	8	0	0	0	11	0	0	25	19	0	6	15	0	0	0	0	0	0	0	0	0	11	0	0	8	0	0	0	0	0	17	0	16	0	0	0	0	0	3	8	0	0	17	0	0	0	13	13	12	0	0	0	0	0	0	19	0	22	0	0	0	0	0	0	0	0	0	0	3	8	0	0	0	0	0	0	0	0	0	0	0	0	0	0	0	0	0	0	0	10	0	7	12	0	0	0	0	0	0	11	0	0	0	0	0	0	0	22	0	17	7	0	0	18	0	0	0	0	0	0	0	0	0	0	0	0	0	0	0	7	0	0	4	18	0	0	0	0	0	0	33	17	8	0	0	18	0	0	0	0	0	12	0	3	6	0	0	0	0	18	0	0	17	0	0	10	0	12	0	0	0	0	0	0	0	0	0	0	11	0	0	8	0	0	0	0	0	0	0	0	0	0	15	7	4	0	0	0	0	0	0	0	0	0	0	0	0	0	0	0	0	16	13	13	0	0	0	0	0
22	37	53	2	0	0	0	0	0	0	0	0	0	13	0	0	0	0	0	13	0	0	0	0	0	0	0	0	0	0	0	16	51	14	0	0	0	0	3	0	0	0	0	0	0	0	0	0	0	0	0	0	0	0	0	0	0	0	0	0	0	0	12	0	0	0	0	0	0	0	19	0	12	0	10	14	18	0	16	0	0	0	0	14	8	0	0	0	0	0	0	0	0	0	0	0	0	0	0	15	0	0	0	0	0	0	0	0	0	0	0	0	18	0	0	0	0	0	14	0	0	0	0	11	0	0	0	0	0	0	0	0	0	0	0	0	0	10	0	0	11	0	0	0	0	0	0	0	21	13	18	0	0	0	0	13	0	0	0	0	0	12	0	0	0	0	0	0	0	0	0	0	0	0	0	0	0	0	0	0	0	15	0	0	0	0	0	0	0	0	0	0	0	0	0	0	0	0	0	0	0	34	0	13	0	10	0	0	0	0	0	11	0	0	0	0	0	0	0	5	10	23	24	28	0	0	0	0	0	0	0	0	14	10	0	0	0	0	0	0	0	0	0	0	0	0	25	0	0	0	0	11	17	0	0	0	0	15	13	0	0	0	0	0	10	21	22	0	0	0	0	0	0	0	0	0	16	0	0	16	19	0	0	17	0	0	0	0	0	0	0	0	0	22	14	14	0	0	0	0	0	0	0	16	0	0	9	0	0	0	0	0	0	0	13	0	0	0	0	0	14	0	0	16	0	0	15	0	10	13	0	14	0	0	13	18	0	0	0	5	6	14	0	18	0	0	0	0	0	0	17	0	0	1	15	0	0	0	0	0	0	0	0	0	0	0	0	0	0	0	0	0	0	0	0	0	0	0	0	26	0	0	0	0	0	0	7	12	11	0	0	0	0	0	0	0	0	0	0	0	0	0	0	13	12	0	15	0	0	0	0	0	13	1	16	0	27	0	0	0	0	14	0	0	0	0	0	0	0	0	12	17	15	0	0	0	0	0	0	0	17	0	0	0	0	0	0	0	0	0	0	0	0	0	0	17	0	0	10	0	15	0	0	0	0	16	0	0	17	18	0	0	0	0	31	0	0	0	0	0	15	15	0	0	0	0	0	0	0	0	0	0	0	13	8	0	0	15	15	23	0	0	0	0	0	0	0	0	0	0	0	0
0	14	8	0	0	0	0	0	8	0	0	0	15	0	0	0	0	0	0	0	0	0	12	0	0	0	0	10	16	0	0	0	9	0	0	0	0	0	0	0	0	0	0	0	0	0	0	0	0	0	18	0	0	0	0	0	0	0	0	0	0	0	0	0	0	0	0	0	0	0	0	0	8	11	0	0	0	0	0	16	0	0	0	0	7	0	18	0	0	0	0	0	0	30	11	0	11	0	0	13	0	0	0	0	13	11	0	0	0	0	0	0	0	0	9	0	0	0	10	0	0	0	0	14	13	0	0	0	0	17	0	0	0	0	0	0	0	12	0	0	0	0	0	0	0	15	0	0	0	0	0	10	14	0	0	13	0	0	0	0	0	0	0	0	0	0	0	0	0	0	0	0	0	0	0	0	7	0	16	0	0	0	0	0	0	0	0	0	0	0	0	0	0	0	0	11	0	0	0	0	0	0	16	17	0	12	0	0	0	0	7	0	0	0	0	11	0	0	0	0	0	25	19	69	0	0	0	0	0	0	0	0	0	0	0	0	0	0	13	0	0	14	0	0	0	0	0	0	0	0	0	0	0	0	0	0	12	0	0	0	11	15	9	0	0	13	23	0	0	0	15	0	0	0	0	0	0	0	0	0	0	0	0	0	0	18	0	0	0	0	0	0	0	15	0	0	0	0	0	0	5	0	0	0	0	0	20	0	13	10	0	13	0	13	0	0	0	12	13	0	0	0	0	0	0	0	0	0	0	0	0	0	15	0	22	14	8	0	0	18	5	13	0	0	0	0	0	0	0	0	0	0	13	0	6	0	0	0	0	0	0	0	0	0	8	0	0	0	0	0	0	0	0	13	8	15	0	26	0	0	0	0	11	8	0	14	6	23	14	0	13	0	0	0	0	16	0	0	0	0	0	0	0	0	0	0	0	0	0	0	0	0	11	0	0	0	15	8	0	0	0	0	0	0	0	0	0	0	30	16	15	0	0	0	0	7	0	9	0	0	0	10	0	0	0	0	19	0	0	0	0	0	0	0	0	11	0	0	0	0	0	0	0	0	0	0	0	0	0	0	0	16	0	0	0	0	13	9	0	0	11	0	0	0	0	0	0	6	8	0	0	8	0	39	10	0	0	26	25	14	32	15	0	0	0	0	0	0	12	0	0	15
0	0	0	0	0	0	10	0	15	0	0	0	0	0	0	0	0	0	0	0	0	0	0	9	0	0	0	0	0	0	0	16	0	0	0	0	0	0	0	0	0	0	0	11	16	0	0	0	0	0	14	17	0	0	17	0	0	0	0	0	0	0	0	0	0	0	0	0	0	0	0	7	14	0	0	0	0	0	0	0	0	19	0	0	0	0	8	13	0	0	0	0	14	12	0	0	10	0	0	0	0	0	0	0	0	0	0	0	0	0	0	0	0	0	0	0	0	0	0	0	0	0	0	0	16	9	0	16	0	0	0	0	0	0	0	0	12	0	0	0	0	0	0	0	0	13	0	0	0	0	0	0	0	0	0	20	0	0	0	14	0	10	15	13	7	14	0	16	0	0	0	0	0	0	0	0	0	0	0	0	0	17	0	0	0	0	0	0	0	0	0	0	0	0	0	0	8	0	0	0	0	0	12	15	5	0	0	0	0	0	26	16	0	12	0	0	0	0	0	11	15	9	28	0	0	0	8	12	0	0	0	17	0	0	0	0	15	0	11	0	0	9	0	0	0	0	0	0	0	11	0	15	9	0	0	0	0	0	0	0	0	0	11	0	0	7	0	0	0	0	0	0	0	0	0	0	10	17	0	0	0	0	0	0	0	0	0	0	0	0	0	0	0	0	0	0	0	0	0	0	0	0	0	0	0	0	0	0	7	14	0	13	0	0	0	0	0	9	0	0	0	0	0	12	0	0	0	0	0	0	0	9	0	0	14	0	15	0	0	0	9	12	0	0	0	0	0	0	0	0	0	0	17	0	10	0	0	0	0	0	30	0	0	0	0	0	0	0	0	0	0	0	0	0	15	5	0	29	0	0	0	0	0	0	4	8	0	0	0	0	0	0	0	14	0	18	0	0	0	0	0	0	0	0	15	0	0	0	0	0	0	0	0	17	0	0	0	0	0	0	0	0	0	3	15	0	16	14	29	0	0	0	0	0	0	11	0	0	0	0	0	0	0	15	0	0	0	0	0	0	0	0	0	0	0	0	15	0	17	0	0	12	0	0	0	0	13	9	0	0	0	0	0	13	0	0	0	0	0	0	11	0	0	0	0	0	0	0	8	0	0	0	0	0	0	0	0	18	0	0	0	9	17	18	13	0	0	0	0	0	0	0
0	0	0	0	0	0	15	0	0	0	0	0	0	0	0	0	0	0	0	0	9	16	8	31	15	0	0	0	0	0	0	0	0	0	11	0	0	0	0	0	0	0	0	11	0	0	0	0	0	0	10	0	0	11	0	0	0	0	0	0	0	0	0	0	0	0	0	0	0	0	17	0	0	0	0	16	25	0	0	0	3	0	15	0	0	0	17	0	24	0	0	0	0	0	0	0	0	0	0	0	0	0	0	0	0	0	0	0	0	0	0	0	0	0	0	0	0	0	0	0	12	0	0	16	0	8	8	0	0	0	0	0	22	12	6	15	0	0	15	11	0	0	0	0	0	0	11	0	0	0	0	0	0	0	0	0	0	0	16	30	18	0	0	13	2	0	0	6	0	0	0	13	15	0	0	0	0	0	0	0	0	8	0	0	0	0	0	0	0	0	0	16	0	12	0	18	0	0	0	8	0	0	0	0	0	17	10	0	0	15	10	0	0	13	0	13	0	0	0	0	12	23	36	25	0	0	6	11	0	0	0	13	0	0	0	0	0	0	0	10	0	0	0	0	0	17	0	0	0	0	0	0	16	0	0	16	0	0	0	0	13	0	16	0	0	0	0	0	0	18	0	0	0	0	31	0	0	0	0	0	0	0	0	0	0	6	0	0	0	0	0	0	0	0	0	0	0	0	0	0	0	0	6	0	13	0	17	0	13	0	0	0	0	0	0	0	0	0	0	16	0	0	0	14	0	0	0	0	0	0	0	0	11	0	0	0	0	0	0	0	13	21	0	0	0	0	0	12	0	14	0	0	0	0	0	0	0	0	13	0	22	0	0	0	0	0	0	0	17	0	0	0	0	0	0	0	12	0	0	0	0	0	0	0	12	13	0	0	0	0	0	0	0	0	0	0	0	0	0	0	0	0	14	11	0	0	0	0	0	0	0	0	0	0	0	0	0	0	0	0	0	0	16	0	16	17	15	0	0	0	0	0	0	0	0	0	0	0	14	0	0	0	0	0	0	0	0	0	0	0	0	0	12	0	0	0	0	0	15	31	0	0	0	0	0	0	14	0	0	0	0	0	0	0	0	0	0	0	15	16	0	0	0	0	0	0	0	0	0	0	0	8	10	0	0	0	0	0	0	0	0	0	0	20	23	18	33	0	0	0	0	0
0	0	0	0	0	0	0	0	0	0	0	0	0	0	17	14	0	0	0	0	0	0	14	0	30	0	0	8	14	0	0	0	0	0	3	0	0	0	0	0	0	0	0	0	0	0	0	0	0	0	13	0	0	0	17	0	0	14	0	0	0	0	0	0	0	12	0	0	0	0	0	0	0	0	0	12	12	0	0	0	0	0	0	16	0	0	0	0	0	0	0	0	0	0	0	0	0	0	0	0	0	0	0	0	0	0	0	0	0	0	0	0	0	0	0	8	0	0	0	0	0	0	0	15	0	0	0	0	19	0	17	0	13	12	2	0	0	17	0	17	0	0	0	0	0	0	0	0	0	0	0	0	0	0	0	0	13	0	0	0	5	0	0	0	0	0	0	21	25	0	16	0	0	15	14	0	0	0	0	0	0	0	17	0	0	0	17	0	0	0	0	0	0	0	0	0	0	0	0	5	0	0	18	0	0	0	0	0	0	0	0	9	0	14	0	0	0	16	0	0	0	11	21	0	0	0	16	7	0	0	0	0	0	0	0	0	21	0	0	0	0	0	0	0	0	0	0	0	19	0	0	34	0	0	0	0	0	0	0	0	0	0	0	0	0	0	0	0	0	0	0	0	10	0	6	9	0	0	0	0	0	0	0	0	0	14	0	0	0	0	0	0	6	17	0	0	0	0	0	0	0	0	0	0	12	11	0	0	0	0	0	11	0	0	0	0	0	0	10	19	0	0	0	12	13	0	0	0	14	0	5	0	0	0	0	0	0	0	0	14	14	22	12	0	0	0	4	10	17	7	30	0	0	0	0	0	9	0	0	0	12	0	0	0	8	0	0	0	0	7	0	0	0	0	0	0	0	0	0	0	0	0	0	0	0	0	0	0	0	0	0	0	0	0	0	9	0	0	0	0	15	0	0	19	0	17	0	0	0	0	0	12	0	0	0	0	0	0	0	0	0	10	29	17	0	0	0	0	0	0	0	0	0	0	0	0	0	0	0	0	0	0	0	0	0	0	0	0	0	0	0	0	0	0	0	0	0	0	0	7	0	0	0	0	0	0	0	0	0	0	0	0	0	0	0	0	0	0	0	16	0	32	9	0	0	0	0	0	0	0	0	0	0	0	0	0	0	0	0	0	17	0	0	13	0	0	17	16	14	0	0	13
0	0	8	12	17	0	0	18	0	0	4	0	0	0	0	0	0	0	0	0	0	0	0	0	0	0	0	0	0	0	9	0	0	0	0	11	0	0	0	0	0	0	0	0	18	0	0	0	0	0	0	0	0	0	0	0	0	14	0	0	0	0	0	15	0	0	0	0	0	0	0	0	0	16	17	14	0	0	0	0	0	0	0	0	0	0	0	0	0	0	0	0	0	0	15	0	0	0	0	0	0	0	11	0	0	0	0	0	0	0	0	0	0	0	0	9	25	5	0	0	0	0	0	0	0	16	0	0	0	0	0	0	0	0	0	0	0	9	0	11	0	0	0	0	17	0	0	0	14	9	0	0	0	0	0	0	0	0	0	17	0	9	7	0	0	0	17	6	0	0	0	0	0	0	14	0	16	0	0	0	0	0	0	0	0	0	5	4	0	0	0	0	13	11	0	0	0	0	0	9	0	0	8	13	23	13	0	0	0	0	0	0	0	9	0	0	0	0	0	0	0	0	14	24	0	0	0	0	0	0	11	0	0	0	0	27	31	0	0	10	0	12	18	0	0	0	0	11	12	0	0	0	0	17	0	0	0	0	16	0	0	0	0	0	10	0	0	0	0	0	0	0	0	0	0	14	0	0	0	0	0	0	0	0	0	0	7	0	0	0	0	15	16	0	0	0	13	13	0	16	0	0	0	0	0	0	17	0	0	0	0	16	0	0	0	0	0	0	22	12	0	0	0	0	0	17	0	0	0	17	12	0	0	0	0	0	13	18	15	30	15	13	0	0	0	0	0	0	0	0	0	0	0	0	19	0	17	0	0	0	0	0	11	0	0	0	17	0	0	16	0	0	10	0	0	18	1	0	12	3	0	0	0	0	0	0	0	0	0	0	0	0	17	0	3	0	0	14	10	16	15	0	0	0	0	0	10	0	0	0	0	0	0	0	0	0	0	0	0	1	14	14	0	28	27	15	0	0	0	0	0	0	0	0	0	0	0	0	0	0	15	0	0	0	0	0	0	9	12	0	0	0	0	0	0	0	14	8	0	0	0	0	0	0	0	0	0	0	0	15	12	0	0	0	0	9	0	0	0	0	18	0	0	0	0	14	15	0	0	0	0	17	5	9	0	8	19	0	0	0	0	0	0	0	0	0	0	0	4	17	16	22
0	0	0	0	15	0	0	0	0	0	15	0	0	0	0	0	0	0	0	0	0	0	0	0	0	0	0	0	0	0	0	0	0	0	0	0	0	0	0	0	0	0	0	0	0	0	18	0	10	0	8	0	0	0	0	0	0	0	0	0	0	0	0	0	0	0	0	0	0	0	0	0	0	0	14	21	0	0	0	0	0	12	0	0	0	0	0	0	0	0	0	0	0	0	12	0	0	0	16	0	0	0	0	0	0	0	0	0	0	0	0	0	0	0	0	0	0	15	0	0	0	0	0	10	0	0	0	0	0	19	16	0	0	0	6	16	0	0	0	14	0	0	0	0	0	0	0	0	0	0	0	0	0	0	0	0	17	0	0	0	0	0	5	0	0	0	17	0	0	0	0	0	0	0	0	0	0	0	0	17	0	0	0	11	0	0	0	0	0	11	0	12	0	0	21	0	14	11	8	16	0	0	0	0	0	0	0	0	19	0	0	0	0	17	0	0	0	6	0	0	0	0	0	19	0	0	0	0	0	0	0	0	0	0	26	24	0	7	0	0	0	0	0	0	0	0	0	0	0	15	0	0	9	0	0	0	0	0	0	0	0	0	0	0	14	0	0	0	0	0	0	0	0	0	0	24	0	0	0	0	0	17	0	0	0	0	32	0	0	17	0	0	0	15	0	0	0	0	0	0	0	0	0	0	0	0	0	0	0	0	0	0	0	16	0	0	0	11	32	0	0	11	0	0	0	0	9	16	0	0	0	0	0	15	0	11	39	25	21	51	14	12	0	0	0	0	0	0	0	0	13	0	0	0	0	0	0	0	9	12	0	0	4	0	0	0	0	0	0	0	8	0	0	35	0	12	9	0	26	0	22	45	37	7	16	0	0	18	0	0	12	8	0	8	5	0	0	0	0	0	0	0	0	11	0	0	11	0	0	0	0	0	0	0	0	17	0	25	14	16	0	0	0	0	0	0	0	0	0	0	0	0	0	0	0	0	0	0	0	0	13	0	0	0	0	8	0	0	0	0	0	52	0	0	36	0	0	0	0	0	0	0	0	0	0	0	0	0	0	0	0	0	0	0	0	0	0	0	0	0	16	12	0	0	0	14	14	12	0	0	17	0	0	0	0	11	12	15	0	0	0	0	0	0	0	0	0	0	0	0	0	26
10	0	26	10	11	0	0	0	0	0	0	0	0	0	0	0	0	0	0	0	0	10	0	17	12	0	0	0	0	0	0	0	0	0	0	0	0	0	0	0	0	0	0	0	15	12	9	0	0	0	0	0	0	0	0	0	0	0	0	17	0	0	0	0	16	0	0	15	0	22	16	0	0	0	0	0	0	0	0	24	21	25	11	0	0	0	11	0	0	0	0	0	0	0	0	0	0	0	9	0	0	11	0	0	0	13	0	0	0	0	0	0	14	9	0	0	0	0	0	0	0	0	0	0	8	18	0	0	0	0	0	0	0	0	0	0	0	17	0	0	11	0	0	18	0	0	0	0	0	0	0	0	0	0	4	15	0	0	0	0	0	0	0	0	11	0	0	10	0	0	0	0	0	0	0	0	0	0	8	0	0	0	0	0	0	16	0	12	0	0	0	10	0	0	17	0	23	13	0	0	0	0	0	0	0	0	0	0	17	0	0	0	14	7	0	0	0	0	0	0	17	11	14	18	0	0	0	14	6	0	0	0	0	0	0	0	0	0	0	0	0	0	0	13	16	0	12	0	0	0	0	0	10	0	0	12	0	0	0	0	0	0	0	0	0	0	13	0	13	12	0	0	0	0	0	8	16	0	9	8	0	19	0	17	0	0	0	0	33	15	0	10	0	7	15	0	0	0	12	9	0	0	0	0	0	0	14	10	28	0	15	10	0	0	0	0	0	0	0	0	0	0	11	0	18	0	0	0	0	17	18	16	0	0	0	0	5	0	11	19	8	31	26	0	13	0	0	0	0	0	16	0	0	11	0	0	0	0	0	7	0	0	0	0	0	0	0	0	0	0	0	0	17	0	0	0	16	0	9	6	0	0	14	16	0	14	0	0	0	0	27	0	0	14	0	0	15	0	7	14	0	0	0	0	0	0	0	0	0	0	0	12	0	0	0	10	16	14	0	0	0	0	20	11	0	0	0	0	0	0	0	0	0	0	0	21	0	0	0	0	0	0	0	0	4	15	17	0	17	0	0	38	0	0	7	0	0	7	0	0	0	0	0	0	0	0	0	0	0	0	0	0	7	0	0	0	0	0	0	0	0	0	11	0	0	0	0	0	0	0	8	9	0	0	0	0	0	15	0	0	0	0	11	0	0	0	0	0	0	0	0	0
0	11	19	10	0	0	0	0	0	0	0	0	0	0	16	0	0	0	0	0	16	0	0	0	0	0	0	0	0	0	0	0	0	0	0	0	0	16	0	0	0	0	0	10	0	12	19	13	33	18	15	16	15	26	18	16	18	16	17	16	17	0	0	0	0	0	0	16	6	10	0	17	0	0	0	0	0	0	0	21	20	0	0	0	0	0	0	0	0	0	0	13	11	0	0	0	0	0	0	0	0	24	9	0	5	14	0	0	0	0	0	0	0	0	0	0	0	0	0	0	0	0	0	0	0	14	0	15	0	0	0	0	0	15	0	0	0	0	0	0	0	0	10	0	0	0	0	0	0	0	0	0	18	19	27	0	0	8	0	0	0	0	0	0	0	0	0	11	0	0	0	16	0	0	0	0	0	0	16	9	0	0	0	0	0	0	0	0	0	0	0	0	0	0	0	0	14	0	0	0	0	0	0	0	0	0	11	0	0	0	0	16	5	14	8	8	0	12	15	0	0	0	6	15	0	0	0	0	0	0	0	0	0	0	0	0	0	0	0	0	0	0	19	0	0	0	0	18	9	0	0	0	0	0	0	12	0	0	0	0	9	0	0	0	32	0	11	11	0	0	0	11	0	0	0	0	0	0	10	12	0	0	0	0	0	0	0	0	0	12	0	17	0	0	0	0	0	0	0	0	0	0	0	0	0	0	0	16	14	0	0	0	11	0	0	0	0	0	2	0	0	0	0	0	0	0	0	0	0	0	0	0	0	12	0	0	0	0	16	22	0	0	0	12	0	11	0	0	0	0	0	0	0	0	0	0	0	0	0	0	0	0	0	17	12	0	0	0	0	0	0	0	0	0	0	0	0	0	0	14	0	0	0	0	0	0	0	10	0	6	10	14	15	0	0	0	10	0	0	0	12	5	0	0	17	0	10	6	0	0	9	0	0	0	10	0	0	0	0	0	0	0	0	0	0	16	9	11	0	0	0	0	10	0	0	0	0	0	0	0	0	0	0	0	14	6	0	13	0	0	0	0	0	0	0	0	0	13	9	0	0	0	0	0	0	0	0	0	0	0	16	0	0	11	0	11	11	0	0	0	0	0	15	0	0	0	0	0	0	0	0	0	0	0	0	0	0	0	0	0	0	0	0	0	0	0	0	0	0	0	0	0
0	0	19	0	16	0	0	0	0	0	0	0	0	0	0	0	0	0	0	0	0	18	0	0	15	5	0	0	0	17	0	0	0	0	0	0	0	0	0	0	0	0	5	17	0	0	0	10	0	0	0	0	0	0	12	0	0	0	0	0	0	0	0	12	0	0	14	0	0	0	0	0	0	0	0	0	0	0	0	8	6	12	0	0	0	0	0	0	0	0	0	0	0	0	0	0	6	0	0	0	0	6	9	0	0	17	7	0	0	16	0	0	0	0	0	10	0	0	0	16	0	0	0	0	0	0	0	7	0	0	0	0	0	0	34	0	18	0	0	0	0	0	0	0	0	0	0	0	0	0	0	18	15	0	17	0	0	0	0	0	0	0	0	0	0	0	13	11	0	0	0	0	11	0	0	0	16	0	0	0	13	0	0	0	0	0	0	0	0	11	0	0	0	16	0	0	0	5	7	0	0	0	0	0	0	0	14	0	0	0	0	0	0	0	0	0	0	18	13	0	0	0	26	29	0	0	0	0	0	0	0	0	0	0	0	18	0	0	0	0	0	0	14	10	20	26	0	0	0	12	0	15	0	0	0	0	0	0	0	0	0	0	0	0	10	0	0	9	0	0	0	0	0	0	0	0	0	0	0	0	0	0	0	0	14	0	12	12	0	0	0	0	0	0	0	0	0	0	0	7	0	0	0	17	14	11	0	0	0	0	17	0	0	19	0	0	11	13	7	0	0	0	6	0	0	9	0	0	0	0	0	0	0	0	0	0	0	0	0	0	0	0	0	16	0	0	0	0	0	0	0	0	0	0	0	0	0	0	0	0	0	0	0	0	0	0	0	0	0	0	0	15	0	0	0	0	0	13	9	0	0	0	16	0	0	0	0	0	0	0	0	0	0	0	0	0	17	0	11	0	8	0	0	0	0	0	15	0	0	0	0	0	0	0	0	0	0	0	0	0	0	0	7	0	0	12	0	0	0	0	0	0	10	0	11	14	0	0	0	16	0	0	0	0	0	0	0	16	0	0	0	0	0	0	0	0	0	33	0	0	0	0	0	0	0	0	0	0	0	0	0	17	0	0	0	0	0	0	0	0	0	0	0	0	10	0	0	0	0	0	0	0	0	0	0	16	0	0	0	0	0	0	16	0	0	0	14	0	0	0	0	0
0	0	17	0	0	0	0	0	0	0	0	0	0	0	0	0	0	0	0	0	0	13	0	0	0	15	12	0	0	0	0	0	0	0	0	0	0	13	15	0	0	0	0	0	0	0	0	0	0	0	13	0	0	15	14	0	0	0	0	11	0	0	0	0	0	0	0	16	7	16	15	0	0	16	0	0	0	0	0	11	0	15	3	34	16	0	0	0	11	0	0	0	0	0	13	11	16	0	0	0	14	0	0	0	0	0	7	0	0	0	0	0	0	0	0	15	0	17	10	0	0	0	0	0	0	0	0	0	0	0	0	0	0	0	0	18	11	30	0	11	0	0	0	17	0	16	10	0	0	0	0	0	0	0	0	0	0	8	0	0	0	0	0	0	0	0	0	0	0	0	0	18	0	0	0	17	0	0	0	0	0	0	0	0	13	15	15	8	0	0	0	13	0	13	0	0	0	0	0	0	0	0	0	0	29	0	0	0	0	0	0	0	0	0	0	0	16	0	0	0	0	0	10	0	14	0	0	0	0	10	0	0	0	0	0	0	0	0	15	28	0	0	0	0	0	0	0	0	0	0	0	0	0	0	0	0	0	0	0	0	0	0	0	0	0	0	0	16	0	0	0	0	0	0	0	0	17	0	0	0	0	0	0	0	10	0	0	15	9	0	0	7	14	0	0	0	0	0	8	0	0	0	12	0	0	0	0	0	0	0	0	0	0	0	0	0	0	0	14	0	10	0	15	0	0	0	0	11	0	0	0	0	0	0	0	0	0	0	0	17	0	0	0	10	0	0	0	0	0	0	0	0	0	0	18	0	0	0	8	0	0	0	0	7	0	0	0	0	0	0	0	29	0	0	0	0	9	0	0	0	0	0	0	0	0	6	0	0	0	0	16	5	0	0	0	0	0	0	7	0	0	0	0	0	16	0	0	16	0	0	0	0	0	0	0	0	0	0	0	0	0	0	0	0	0	15	0	0	0	11	16	0	19	13	8	15	0	12	12	0	0	0	0	0	0	0	0	0	14	0	0	9	0	0	0	16	6	0	0	0	0	0	15	0	0	0	0	0	0	0	0	0	0	0	0	0	0	0	0	0	0	0	0	0	0	0	16	16	0	0	12	15	0	0	0	15	12	0	0	0	0	0	0	0	0	0	0	12	0	0	0	0
0	0	0	0	0	0	0	0	0	15	0	27	0	0	0	0	0	0	13	0	0	0	0	0	0	0	0	0	0	0	0	0	0	0	0	0	0	0	18	0	0	11	0	0	0	18	14	0	0	0	0	0	0	0	0	0	0	0	0	0	0	0	0	0	0	0	0	16	10	0	0	0	0	0	0	0	0	0	0	0	0	0	0	7	21	0	12	0	0	0	0	0	0	0	0	0	0	0	0	0	12	17	14	34	29	35	29	16	0	0	0	0	0	0	0	0	6	0	0	0	0	0	11	29	20	0	0	0	0	0	0	0	0	0	0	20	18	30	0	27	0	0	0	0	0	15	0	0	0	11	0	0	1	0	0	0	0	16	0	0	0	0	0	17	8	18	0	11	12	11	0	0	22	14	0	0	0	0	0	0	0	0	0	0	0	0	0	16	0	0	0	0	0	0	0	0	0	0	0	0	0	0	0	13	26	0	0	0	0	10	0	0	0	0	0	18	0	0	0	0	6	0	0	0	0	0	0	17	0	35	0	0	0	0	0	0	0	0	0	0	0	0	0	0	0	0	0	0	0	0	0	0	0	0	0	0	0	0	0	0	0	0	0	16	0	0	7	0	0	6	15	0	0	0	0	0	0	0	0	0	0	0	0	0	12	11	0	0	0	0	0	0	5	0	0	0	0	0	0	0	0	0	0	0	0	0	18	0	0	0	0	0	16	0	0	0	13	9	0	0	0	0	0	0	0	0	0	0	0	0	0	0	0	0	0	0	0	0	18	0	0	0	14	25	0	0	17	0	11	13	0	18	0	0	0	0	0	0	10	0	11	15	15	21	5	0	0	0	0	0	0	0	0	10	0	0	0	0	0	11	0	0	0	0	0	12	0	0	0	0	0	0	0	9	0	0	0	0	0	0	0	0	9	0	8	0	0	0	0	0	0	0	0	0	0	0	0	0	0	6	0	0	0	0	0	0	0	0	0	0	0	0	11	23	16	0	16	20	47	0	0	0	0	0	0	17	0	0	0	0	0	15	0	0	0	0	0	0	0	0	0	0	0	0	9	13	16	0	0	0	0	0	0	0	0	0	0	0	0	0	0	0	0	11	0	16	0	0	0	0	0	0	16	4	0	0	0	10	15	11	0	0	0	0	0	0	0	0	0	0	0	0
0	0	0	0	0	0	0	0	0	0	0	16	0	0	18	0	0	0	13	0	0	0	0	9	0	0	15	0	0	0	0	0	0	17	0	9	0	0	9	0	0	11	0	0	0	0	11	0	0	0	0	0	0	0	0	0	0	0	0	0	0	0	0	0	0	0	0	0	0	0	18	0	0	18	0	0	0	0	0	4	0	13	0	0	0	0	0	0	0	0	0	0	0	0	0	11	0	0	0	0	0	0	0	11	0	20	12	8	0	0	17	0	0	0	0	17	6	0	0	0	0	0	13	0	0	0	0	0	16	0	0	0	0	0	0	0	14	8	0	15	0	0	0	0	0	0	0	17	0	0	0	0	0	0	0	0	13	0	0	0	0	0	0	0	13	0	0	0	0	0	0	0	0	0	0	0	0	0	0	13	0	0	25	0	0	0	0	0	0	0	0	10	0	0	0	0	0	0	33	0	0	15	0	0	0	0	0	0	0	14	0	0	0	0	0	0	0	18	0	0	0	0	0	0	0	0	0	0	0	0	0	0	0	0	0	0	0	0	0	8	0	0	17	18	0	0	0	0	0	0	0	0	0	20	0	0	0	16	0	0	0	0	0	0	10	27	14	0	0	12	15	0	0	0	0	0	0	0	0	0	0	0	0	0	0	0	0	0	10	0	0	0	0	0	0	0	0	0	0	17	9	14	0	14	0	0	0	0	0	0	0	0	0	10	6	0	8	15	0	0	0	0	0	0	0	0	0	0	0	0	0	0	0	0	14	16	12	0	0	0	0	0	0	0	0	0	0	0	0	0	0	0	0	0	0	9	0	0	0	0	0	0	0	16	0	0	0	0	15	0	1	2	3	3	1	0	0	17	0	11	14	0	13	0	0	0	0	12	0	0	0	0	0	0	12	14	0	0	0	0	0	0	0	0	0	0	0	0	13	20	0	0	10	0	0	0	17	14	26	14	0	11	0	0	0	0	0	0	27	0	0	0	0	0	0	0	0	0	0	0	0	19	14	0	0	0	0	0	0	0	0	0	0	16	0	0	0	16	0	0	0	0	0	0	5	2	0	0	0	0	0	0	0	0	0	0	0	0	0	0	0	0	0	0	0	0	0	0	0	0	0	0	17	0	0	0	0	0	10	0	0	0	0	0	0	0	0	0	0	0	0	0
0	0	0	0	0	0	0	0	16	0	0	0	15	0	0	0	0	0	0	10	0	0	0	26	0	0	15	0	0	0	8	14	0	0	0	0	14	0	0	0	0	0	0	0	0	0	0	0	0	0	0	16	0	0	0	0	0	0	0	0	0	17	7	0	0	0	15	0	0	0	0	15	8	0	0	14	10	0	6	13	0	5	0	0	0	0	18	0	0	0	0	0	0	0	7	15	0	0	0	0	0	8	0	0	0	0	0	8	14	0	0	9	0	0	0	0	0	0	0	0	0	4	15	0	0	0	0	0	0	0	0	0	12	0	0	0	0	0	0	0	0	0	0	0	0	0	0	0	0	0	0	0	0	0	0	0	0	0	9	0	0	0	0	0	0	0	0	0	0	0	0	0	0	11	0	0	0	0	0	8	0	0	0	0	0	0	0	0	0	0	6	3	0	0	0	0	0	0	0	0	10	0	0	0	17	0	0	0	0	0	0	0	0	0	0	6	0	0	0	0	0	0	0	0	0	0	0	0	14	15	21	0	0	0	0	0	15	13	16	0	0	0	6	16	16	0	0	0	0	0	0	0	0	0	0	0	0	0	0	0	14	14	0	0	0	0	0	0	0	0	0	0	0	0	15	10	0	0	0	0	0	0	0	0	0	0	0	0	0	0	0	0	0	0	0	0	0	0	0	0	0	0	0	22	13	0	0	0	9	13	0	0	0	0	11	0	0	4	0	0	0	0	0	0	0	0	0	0	0	0	0	11	16	33	0	0	0	0	0	0	0	17	0	0	11	0	0	17	0	0	0	0	0	14	0	0	0	0	15	13	0	0	0	0	0	0	0	0	0	3	3	12	3	4	4	2	0	0	0	0	0	0	13	0	0	0	0	0	0	0	0	0	16	0	0	0	0	0	0	15	15	0	0	0	0	0	0	0	0	0	0	0	0	0	0	0	0	0	10	0	15	15	0	0	0	0	8	16	0	0	0	0	0	0	0	0	0	0	0	7	0	0	0	0	0	0	0	0	0	0	0	0	0	0	0	0	0	0	0	0	0	0	0	0	0	0	0	0	0	0	0	0	0	0	18	0	13	0	31	54	10	0	0	0	0	0	0	0	0	0	0	0	0	0	0	0	0	0	0	0	10	0	0	0	0	7	9	0	14	0	0	0
0	0	0	0	0	0	0	0	16	0	0	0	0	17	0	0	0	0	12	13	0	0	0	15	0	0	0	0	0	11	28	0	0	0	0	0	0	0	0	0	28	13	0	0	16	0	0	0	0	0	0	13	16	0	0	9	0	0	0	0	0	0	0	0	0	0	0	0	11	14	0	0	0	0	0	15	0	0	0	0	0	0	0	0	9	9	8	0	0	0	9	0	0	10	0	0	0	0	0	0	0	0	0	0	0	0	0	0	0	0	0	0	12	18	0	0	0	0	0	0	0	0	8	0	0	0	0	0	0	12	0	0	0	0	0	0	0	0	0	15	0	0	0	0	0	0	0	0	0	0	0	0	8	17	0	0	0	0	16	0	0	0	0	0	0	0	0	0	0	0	0	0	0	0	0	0	0	0	0	17	0	0	0	0	10	0	0	0	0	0	0	18	0	0	12	11	0	0	14	4	0	0	0	0	0	0	0	0	0	0	0	0	14	13	14	23	14	0	0	0	0	0	0	0	0	3	15	0	0	0	15	0	0	0	0	0	0	0	0	0	0	0	0	9	0	0	0	0	0	0	0	16	0	0	0	0	0	0	0	0	0	0	0	0	0	0	18	0	0	17	0	14	14	0	0	0	0	0	0	0	0	0	0	0	0	0	0	0	0	0	0	0	12	0	10	0	0	0	0	0	0	10	0	0	0	0	0	0	0	0	0	0	0	0	0	0	0	0	0	0	0	0	0	0	0	16	2	0	10	0	0	0	0	0	0	0	0	0	0	0	8	13	0	0	0	0	16	9	0	0	0	0	0	0	0	0	0	0	7	8	0	0	35	0	0	0	0	0	12	12	4	5	14	8	4	3	3	0	0	0	8	0	0	0	0	0	0	0	0	0	0	0	0	0	0	0	0	0	0	0	0	0	0	0	0	0	0	0	0	0	13	0	0	0	0	0	0	0	5	0	10	0	0	0	0	0	0	0	0	0	0	17	0	0	0	0	0	0	0	9	0	0	0	0	0	0	0	14	0	0	0	0	0	0	0	15	23	0	0	0	0	17	0	0	0	0	9	0	0	0	0	0	0	0	0	0	0	0	18	32	8	0	0	0	0	0	0	0	0	0	8	0	0	0	0	0	0	0	9	0	0	0	0	0	16	30	0	0	13	0	0	0
0	0	0	0	0	0	14	0	17	0	0	0	0	11	0	29	0	0	11	8	0	0	0	0	0	0	0	0	0	0	0	0	17	0	0	0	0	0	11	0	0	0	0	0	16	0	0	0	0	0	13	28	0	0	0	30	0	0	10	13	0	0	15	0	0	0	0	0	0	0	12	0	0	0	0	10	0	0	0	0	0	0	0	0	0	0	0	0	16	10	15	0	14	13	0	0	0	0	0	0	0	0	0	0	8	0	0	0	0	0	0	0	16	0	0	0	0	0	0	0	0	0	0	0	12	16	0	0	0	0	0	0	0	3	0	0	0	0	16	0	0	0	0	0	0	0	0	0	0	0	0	0	0	0	0	0	0	0	0	0	0	0	19	0	0	0	0	0	0	0	0	0	0	0	0	0	0	0	11	0	0	8	6	0	0	0	0	0	0	0	0	0	0	0	0	0	0	30	13	0	0	18	0	0	0	0	11	0	15	0	0	10	0	0	0	0	0	0	11	0	0	11	0	10	0	17	0	0	0	0	0	0	0	12	0	0	0	0	0	0	16	0	0	14	0	0	0	0	0	18	14	0	0	0	0	0	0	0	0	0	12	11	15	0	0	0	0	0	0	12	10	17	0	0	0	0	0	0	0	0	0	0	0	0	0	0	0	0	0	0	0	18	0	0	0	0	0	0	0	0	0	0	0	0	0	13	0	0	0	0	0	0	0	0	0	0	0	0	16	0	0	0	0	0	0	0	0	0	0	0	0	0	0	0	0	0	0	0	0	0	0	0	0	18	0	0	6	0	0	0	0	0	0	0	0	0	0	0	0	7	13	0	0	0	0	0	0	0	15	17	5	70	185	107	10	4	3	12	0	0	0	0	0	0	0	15	0	0	0	0	0	0	10	0	0	0	0	0	0	0	0	0	0	0	0	0	0	0	0	0	10	0	20	0	0	0	0	0	44	22	0	0	0	0	0	0	0	0	0	22	0	10	0	0	15	24	0	0	0	0	11	0	0	0	0	0	0	0	0	0	0	0	0	0	0	0	0	0	0	0	0	0	0	0	0	0	33	9	0	0	0	0	0	0	0	0	0	0	0	5	22	0	0	0	0	0	0	0	0	0	0	0	0	0	0	0	0	0	0	0	0	0	0	0	25	1	0	0	0	0	0	0
0	0	0	0	0	0	0	0	17	0	0	0	0	0	0	0	0	13	11	0	0	0	0	0	0	0	0	0	0	0	0	18	0	16	37	0	0	0	30	15	0	0	0	0	15	0	0	0	0	0	0	0	0	15	0	15	0	0	0	0	0	0	0	0	0	0	0	0	0	0	0	0	0	0	0	0	0	0	0	0	0	0	0	0	16	11	0	0	11	0	0	0	0	0	0	13	16	0	0	0	0	0	0	0	0	0	0	13	0	7	13	0	0	0	15	11	0	17	0	0	0	0	0	0	0	0	0	11	0	0	0	0	0	13	0	0	0	0	0	0	0	0	0	0	0	0	0	0	0	0	0	10	0	0	17	0	0	0	0	0	0	14	11	0	0	0	0	0	0	0	19	0	0	0	0	0	0	0	29	0	0	0	0	31	24	22	6	0	5	0	0	0	0	0	0	0	0	12	0	0	0	0	0	0	0	0	0	0	0	0	0	0	0	0	0	0	0	0	0	0	0	0	0	0	0	8	0	0	13	0	0	0	0	0	19	0	0	15	0	0	11	0	0	17	0	0	0	0	0	0	13	0	0	0	0	0	0	16	0	0	0	0	0	0	0	0	0	0	0	0	0	0	0	0	0	0	7	0	0	0	10	14	0	0	0	0	0	0	0	0	0	0	0	0	0	0	0	0	0	13	0	0	0	0	0	0	13	0	8	16	0	0	0	0	12	12	0	0	0	0	0	0	0	0	0	0	0	0	0	0	0	13	0	0	0	0	0	0	0	32	0	0	16	0	0	0	0	0	0	0	0	18	0	0	0	0	0	0	0	0	0	0	0	0	11	0	0	0	3	18	12	212	930	417	26	3	21	2	0	0	0	0	0	0	0	0	0	0	0	0	0	0	0	0	0	0	11	0	0	0	0	0	0	0	0	14	0	0	0	0	0	0	15	0	0	18	9	0	0	0	11	0	16	0	0	0	0	6	0	0	0	0	0	0	0	0	0	0	0	0	8	0	0	10	15	0	0	0	0	0	17	0	0	16	0	0	0	18	0	0	0	0	0	0	0	0	0	31	6	0	0	0	0	12	27	14	0	0	0	0	14	13	0	0	0	0	0	0	0	0	0	0	0	0	0	0	0	0	0	0	12	13	0	0	6	4	0	0	0	8	17	0
0	0	0	0	0	0	10	0	0	0	14	0	0	0	0	0	0	29	0	0	0	0	0	0	0	0	0	0	0	0	0	0	18	0	0	0	0	0	0	0	12	0	0	15	0	0	14	0	0	0	0	0	0	15	0	0	0	0	0	0	0	0	0	0	0	0	0	0	0	11	0	0	8	15	0	0	0	0	0	0	0	0	0	0	0	0	0	0	0	0	9	0	18	0	0	15	0	0	0	0	0	0	0	0	0	0	0	0	0	0	0	0	0	0	0	0	0	0	0	18	0	0	8	14	0	0	0	0	0	0	0	0	0	0	15	0	0	0	0	0	0	0	3	0	0	0	0	0	0	0	0	0	0	12	0	0	0	0	0	10	17	0	0	15	0	0	0	0	0	17	0	9	0	16	15	17	0	0	0	0	0	0	0	38	0	0	21	28	16	0	0	0	0	0	0	0	0	16	14	0	13	0	0	0	0	0	0	0	0	0	0	11	0	0	17	0	0	7	0	0	15	0	0	0	12	0	0	0	18	26	0	0	0	0	0	0	0	0	12	0	0	0	0	0	0	0	0	0	0	0	0	0	0	0	0	0	11	0	0	0	0	0	0	0	0	0	0	0	0	0	0	0	0	0	0	0	33	9	0	19	0	0	0	15	14	6	0	8	4	0	0	0	0	0	0	0	0	0	0	16	0	0	0	0	0	0	0	0	0	0	0	0	0	0	11	0	0	0	0	0	0	0	0	0	0	0	0	2	0	0	0	13	0	0	0	0	0	17	0	0	0	0	0	0	0	0	0	0	0	7	9	0	0	0	0	0	0	0	17	15	0	0	0	0	8	0	0	0	2	4	7	100	253	159	16	4	11	0	0	16	0	0	0	15	0	16	18	0	0	0	0	0	0	0	18	9	0	0	10	17	0	0	11	0	0	12	0	0	0	0	0	0	12	0	0	0	0	0	9	0	0	0	0	0	12	7	14	0	0	24	13	0	0	0	0	0	0	0	0	15	11	0	0	0	0	0	0	0	0	0	0	0	0	0	0	0	0	0	0	0	0	0	0	0	0	0	0	0	0	0	0	0	0	0	0	0	0	9	7	0	8	14	0	0	0	0	0	0	0	0	0	0	0	0	0	0	0	0	0	0	0	0	17	0	0	15	0	0	0	16	0	0
0	0	0	0	0	0	0	0	0	0	11	0	0	0	0	0	0	15	0	0	0	0	0	0	0	0	0	0	0	0	0	0	0	0	0	0	0	0	0	0	0	0	0	0	15	0	0	0	0	0	0	0	0	0	0	0	12	0	0	0	0	0	0	0	10	0	0	0	5	31	0	15	11	0	16	0	0	17	0	0	0	0	0	0	0	0	10	0	11	0	18	0	0	0	3	0	0	0	0	0	0	0	0	0	0	0	0	0	0	0	0	0	0	0	0	0	13	0	0	0	0	0	0	0	0	0	0	0	0	12	0	13	30	0	7	0	0	0	0	0	0	0	0	0	0	0	0	0	16	0	0	8	0	14	0	0	0	0	0	0	0	0	0	0	0	0	15	17	0	0	0	12	15	0	13	0	0	0	0	12	22	0	0	0	0	0	0	29	22	0	0	16	0	27	0	0	0	0	1	0	0	0	0	9	46	25	0	0	15	0	0	0	0	30	0	0	9	14	0	0	8	13	16	0	0	0	0	0	28	12	0	0	0	0	0	0	0	0	16	0	0	0	0	0	0	0	13	0	0	0	0	13	0	0	0	0	0	14	0	0	0	0	0	0	0	0	0	13	0	0	0	0	0	0	0	0	0	0	0	0	0	0	0	4	0	0	0	14	11	9	0	0	0	0	0	0	0	0	0	0	0	0	0	0	0	0	0	0	0	13	0	0	0	0	0	0	0	0	0	0	0	0	0	0	0	14	0	0	0	0	0	0	0	6	0	0	0	0	0	12	13	0	0	0	0	0	0	0	32	16	0	12	0	0	0	0	0	0	8	28	19	16	8	0	0	0	0	0	1	3	17	22	24	16	5	3	2	0	0	0	0	0	0	0	0	0	0	0	0	0	0	0	11	0	0	0	0	0	0	0	16	9	0	0	0	0	0	0	0	0	0	0	12	0	0	0	17	0	10	0	14	21	0	0	0	0	0	0	0	17	0	0	0	0	0	0	0	0	0	0	0	0	0	0	11	0	0	0	0	0	0	18	13	0	0	0	0	0	0	0	0	0	11	0	0	17	6	0	8	14	0	0	0	0	0	0	0	0	17	24	16	8	0	0	0	14	0	0	0	0	0	0	0	0	0	0	0	0	0	0	0	11	0	0	0	0	0	0	0	0	0	0
0	0	0	0	0	0	0	0	0	0	0	10	0	0	0	7	0	0	0	0	0	0	15	0	0	10	0	0	9	0	0	0	0	0	0	0	0	0	0	0	0	0	0	0	0	0	0	0	0	0	18	0	0	0	0	0	13	0	0	0	14	0	0	0	0	0	0	0	0	0	0	0	11	0	0	0	14	0	0	0	0	0	0	0	17	0	0	0	0	17	0	0	0	17	14	5	0	10	0	0	0	10	0	0	0	0	0	0	0	10	13	0	0	0	0	29	29	0	0	0	0	0	0	0	0	0	0	0	0	0	0	9	0	0	0	0	0	0	0	17	0	0	0	0	0	0	0	0	0	0	0	0	0	0	0	0	0	0	0	0	0	0	0	8	16	0	0	0	0	0	14	11	2	0	0	0	0	0	0	0	0	14	0	0	0	0	0	17	0	0	0	23	0	15	0	0	12	0	0	0	0	0	0	6	28	0	14	0	0	17	0	0	0	3	0	0	0	0	0	17	0	16	5	18	0	0	0	0	27	13	0	0	0	0	0	0	0	0	0	0	9	0	17	0	0	0	16	0	0	0	0	15	0	0	0	0	14	3	0	0	18	15	0	0	0	0	0	0	0	0	0	0	17	0	0	0	2	0	0	0	0	0	0	0	0	18	0	0	0	0	0	0	0	0	0	0	0	0	0	0	0	0	0	0	0	9	0	0	0	0	21	9	15	10	12	0	0	0	0	18	16	6	0	19	0	0	0	0	0	0	0	0	17	6	14	0	10	0	14	0	0	0	0	0	0	0	0	0	0	17	19	16	0	0	0	16	0	7	10	2	18	0	11	18	22	4	0	0	0	2	3	4	4	4	3	3	0	0	0	0	0	0	0	0	0	0	0	0	0	0	0	0	4	16	0	0	0	10	0	0	0	0	0	0	17	0	0	0	0	0	0	0	0	0	0	0	4	0	0	0	0	10	0	0	0	14	0	0	0	0	0	0	0	0	11	0	13	38	0	16	5	0	0	0	12	0	0	0	0	0	10	0	0	0	0	15	11	0	0	0	0	0	0	0	0	0	0	0	15	3	0	0	0	17	0	0	0	0	0	5	0	17	0	0	0	7	0	0	0	0	0	0	0	0	0	0	0	0	0	0	0	0	0	0	0	0	0	0	0	0	0	0
6	9	0	0	17	0	13	0	0	0	0	0	0	0	0	0	0	15	16	0	0	0	12	0	0	5	14	0	10	0	0	0	0	0	0	0	0	0	0	0	0	26	0	0	0	0	0	0	0	0	0	0	0	0	0	0	0	0	0	9	14	0	0	0	0	0	0	0	10	0	0	15	0	0	0	7	0	15	0	0	0	0	0	0	0	0	0	0	0	0	0	0	0	0	12	0	16	0	0	0	0	13	0	0	0	0	0	0	0	17	25	2	0	0	0	8	0	0	0	0	0	0	0	0	0	0	0	0	0	0	0	16	0	0	0	0	0	0	0	0	0	0	16	0	0	21	15	0	0	0	3	0	0	0	0	0	0	0	0	0	0	0	0	16	0	14	11	0	0	0	9	0	0	0	0	0	0	0	0	0	0	0	0	0	0	10	23	38	0	0	0	10	0	0	0	0	11	0	0	0	0	0	0	7	14	0	0	0	0	0	18	0	0	0	0	0	0	0	0	11	0	0	0	0	0	0	0	0	17	0	0	0	0	0	0	0	0	0	0	0	13	0	0	0	0	0	0	0	10	12	0	0	15	12	0	0	0	0	15	0	18	0	0	0	0	0	17	0	0	0	0	0	0	0	0	0	19	0	0	0	0	17	0	0	0	0	0	0	0	11	0	0	13	13	0	0	0	0	0	0	0	0	0	0	6	10	0	7	0	0	0	0	0	0	0	0	0	0	0	10	0	7	0	0	0	0	0	0	0	0	0	0	0	17	10	0	0	0	27	0	0	0	16	0	0	10	0	0	0	0	4	14	0	0	0	0	0	9	7	0	0	0	12	0	0	14	46	15	15	13	2	3	3	20	3	0	16	0	0	0	0	0	0	0	0	16	0	0	11	0	11	0	0	0	0	0	18	0	0	0	0	0	0	0	0	0	0	16	17	18	0	0	18	0	0	0	0	0	0	0	0	0	0	18	0	0	0	15	0	11	0	15	0	0	0	0	15	0	0	9	14	15	15	0	0	0	0	0	10	0	0	0	0	0	0	0	0	0	0	0	0	0	0	0	0	0	0	0	0	0	0	23	12	28	12	0	0	0	0	0	0	16	0	0	0	17	0	0	0	0	17	0	0	0	0	8	0	0	0	0	0	0	0	0	18	0	0	0	0	0	0	0
0	0	0	0	0	19	14	0	0	0	0	0	0	0	0	10	0	37	24	0	0	0	0	0	0	0	0	0	0	0	0	0	8	0	0	15	0	0	0	13	16	13	0	0	0	0	15	0	14	14	0	0	8	0	0	0	11	0	15	0	0	0	13	0	0	0	2	15	18	21	16	21	0	0	6	12	0	0	0	0	0	0	0	0	0	0	0	0	0	0	0	0	0	0	11	0	0	0	0	0	0	14	0	7	0	0	0	0	0	0	0	17	0	0	0	0	0	0	0	0	0	0	0	0	0	0	0	0	44	12	0	0	0	0	0	0	0	0	0	0	0	0	0	0	0	0	9	0	0	0	27	0	0	0	0	0	0	0	8	0	0	0	9	11	0	0	0	0	0	16	16	0	0	0	0	0	0	11	26	0	0	9	0	7	0	0	0	0	0	0	0	0	0	0	0	0	0	0	0	6	14	0	30	13	0	0	0	10	0	0	0	0	29	0	0	0	0	0	8	0	0	0	0	0	0	0	0	16	30	0	13	0	0	0	0	0	0	0	0	0	0	0	0	0	0	0	0	0	0	0	0	0	0	0	0	0	0	0	0	0	0	0	0	0	0	0	0	0	0	0	0	0	0	0	18	0	0	0	0	0	16	2	15	0	0	0	0	0	0	0	0	0	0	4	0	0	0	0	0	0	0	0	0	0	13	0	15	0	17	8	0	0	0	0	0	0	0	0	0	14	12	16	2	3	2	3	0	0	0	0	0	0	14	8	3	0	0	0	0	0	0	0	0	0	0	0	0	0	0	0	0	0	0	0	0	0	0	16	12	25	0	0	0	0	0	18	10	0	12	27	16	0	0	0	0	0	0	0	0	11	0	0	0	0	0	0	0	0	0	0	14	0	0	0	0	0	2	0	0	0	0	0	0	0	0	0	14	16	0	0	0	20	15	0	0	18	9	0	0	0	0	0	0	0	0	0	0	14	0	12	0	14	0	0	0	0	0	0	0	0	0	15	0	0	0	0	14	0	0	24	12	0	0	0	0	0	8	0	0	0	0	0	16	16	0	0	0	0	0	0	0	20	24	24	11	7	13	6	0	0	0	0	12	0	14	0	0	0	13	0	0	0	16	0	0	0	0	0	0	0	0	0	0	0	0	0	12	0	0	0	30	16
0	0	0	0	0	18	0	0	0	0	0	13	0	0	0	7	0	26	9	0	0	0	0	13	10	0	0	0	0	0	0	12	9	0	0	0	0	0	0	12	0	0	15	0	0	0	15	0	0	0	0	0	0	0	0	0	0	0	0	0	10	0	0	5	18	17	39	14	0	0	0	0	0	0	9	32	1	0	0	19	20	0	0	11	0	0	0	0	0	0	0	0	0	0	0	0	0	0	0	0	10	0	0	31	16	0	0	0	0	10	15	0	0	0	17	16	0	7	0	0	0	0	0	0	0	0	16	0	0	14	8	0	0	16	0	0	0	0	0	0	0	0	0	0	0	0	0	0	0	0	0	0	0	15	0	0	0	55	31	0	0	19	10	11	0	16	0	0	0	12	0	0	0	0	0	0	0	0	0	0	0	11	0	6	0	0	18	0	0	0	0	0	0	0	0	0	9	0	0	0	0	0	0	0	0	0	0	0	0	0	0	0	21	0	0	0	15	13	23	15	17	0	0	17	0	0	0	17	27	0	0	0	0	0	0	0	0	0	0	0	0	0	0	18	0	0	0	13	0	0	0	0	8	0	0	0	0	0	25	14	0	0	0	18	18	0	0	0	0	0	0	0	0	0	0	16	0	0	0	0	0	0	0	0	0	0	0	0	0	0	0	0	0	0	0	18	0	0	13	10	0	0	0	0	0	0	0	0	0	0	0	0	0	0	0	0	0	0	0	0	18	3	17	16	4	3	3	1	0	0	0	0	13	0	0	13	10	0	0	0	0	0	0	0	0	0	0	16	8	0	0	16	9	0	0	0	0	13	0	6	0	0	0	0	0	0	0	0	0	0	0	0	0	0	0	0	0	0	0	15	0	0	0	0	0	8	0	0	0	0	0	0	0	0	0	0	0	0	15	8	0	0	14	14	0	0	16	0	0	16	0	0	0	0	0	0	16	0	0	0	16	0	17	0	0	0	0	0	0	8	0	0	18	0	0	18	13	0	0	0	0	0	0	12	0	0	11	0	0	0	0	0	0	0	10	0	17	0	0	0	0	0	15	0	0	0	0	16	0	0	0	0	0	15	17	18	15	19	15	0	0	0	30	0	27	0	0	0	0	0	0	0	9	0	0	20	0	0	0	0	0	0	0	0	0	0	11	18	0	0	0	0
0	0	17	0	0	0	0	0	0	0	0	11	0	0	0	0	0	0	0	0	0	0	0	0	0	0	0	0	0	18	0	0	0	10	14	0	0	0	0	0	0	0	14	0	16	0	17	0	0	0	0	0	0	14	0	0	0	0	17	0	0	0	18	14	13	0	0	9	0	0	0	0	0	0	0	12	0	0	0	0	17	0	0	0	0	0	0	0	0	0	0	0	0	0	0	0	0	0	0	0	0	0	0	17	0	0	0	0	0	0	0	0	0	0	0	12	0	0	15	9	0	0	0	0	0	15	0	0	0	0	0	0	0	0	0	0	0	0	0	0	0	7	18	0	0	0	0	0	0	0	0	0	0	10	0	0	10	0	0	0	0	0	0	0	0	0	0	0	0	0	0	0	0	0	0	0	0	0	0	0	0	0	0	0	0	0	0	0	0	0	0	0	0	0	0	0	12	7	0	0	0	0	0	17	0	0	0	0	0	0	0	0	0	0	0	24	0	0	0	0	10	9	0	25	0	0	0	12	12	11	0	0	0	0	0	0	0	0	0	16	0	13	14	0	18	0	0	14	0	0	0	0	18	0	0	0	10	0	0	0	0	0	15	11	0	0	0	0	0	0	0	0	0	14	8	14	0	0	0	0	0	0	0	0	0	0	0	0	0	0	0	0	0	0	0	0	0	0	0	0	0	0	0	0	0	0	0	0	0	0	0	0	0	0	0	17	0	0	10	16	3	20	6	33	16	5	4	33	14	0	0	0	0	0	0	3	0	0	0	1	17	0	0	0	0	0	17	12	0	0	0	18	16	0	0	0	0	0	0	0	0	32	17	0	0	0	0	0	0	0	0	0	0	0	0	0	0	12	12	10	0	0	0	23	0	13	0	15	0	0	0	0	0	13	13	0	0	0	0	0	0	0	10	0	24	0	0	0	0	13	0	0	8	17	0	0	17	0	0	15	0	0	10	0	0	0	0	0	0	10	0	0	0	0	0	0	22	0	0	0	11	25	0	0	0	0	0	0	0	0	0	0	17	0	0	0	9	0	10	0	0	0	0	17	16	0	0	11	0	0	0	0	14	15	0	0	0	0	12	17	0	0	0	0	0	0	0	8	18	0	0	0	18	0	0	0	0	0	10	0	0	0	0	0	0	0	0	0	0	0	0	0
0	0	0	0	8	12	21	0	0	0	0	18	0	0	0	0	0	0	0	0	0	0	0	0	0	0	0	15	0	0	0	0	13	0	0	0	0	0	0	0	0	0	7	0	0	0	0	0	0	0	0	0	0	23	0	0	0	0	30	5	0	15	0	0	0	0	0	0	0	0	0	0	0	0	12	17	0	0	0	0	0	0	0	0	0	0	0	0	0	0	0	0	0	0	0	14	0	0	0	0	0	0	0	0	0	0	0	0	0	0	0	0	0	0	0	16	17	0	0	0	0	0	0	0	0	22	0	11	0	0	0	0	0	0	0	0	0	0	0	0	0	0	0	0	0	0	0	0	0	0	28	0	0	0	0	0	0	0	0	0	0	0	0	0	0	0	17	0	12	0	0	0	0	0	0	0	0	0	0	0	0	0	0	0	0	10	0	0	11	0	10	0	6	14	0	18	0	0	0	0	0	0	0	0	0	0	0	0	18	0	0	0	0	0	0	16	0	0	0	0	0	14	0	16	0	0	0	16	0	21	0	0	0	0	0	0	18	0	14	0	0	0	17	0	0	9	0	0	0	0	0	0	0	0	0	0	14	7	0	0	0	0	0	0	0	0	0	0	0	0	0	0	0	0	0	9	0	0	0	0	0	0	0	4	0	0	0	0	0	0	0	0	0	12	0	0	0	0	0	0	0	0	19	0	0	17	0	0	0	0	0	0	12	17	0	22	28	15	0	17	12	5	51	192	196	39	5	3	7	0	0	0	0	0	0	0	0	10	0	19	33	0	0	0	0	0	0	0	0	0	0	0	0	0	0	0	0	0	0	14	0	0	0	18	13	0	0	0	0	0	0	0	0	0	17	0	0	0	20	13	5	14	0	37	0	0	0	0	15	0	0	0	0	0	0	0	0	0	0	0	4	0	0	15	14	11	0	0	0	0	0	0	0	0	0	0	0	14	0	0	0	0	0	0	0	0	0	0	10	23	15	0	0	0	0	0	0	0	0	14	0	16	0	0	0	0	0	0	0	0	0	0	0	0	0	0	0	0	0	0	0	0	17	0	0	0	0	0	0	0	0	16	28	0	0	0	0	0	0	19	15	0	0	0	0	0	0	0	0	0	0	0	0	0	0	0	0	0	0	0	0	0	0	0	0	0	0	0	0	0	0	0
0	0	1	11	0	0	0	0	0	0	13	13	0	0	16	0	0	0	0	0	0	0	0	0	0	0	0	7	0	0	0	0	0	0	0	0	0	33	0	0	0	0	0	0	0	0	0	0	0	0	0	0	10	9	0	0	0	0	0	0	0	0	0	0	0	0	0	0	0	0	0	15	0	0	0	0	0	0	0	0	16	0	0	0	0	0	0	0	0	0	0	0	0	0	0	9	0	0	6	0	0	0	0	0	11	0	0	0	0	0	18	17	0	0	0	28	12	0	32	0	0	0	17	0	0	35	19	0	0	0	0	11	2	0	0	16	0	0	0	0	0	0	0	0	0	0	0	0	0	0	0	0	0	0	0	0	0	8	0	0	27	10	0	0	0	0	0	0	0	0	0	10	0	0	0	13	0	0	0	0	0	0	0	0	0	12	0	0	0	0	0	0	0	0	0	8	0	0	0	0	0	0	0	0	0	0	0	0	0	14	0	0	0	0	0	0	0	0	0	0	0	14	11	0	11	17	11	17	0	0	0	0	16	0	0	0	0	0	9	0	0	0	0	0	0	13	0	0	0	0	10	0	0	0	0	0	26	0	0	0	0	0	0	0	0	0	0	0	0	0	0	0	17	0	0	17	0	0	0	0	0	0	0	12	0	0	0	0	15	0	0	0	0	0	0	0	17	0	0	0	0	0	0	0	0	0	0	0	0	0	0	0	0	0	0	0	17	31	0	3	4	9	150	951	896	125	7	4	2	0	0	0	0	0	0	10	15	12	6	14	15	0	0	0	0	0	8	0	0	0	0	0	0	11	0	0	0	14	0	15	0	11	0	17	0	17	17	0	0	19	0	0	17	0	0	0	0	0	0	0	0	0	0	13	0	0	0	0	0	0	0	0	0	0	0	0	0	0	0	0	0	0	0	0	0	0	0	0	0	0	0	0	0	8	0	0	0	0	0	0	27	0	0	0	0	0	0	0	0	0	0	0	0	17	0	0	0	0	0	0	0	0	30	12	0	10	18	0	0	11	0	9	18	0	0	0	0	0	14	0	15	0	0	14	27	0	0	18	0	0	19	0	11	0	0	12	11	0	0	0	16	16	12	0	0	0	0	0	0	0	0	0	0	0	0	0	0	0	0	0	0	15	11	0	0	18	0	0	0	0	0	0
0	0	5	18	0	0	0	0	0	11	0	0	0	0	0	0	0	15	12	5	0	0	0	0	0	0	0	7	0	0	0	0	0	0	0	0	0	10	0	0	0	12	0	0	0	15	12	0	0	0	0	0	0	0	14	0	0	9	0	0	0	0	0	0	0	0	15	0	0	0	0	0	0	0	11	0	0	0	0	58	0	0	0	0	0	0	0	0	0	0	0	16	0	18	0	0	0	0	15	0	0	0	0	17	0	0	0	0	0	0	0	0	0	0	0	0	14	10	11	18	0	10	0	14	0	0	0	0	0	0	0	16	17	0	0	0	0	0	0	0	0	0	9	12	0	0	0	10	0	0	9	11	0	0	0	13	0	15	0	3	0	0	0	0	0	0	0	0	0	0	0	14	0	0	0	0	0	0	0	0	0	0	0	0	0	0	0	0	0	0	0	0	0	0	0	0	29	13	0	0	0	0	0	0	10	0	10	15	0	12	0	0	13	0	0	0	0	0	0	0	17	0	0	0	0	0	16	6	0	0	16	0	0	0	0	10	18	0	0	0	0	0	0	0	14	0	0	0	0	0	0	0	12	0	0	10	15	14	0	15	0	0	0	0	0	0	0	0	0	0	15	0	0	0	0	9	0	0	0	0	0	0	0	0	0	0	0	0	12	0	0	0	9	0	0	0	10	0	0	0	0	0	0	0	0	10	0	0	0	0	0	0	0	0	11	16	0	14	14	3	21	5	67	236	244	82	35	15	2	14	0	0	0	0	0	0	0	0	0	16	0	0	0	0	0	12	0	0	0	0	0	0	11	0	0	0	0	10	9	12	0	0	0	0	0	0	22	25	30	0	0	0	0	0	0	0	0	0	0	0	0	0	14	0	0	0	0	0	0	0	0	0	0	0	0	0	0	0	0	0	0	0	0	0	0	0	0	6	0	0	0	0	0	0	0	0	0	0	0	0	27	49	19	17	17	18	0	14	14	13	0	0	0	0	17	0	3	0	0	19	0	0	0	0	0	14	0	0	0	0	0	0	0	0	0	0	15	0	22	13	0	0	0	0	0	0	0	0	0	14	10	0	0	0	0	0	0	0	0	0	14	24	34	10	0	0	0	0	0	0	0	0	0	0	0	0	0	38	0	0	0	2	0	0	6	0	7	0	0	0	0	0
0	0	15	0	0	0	0	0	3	13	0	0	0	0	0	18	0	0	0	0	0	0	18	0	16	0	0	0	0	0	0	0	0	0	0	0	0	0	0	5	9	12	0	0	0	0	9	0	0	18	0	17	0	0	12	0	15	14	5	0	0	0	0	0	0	0	12	0	0	0	0	9	0	0	0	0	0	0	0	0	15	15	12	0	0	0	0	0	0	0	0	0	0	16	0	0	0	0	0	0	0	0	0	0	0	0	0	0	0	0	0	0	0	0	0	12	0	0	0	0	0	0	7	13	0	0	0	0	10	0	0	0	0	0	0	10	28	0	0	0	0	0	0	0	0	0	0	0	0	0	4	10	0	0	0	13	0	0	11	9	0	17	0	0	0	14	4	0	0	0	0	0	0	0	0	0	12	17	0	0	0	0	0	0	0	0	0	0	11	0	0	0	0	0	0	0	0	0	0	8	0	0	17	0	14	0	0	0	0	0	0	9	12	0	0	16	10	0	0	0	0	0	0	0	0	16	0	0	0	0	26	0	12	0	0	0	0	0	0	0	0	0	0	0	10	0	7	0	0	0	0	0	0	0	0	0	0	0	0	0	0	0	0	0	16	10	0	0	0	0	0	0	0	0	0	0	0	0	0	0	0	0	0	0	13	0	0	0	0	0	0	0	0	0	0	0	0	0	0	14	0	0	11	14	0	8	0	0	0	0	0	0	0	16	0	0	0	0	13	19	20	4	6	20	23	6	18	22	2	20	0	0	0	0	0	0	0	0	0	0	0	0	0	0	0	23	12	0	0	0	17	0	16	0	0	0	0	10	4	0	0	7	0	6	0	13	21	0	0	18	17	0	0	0	0	0	0	0	0	15	12	0	15	0	0	0	0	0	12	0	0	0	0	0	28	0	0	0	32	0	0	0	0	0	0	0	0	1	12	0	0	0	17	0	0	0	0	0	0	0	6	25	0	0	0	16	0	0	0	0	0	0	0	0	0	0	0	0	0	9	0	16	16	0	0	0	0	0	0	0	0	0	18	0	0	0	13	10	10	10	0	0	0	0	0	0	0	0	0	19	0	0	0	0	0	0	15	0	0	0	0	12	13	18	0	0	0	0	0	0	0	0	0	0	0	0	8	0	0	0	0	0	0	0	0	8	0	0	0	7	0	0
0	14	11	0	0	0	0	0	0	0	0	0	0	17	0	0	0	0	0	0	0	0	31	0	0	12	0	0	16	8	0	0	0	0	0	0	0	0	0	0	0	0	0	0	0	0	0	0	0	0	0	0	0	0	0	0	0	6	0	0	0	0	0	0	0	0	0	0	0	0	0	0	0	5	0	0	0	0	0	0	0	0	0	12	13	0	18	0	0	0	0	0	0	12	0	0	0	0	0	0	0	0	0	0	0	0	0	0	0	0	0	0	0	0	0	0	0	0	0	0	0	0	12	0	0	0	0	0	0	0	0	16	0	18	0	0	30	0	0	0	0	17	0	0	0	0	0	0	0	0	0	0	10	0	0	0	0	0	0	0	0	0	0	0	18	0	0	0	0	0	0	0	7	0	0	0	16	0	0	0	13	0	0	0	0	0	0	5	10	0	0	11	0	0	0	0	0	0	0	0	0	0	0	0	0	0	0	0	0	0	0	10	0	0	16	0	0	0	0	0	0	0	0	0	0	0	0	0	0	0	0	0	0	0	0	0	0	0	0	0	0	0	12	11	0	13	12	0	12	0	0	0	0	0	0	0	8	0	12	0	0	0	0	0	17	0	0	0	0	0	0	0	0	0	0	0	13	13	0	0	0	0	0	0	0	0	0	0	0	0	0	0	0	17	0	9	14	0	0	0	13	16	0	0	0	10	0	0	0	0	0	0	0	0	0	12	9	0	0	0	10	20	20	15	24	17	21	2	21	30	0	0	0	0	0	0	0	0	0	0	0	16	0	0	0	0	0	0	0	0	0	0	0	15	0	0	0	8	19	0	11	10	0	8	0	0	0	0	0	7	11	17	32	0	0	0	0	0	0	0	0	0	0	0	0	0	0	0	0	0	0	0	0	12	21	0	0	0	0	0	0	0	0	0	0	17	0	0	17	7	0	0	0	0	0	8	0	0	0	0	15	0	0	7	0	14	0	0	0	12	0	0	22	17	0	0	0	0	0	14	0	20	13	0	11	0	0	0	0	0	4	10	0	0	0	0	0	0	0	0	17	0	17	0	0	0	0	0	12	18	0	0	0	0	0	27	22	0	11	0	0	8	12	22	0	0	0	0	0	0	0	0	0	0	0	11	0	0	0	0	17	0	9	0	0	0	0	0	0	0	0	0
0	0	0	0	0	0	0	0	12	0	0	0	0	0	0	0	0	0	0	0	0	0	27	0	0	0	0	0	12	0	18	0	12	0	0	0	0	0	0	0	0	6	0	0	0	0	0	0	0	0	0	0	0	0	0	0	0	0	0	19	0	0	0	0	0	0	0	10	0	0	11	0	0	10	25	15	0	0	0	0	0	0	0	14	0	0	0	0	0	0	0	0	0	0	29	0	0	0	0	0	0	0	0	0	0	0	0	0	0	0	0	0	0	0	0	11	9	14	0	0	9	0	0	12	13	0	0	17	0	0	0	16	0	0	0	0	70	0	0	0	0	0	0	0	0	0	0	0	0	0	0	0	0	11	0	0	0	0	0	0	0	12	0	0	4	18	28	0	0	0	0	8	0	12	0	0	0	0	0	0	0	0	0	0	0	0	0	0	0	0	0	0	0	0	0	14	12	11	0	0	0	0	0	0	0	0	0	0	0	0	0	0	0	11	0	0	0	0	0	0	0	0	0	0	0	0	0	12	0	0	0	0	12	0	0	0	0	0	20	0	0	0	5	0	0	0	36	0	0	0	17	0	0	0	0	16	16	0	11	0	0	0	0	0	0	0	0	0	0	0	15	0	0	0	0	33	0	0	0	0	0	0	0	0	0	0	0	0	0	0	0	15	0	13	19	0	0	0	7	15	10	0	0	11	0	0	11	0	0	0	0	0	0	0	0	0	0	0	0	0	0	2	3	3	19	4	1	0	16	16	0	0	12	0	0	0	0	0	0	17	0	7	0	0	0	13	0	0	0	11	0	0	0	0	0	0	0	0	0	0	0	0	0	12	8	0	0	0	0	14	0	0	8	16	29	8	0	18	0	0	18	0	14	0	0	0	0	0	0	0	11	0	0	0	0	0	0	0	0	16	0	0	17	0	0	12	0	0	0	0	0	0	0	0	12	14	0	0	9	0	0	0	15	0	5	0	0	0	0	0	0	0	0	0	0	0	0	17	0	0	0	16	0	0	0	0	0	0	0	0	0	14	5	0	0	0	0	0	7	14	7	0	0	0	0	0	0	0	0	0	0	0	0	0	0	12	0	0	0	12	7	14	12	16	0	0	0	0	0	0	0	0	0	17	0	12	0	0	0	0	0	0	0	0	0	0	0	0	13	0	0	0
0	0	0	0	0	0	6	16	0	0	0	0	8	0	0	0	0	5	0	0	0	0	0	0	0	0	0	11	0	15	10	0	0	0	0	0	0	18	0	0	0	14	11	0	17	0	0	0	0	0	0	0	0	0	0	0	0	0	0	16	0	0	0	0	0	0	16	10	0	0	12	0	0	0	0	0	0	0	0	0	0	0	0	0	17	0	0	0	0	0	0	0	0	10	12	0	0	0	0	14	0	0	0	0	0	0	0	0	0	0	0	0	0	0	9	13	0	0	0	0	10	0	0	0	0	0	0	11	0	0	0	0	0	0	0	0	64	0	18	0	13	0	0	0	0	0	0	0	0	0	0	0	0	15	0	0	0	0	13	13	0	16	0	0	0	0	36	0	22	12	0	0	0	0	0	0	0	0	0	0	0	0	0	0	0	0	0	0	0	0	0	0	0	0	0	0	0	17	0	0	0	0	0	0	0	0	0	0	0	0	0	0	0	0	0	0	0	0	10	17	0	0	13	0	0	0	0	14	19	0	0	8	0	0	0	0	0	0	0	0	0	11	0	0	0	0	0	0	0	0	0	0	0	0	0	25	0	0	0	16	0	0	0	0	14	0	0	16	26	0	0	0	0	0	0	0	0	0	0	0	0	0	0	0	0	0	11	0	0	11	0	0	0	0	17	0	0	0	0	0	0	0	0	14	0	0	13	0	0	0	0	0	0	0	0	0	0	0	0	0	0	0	0	17	1	0	0	0	0	0	11	13	0	0	0	0	16	0	0	0	0	9	8	0	0	0	0	0	0	0	0	0	0	0	17	0	0	0	0	0	0	0	10	0	11	0	0	9	0	12	0	0	0	0	5	16	15	0	16	0	0	0	12	10	0	0	0	0	9	0	17	0	0	0	0	17	0	0	0	0	0	0	0	0	0	0	0	0	0	0	0	0	0	0	13	0	0	0	15	7	6	9	0	0	0	0	0	0	0	0	0	0	0	8	12	0	8	0	0	0	0	0	0	0	0	0	0	0	0	19	0	0	0	0	0	0	0	0	0	7	0	0	0	0	0	0	0	0	0	0	0	2	0	0	0	0	0	0	0	11	8	17	1	17	0	0	0	0	0	0	0	0	0	11	0	0	0	17	0	0	0	0	0	0	0	0	0	0	9	0	0	0
0	0	0	0	0	0	0	0	0	0	0	0	0	0	0	0	0	11	9	0	0	0	32	12	0	0	0	0	0	0	0	0	0	0	0	0	11	11	0	0	0	0	0	23	15	0	0	0	0	0	0	0	0	0	0	0	0	0	0	0	13	9	0	0	0	14	11	0	0	0	0	0	0	0	0	0	0	0	0	11	0	0	15	5	0	0	0	0	0	0	0	0	0	0	0	0	0	0	0	0	0	0	0	0	0	11	0	0	0	9	0	22	2	0	0	0	0	0	0	0	17	19	0	0	0	0	0	0	0	0	0	0	0	0	0	0	0	0	0	0	0	0	25	0	0	0	9	0	0	0	17	0	0	0	0	0	6	0	0	0	0	0	0	0	0	0	0	0	0	15	0	0	0	0	0	0	0	0	0	0	0	0	0	0	0	0	0	0	0	0	0	16	12	0	0	0	0	0	0	17	0	0	0	0	11	0	0	0	0	0	0	34	9	18	0	0	0	0	13	0	0	0	34	0	0	0	17	0	0	17	0	10	0	0	0	0	9	22	13	0	0	0	0	0	0	0	0	0	0	0	0	0	0	0	0	15	0	0	17	0	0	0	0	0	10	0	0	0	0	0	0	0	0	0	0	0	0	0	0	0	0	0	0	0	0	0	12	0	0	0	0	0	0	0	0	7	0	19	0	0	0	0	0	0	0	0	9	0	0	0	0	0	0	0	0	16	0	0	0	6	0	16	0	0	0	0	0	0	0	13	7	0	0	14	0	0	0	0	0	0	0	0	31	11	0	0	0	0	0	0	0	0	0	0	0	0	0	0	0	0	0	0	0	0	0	0	0	0	0	15	0	0	0	0	0	18	4	16	17	0	17	7	0	0	0	0	0	0	0	16	0	0	12	0	15	22	17	7	0	0	0	15	7	0	0	0	0	42	0	0	0	0	0	0	9	0	0	17	0	0	0	0	0	0	15	0	0	0	12	0	0	0	8	13	0	0	0	0	0	0	0	0	0	0	0	0	0	14	17	0	0	0	0	0	0	0	0	0	0	0	0	16	0	0	0	0	0	0	0	0	15	11	0	0	0	0	17	0	0	0	0	0	0	0	0	0	18	0	0	0	15	0	0	0	0	0	0	0	0	10	0	0	10	0	0	0	0	0	12	0	0	0
0	0	0	0	0	0	16	0	0	12	16	0	0	0	0	0	0	7	0	18	15	0	14	0	0	9	11	0	0	0	0	0	0	0	0	0	0	0	0	17	0	0	0	0	6	0	0	0	0	9	0	9	0	0	0	0	0	0	0	0	0	0	0	0	0	0	0	0	0	0	0	0	0	0	0	0	0	0	0	16	6	14	0	0	0	0	0	0	0	0	15	9	0	17	17	0	0	0	0	0	0	11	0	0	0	14	0	0	0	0	0	0	0	0	15	11	0	0	0	0	0	0	0	0	17	0	0	0	3	23	9	0	0	0	0	0	0	0	0	0	0	0	7	0	0	0	0	11	0	0	0	18	0	0	0	11	0	0	0	0	0	0	22	0	0	0	0	0	17	9	0	0	0	0	0	0	0	0	0	0	0	0	15	0	0	0	0	0	0	0	0	0	15	11	0	0	0	0	0	0	9	11	0	0	0	17	0	0	0	0	0	0	0	0	0	0	16	0	27	16	0	0	0	0	0	0	0	0	0	0	0	0	0	0	0	5	16	7	0	0	0	0	0	0	0	10	0	0	0	0	7	0	0	0	0	12	15	0	0	0	0	0	0	22	15	0	0	0	0	0	0	0	0	10	0	0	0	0	0	0	0	0	18	0	0	18	0	0	0	0	0	0	0	0	0	0	0	14	14	0	0	0	5	0	0	4	0	0	0	0	19	0	0	0	0	15	0	12	11	0	0	9	14	0	4	16	0	0	0	10	0	18	0	0	0	0	0	0	0	0	20	0	0	0	0	0	0	0	0	0	0	0	17	9	0	14	5	0	0	15	0	0	0	0	0	0	0	0	0	0	0	9	0	0	0	0	0	0	14	17	21	20	0	0	0	18	11	0	0	0	0	0	12	0	0	0	0	22	10	0	0	37	0	0	0	0	0	0	13	0	0	0	0	0	0	0	0	0	0	0	0	0	0	0	0	0	0	0	0	0	0	0	0	0	0	6	0	0	0	0	0	16	12	0	0	0	0	0	0	0	15	0	0	0	0	0	0	0	0	0	0	0	0	0	0	0	0	0	0	0	9	0	0	0	17	0	10	0	0	0	0	10	0	0	0	0	0	0	0	0	29	0	0	0	0	0	0	0	0	0	0	0	0	0	0	0	0	0	9	0	0	0
0	0	0	0	0	0	0	0	0	0	0	0	0	0	22	15	0	13	0	0	0	0	0	0	0	0	6	0	0	0	0	0	0	0	0	0	0	0	0	0	0	0	0	0	15	0	0	0	9	17	0	0	0	0	0	0	0	0	0	0	0	0	0	16	0	0	0	0	0	0	10	0	0	0	0	0	10	0	0	0	15	12	0	0	0	0	0	0	0	0	0	0	9	0	0	0	0	0	0	0	0	0	0	0	0	0	0	0	0	0	0	0	0	0	0	0	0	0	0	0	0	0	15	0	0	0	0	0	5	54	23	0	0	27	0	0	9	8	0	0	32	0	0	0	0	0	0	15	0	0	0	0	0	0	0	13	10	0	16	0	0	0	8	0	0	0	0	0	0	0	0	0	0	0	0	0	0	0	0	0	0	0	11	0	0	0	0	0	0	0	0	2	0	0	0	0	0	0	0	0	0	7	0	18	0	0	0	18	7	0	0	0	0	15	0	0	39	21	27	0	0	18	10	0	0	0	0	0	0	0	0	13	0	0	10	19	0	0	0	0	0	0	0	0	0	0	0	0	0	0	0	0	0	0	18	0	20	0	0	0	0	0	0	0	24	0	0	0	0	0	0	0	0	0	0	0	0	0	0	0	0	0	18	0	0	0	0	0	0	0	0	17	0	0	0	17	0	0	0	0	0	11	0	0	11	0	0	0	0	0	0	0	0	0	0	0	0	0	0	16	0	0	0	0	15	0	0	28	14	16	10	0	0	15	0	0	0	0	0	0	0	0	0	0	0	0	0	0	0	0	0	7	0	14	0	0	9	0	0	0	0	0	0	0	0	0	0	0	0	0	0	17	6	0	0	0	0	0	7	0	14	21	30	6	0	9	10	0	0	0	0	0	15	0	0	0	0	0	0	0	0	17	7	0	0	0	0	0	6	17	0	0	0	0	11	0	15	0	0	0	0	0	0	0	0	0	0	11	15	17	0	0	0	0	0	0	0	0	0	0	0	11	0	0	0	0	0	0	0	0	0	0	0	0	0	0	19	0	0	0	0	0	0	0	0	0	0	0	0	0	0	15	14	0	0	0	11	0	0	0	0	0	0	0	0	10	0	0	12	0	8	0	0	0	16	15	0	0	0	14	13	0	0	0	0	0	0	0	0	0	0	0
0	0	0	0	0	0	0	0	0	0	0	0	0	0	11	0	9	16	0	0	0	0	0	0	0	0	0	0	0	0	0	0	0	0	16	0	0	0	0	11	16	18	0	0	0	0	0	5	13	0	0	0	0	0	0	11	0	0	0	0	0	0	0	0	0	0	0	0	0	0	0	0	0	0	0	0	9	0	0	0	0	0	0	0	0	0	0	0	0	0	0	0	14	0	0	0	0	0	0	0	0	0	0	0	0	0	0	0	0	16	18	15	19	15	29	17	15	16	18	19	29	18	17	19	0	0	0	0	0	0	0	0	0	0	0	0	21	8	0	0	10	0	0	0	0	0	0	0	14	11	0	0	0	0	0	18	0	0	0	0	0	0	0	0	0	0	14	9	0	0	16	0	0	0	0	0	14	0	0	7	0	0	0	0	0	0	0	16	0	0	0	2	0	0	0	0	0	0	0	0	0	0	0	0	0	0	0	26	12	0	0	0	0	8	0	0	0	0	0	0	0	0	0	0	0	0	0	0	0	0	0	0	0	13	19	0	13	0	0	0	17	0	0	36	0	0	0	0	9	0	0	0	0	0	0	0	6	0	0	2	0	0	0	0	22	0	0	0	17	0	0	0	0	0	0	0	0	0	0	0	13	0	0	0	0	0	0	0	0	0	0	6	0	0	0	0	0	0	6	0	0	13	0	0	0	0	0	0	0	0	0	0	0	0	0	0	0	0	0	5	0	0	0	0	0	15	0	0	12	0	18	0	14	0	0	0	0	0	0	0	0	0	0	0	0	0	0	11	16	0	0	17	0	0	0	17	7	0	0	0	0	0	0	0	0	0	11	0	0	0	0	0	15	0	0	0	0	0	0	0	0	11	25	30	14	0	12	0	0	10	13	0	0	0	0	0	0	0	0	0	0	32	22	8	16	0	0	0	0	0	0	0	0	0	16	35	11	0	16	0	18	0	0	0	0	0	0	0	0	0	0	0	14	0	0	9	0	16	0	17	0	0	0	0	16	0	0	0	0	0	0	15	0	0	0	0	0	0	0	0	0	0	0	0	0	0	0	0	6	0	0	0	0	0	0	0	0	0	0	0	0	0	0	0	0	18	24	0	0	17	0	0	0	0	17	12	0	13	16	0	0	0	0	0	0	0	0	10	0	0	0	0
0	0	0	0	16	0	0	13	17	0	0	0	0	0	0	12	17	8	0	0	0	0	0	0	0	0	0	0	0	0	0	0	0	16	0	0	0	0	17	0	0	0	0	0	0	0	0	8	16	0	0	0	0	0	0	0	0	0	0	12	11	0	0	0	0	0	0	0	0	0	0	0	0	0	0	0	11	0	0	5	0	0	0	0	0	0	0	0	0	0	0	0	0	0	0	0	0	0	0	10	0	0	6	15	0	0	0	0	0	2	11	8	0	0	0	15	12	9	0	0	0	0	0	0	0	0	0	0	0	18	0	0	0	0	0	0	0	0	0	0	0	0	12	15	0	0	0	0	8	0	0	15	3	0	14	0	0	0	0	0	0	0	0	0	0	0	0	34	0	0	0	0	0	0	0	0	12	0	0	0	0	0	0	0	16	0	0	0	0	16	0	0	0	12	0	0	0	0	0	0	0	0	0	0	0	15	0	0	12	0	0	0	0	0	0	17	0	0	0	0	0	0	0	0	0	10	0	0	0	18	0	0	16	16	0	0	9	0	0	0	0	0	15	16	0	0	7	0	1	0	0	0	10	16	0	0	17	0	0	15	0	0	0	0	0	0	0	0	0	0	15	0	0	0	0	0	0	0	0	0	10	10	0	0	0	0	0	0	0	0	0	0	0	0	0	0	0	0	0	0	0	0	0	0	0	0	0	0	0	0	0	10	0	0	18	0	0	0	0	0	0	0	0	0	0	0	0	0	0	0	0	0	11	0	0	17	0	0	0	0	0	0	0	0	0	0	0	0	0	0	0	0	0	0	0	0	19	0	0	0	0	0	0	15	10	0	8	0	0	0	0	0	0	0	0	14	39	17	18	18	0	0	31	15	0	0	15	0	0	0	0	0	0	0	0	0	0	0	0	0	0	5	19	15	0	0	0	0	0	0	0	0	0	11	34	0	0	0	0	0	0	0	0	0	3	0	0	0	30	12	0	0	0	14	9	0	0	0	0	0	0	0	0	16	11	0	0	0	0	0	9	23	0	18	0	0	15	0	0	0	0	0	0	0	0	0	0	0	0	0	0	0	0	0	0	0	0	0	0	0	0	0	0	14	14	11	1	7	22	12	0	16	13	31	0	28	12	0	0	0	0	0	0	0	0	0	0	13	28	0	0	0
15	8	12	0	1	0	0	0	0	0	15	5	0	0	0	16	0	0	0	14	0	0	0	0	0	0	0	0	19	0	0	0	17	0	0	0	0	0	0	0	0	0	0	0	0	0	13	28	0	0	0	0	0	0	0	0	0	10	0	9	10	0	13	0	0	0	0	0	0	0	0	0	0	0	0	0	0	0	0	0	0	0	0	0	0	0	0	0	0	14	0	0	0	0	0	0	0	0	0	0	18	0	0	0	10	0	0	0	16	13	5	0	7	16	0	0	0	14	0	0	0	6	0	0	0	0	0	0	0	16	0	0	18	17	13	0	0	0	0	0	0	0	0	0	0	15	0	0	0	0	0	0	0	0	10	0	0	0	0	0	0	0	0	0	0	0	0	23	0	0	18	0	0	0	0	0	0	0	0	0	0	0	0	0	0	14	0	0	0	0	16	0	0	0	0	0	0	0	0	0	0	0	0	0	0	0	0	0	0	0	0	0	0	0	0	0	0	0	0	0	5	0	0	0	0	0	0	0	0	0	10	0	9	0	0	0	0	13	10	0	0	0	0	0	32	0	0	0	12	0	0	0	12	0	0	0	0	0	0	0	0	0	0	0	0	0	0	0	0	0	8	0	0	0	0	0	0	0	0	0	0	0	0	0	0	16	0	0	0	0	0	0	0	0	0	0	0	0	11	0	0	0	0	0	0	0	0	0	0	0	0	0	0	0	0	0	16	9	0	15	0	0	0	0	0	0	0	0	0	0	0	0	0	0	0	0	0	0	0	0	17	0	0	0	0	0	0	0	0	16	0	0	0	0	0	0	10	0	0	0	0	9	11	0	0	14	0	0	0	18	0	0	0	0	0	0	0	0	0	0	0	6	29	23	25	0	0	0	0	0	0	0	0	0	0	0	0	0	0	0	0	0	0	0	0	0	0	0	0	0	0	0	0	0	0	0	0	0	0	0	0	16	0	0	16	0	0	0	0	0	0	0	0	0	6	16	0	0	16	0	0	0	0	14	5	7	0	0	0	0	0	0	0	0	0	0	0	0	0	0	0	25	0	0	0	0	0	0	0	0	0	0	0	15	0	0	16	0	0	0	0	0	0	0	0	9	0	0	0	0	0	0	15	0	30	34	10	0	0	17	11	0	0	0	0	5	0	0	10	17	0	0
12	0	9	0	17	0	0	0	17	0	0	0	0	0	0	12	0	0	0	11	11	0	0	0	8	0	0	0	0	0	0	0	0	0	0	0	0	0	0	0	0	0	12	13	0	17	0	0	0	0	0	0	0	0	0	0	0	0	15	0	0	10	32	0	0	0	0	13	0	0	0	0	0	0	0	0	0	0	0	0	0	0	0	0	0	0	0	0	0	0	0	0	0	0	0	0	0	0	0	0	32	0	0	14	0	0	0	0	0	0	0	0	0	7	0	0	0	0	0	0	17	0	0	0	0	0	0	11	13	0	0	0	0	0	15	0	0	17	0	0	0	0	11	0	12	12	0	0	0	0	0	0	0	0	0	0	0	0	0	0	0	0	0	0	0	13	0	11	0	0	0	0	0	0	0	0	0	0	0	0	11	0	0	18	0	10	0	0	0	0	0	0	0	0	0	0	0	0	15	0	0	15	0	0	0	0	0	0	0	0	7	14	0	0	0	0	0	0	0	0	0	0	0	0	0	0	0	0	0	0	0	0	0	0	0	0	0	0	0	0	0	9	0	0	10	0	0	0	0	0	0	0	0	0	0	0	11	0	0	0	0	0	0	0	0	18	0	0	0	0	26	8	0	0	0	12	19	8	0	0	0	0	0	0	0	0	0	0	0	0	0	13	0	0	0	0	0	0	17	0	0	0	0	0	0	0	0	0	0	0	0	0	0	0	19	20	11	0	0	0	0	0	0	0	0	0	0	0	0	0	16	0	0	0	0	0	0	0	0	0	0	0	0	0	0	0	0	0	0	0	0	0	0	0	0	0	0	0	0	0	0	14	16	11	0	15	0	0	0	0	0	0	0	0	0	0	0	15	8	0	0	0	0	0	24	0	0	0	0	0	0	0	0	0	0	0	0	0	0	0	0	0	0	0	0	0	0	0	0	0	0	0	0	0	0	0	0	0	0	0	0	0	0	12	0	0	0	0	0	0	10	0	16	0	0	0	0	0	0	0	0	5	0	0	0	0	0	0	10	0	0	0	0	0	11	0	0	0	0	0	0	6	0	0	0	0	0	7	16	8	16	0	0	0	0	0	0	0	0	0	0	0	0	7	0	16	0	0	13	0	8	0	11	0	0	0	0	0	0	0	12	0	0	0	11	18	8	13	0	0	0	0
0	0	0	0	0	0	0	0	6	0	11	0	0	0	18	0	0	0	17	0	0	0	7	18	0	0	0	17	0	18	0	0	0	0	0	0	0	0	0	0	12	0	0	0	0	0	0	0	0	0	2	10	16	1	0	0	0	0	0	0	0	0	0	0	0	0	0	14	0	0	0	0	17	0	0	15	0	0	0	0	0	0	0	0	0	0	16	0	0	0	0	0	0	0	0	0	0	0	0	0	0	17	0	0	0	0	0	0	0	0	0	0	0	14	0	0	0	12	16	0	0	0	0	0	0	0	0	0	12	0	0	0	0	0	16	0	0	0	0	0	10	6	0	0	0	0	0	0	0	0	17	12	0	0	0	0	0	9	11	0	0	0	15	0	17	11	0	16	0	18	0	0	0	0	0	0	0	0	0	0	16	0	0	0	0	0	0	0	0	0	0	0	0	0	0	0	0	14	27	0	0	0	0	0	0	0	0	0	0	0	0	11	0	0	0	0	0	0	0	0	0	0	0	0	0	0	0	0	0	0	0	0	0	10	0	0	0	0	0	0	0	0	16	8	0	0	0	0	1	8	0	0	0	0	0	0	0	0	0	17	0	0	0	0	0	0	0	0	0	0	0	0	14	0	0	9	18	16	0	0	0	0	18	0	0	0	0	0	0	0	0	0	0	0	0	0	0	0	0	0	0	0	0	16	0	0	0	0	0	0	0	0	0	16	81	8	0	0	0	0	0	16	0	0	0	0	0	0	0	0	0	0	0	0	0	0	11	0	0	0	0	0	0	0	0	0	0	0	0	0	0	0	0	0	0	0	0	0	10	0	0	0	0	0	14	0	0	0	0	0	0	0	0	0	0	0	0	0	0	0	0	0	0	0	20	15	0	0	0	0	0	0	0	0	0	0	0	0	0	28	5	0	12	0	0	0	0	0	0	0	0	0	0	0	0	0	0	0	0	0	0	0	0	0	0	14	8	0	0	0	14	0	13	17	0	0	0	14	0	0	0	0	0	0	0	0	0	0	0	0	0	0	17	0	0	10	13	0	0	17	0	0	0	0	0	0	0	0	0	0	9	7	0	0	0	0	0	0	0	0	12	0	0	0	0	0	0	0	0	0	0	0	11	17	0	21	0	0	0	0	0	0	0	0	0	0	0	0	0	0	0	0
0	0	0	0	0	0	0	0	19	0	0	0	0	0	0	0	0	0	8	16	0	0	0	0	0	0	18	21	0	0	0	0	0	0	0	0	0	0	18	0	12	0	0	0	0	11	0	9	16	3	4	3	4	2	1	0	0	0	13	0	0	0	0	0	0	0	0	0	0	0	0	0	0	14	9	8	0	0	0	0	0	0	0	0	0	0	0	0	0	0	0	0	0	0	11	0	0	0	0	0	0	0	0	0	0	26	0	0	0	0	0	0	0	12	0	0	0	0	0	0	0	0	0	0	16	11	0	0	0	10	0	0	0	15	24	7	0	0	0	0	5	4	0	0	0	0	0	0	0	0	0	0	0	0	0	0	0	16	0	0	0	0	0	0	0	0	0	0	0	0	11	0	0	0	0	0	0	0	0	0	0	0	0	0	0	11	0	0	0	0	0	0	0	13	0	18	0	0	0	0	0	0	0	0	0	0	0	0	11	0	0	0	0	0	0	0	0	0	0	0	15	0	0	0	0	12	0	0	0	16	0	0	0	0	8	0	0	0	0	0	0	17	0	0	0	7	16	0	0	0	26	14	0	0	0	0	0	10	0	0	0	0	0	0	0	0	0	0	0	0	0	0	12	0	5	0	16	0	0	0	0	0	0	0	0	0	0	0	0	0	0	0	0	0	0	18	2	2	2	0	0	0	15	0	0	0	0	16	7	0	0	0	0	0	0	16	10	0	0	0	0	0	0	0	0	14	0	0	0	0	0	0	0	0	0	0	0	0	0	0	0	0	0	0	0	0	0	0	0	0	0	0	0	0	10	11	0	0	0	0	0	0	0	0	16	0	0	0	0	0	0	0	0	0	0	8	16	0	0	0	0	0	0	23	14	0	0	0	0	0	0	0	0	0	0	0	0	0	0	0	0	0	0	0	0	0	0	0	0	0	0	0	0	0	6	32	11	0	0	0	0	0	0	0	0	0	0	0	0	27	0	0	0	0	0	0	0	11	0	0	0	0	0	4	0	0	0	0	0	0	0	0	0	0	0	0	0	0	0	0	0	0	0	0	0	0	0	0	0	0	0	0	0	0	0	0	0	0	0	0	10	0	0	0	0	0	0	0	0	0	0	0	0	0	0	17	0	0	0	0	0	0	0	13	11	0	0	0	0	0	16	15
0	0	0	0	0	0	0	0	0	0	0	0	0	17	10	0	16	9	0	20	0	0	0	0	0	0	0	0	0	0	0	0	0	0	0	0	0	0	0	0	0	0	0	0	0	10	0	7	21	4	4	5	4	21	3	17	0	0	12	0	0	0	0	0	0	0	0	0	0	0	0	0	0	0	0	0	0	0	0	0	0	0	0	0	0	0	0	0	0	0	0	0	0	0	0	0	0	12	15	0	0	0	0	0	0	0	15	0	9	0	0	0	0	0	0	0	0	0	0	15	0	0	0	0	0	7	0	0	0	14	0	0	0	0	0	15	0	0	0	0	0	0	12	0	0	0	0	0	0	0	0	0	0	0	0	0	0	0	0	0	0	0	0	0	0	0	0	0	0	0	0	0	0	0	0	0	0	0	0	5	0	0	0	0	0	0	0	0	20	4	0	0	0	13	0	0	0	0	0	0	0	0	0	0	0	0	0	0	12	0	34	0	0	16	10	0	0	0	0	0	24	26	0	0	0	0	0	0	0	0	0	0	0	0	0	0	0	0	0	0	0	0	16	0	0	12	17	0	0	0	11	14	0	0	16	0	0	0	0	0	0	0	0	0	0	0	0	0	0	0	0	0	0	15	18	0	0	0	0	0	26	22	16	27	28	0	0	0	0	0	0	14	13	21	4	4	5	4	5	3	0	0	0	0	0	0	0	0	0	0	0	18	0	0	18	0	0	0	0	0	0	0	0	0	0	19	11	0	0	0	0	0	0	0	0	0	0	0	13	0	0	0	0	10	0	0	0	0	0	0	0	0	0	0	0	0	0	0	0	2	11	0	0	0	0	0	0	0	0	0	0	13	0	0	0	0	0	0	0	0	0	0	0	35	0	0	0	0	0	0	0	0	0	0	0	0	0	0	0	0	0	0	0	0	0	0	0	0	0	0	9	11	0	14	9	12	0	0	0	16	21	0	0	17	0	0	0	0	0	13	17	0	0	0	14	14	0	0	3	0	0	0	0	0	0	0	0	0	0	9	0	0	0	0	0	0	15	0	0	0	0	0	0	0	0	9	13	0	0	0	0	0	0	0	0	0	0	0	15	11	0	0	0	0	0	0	0	0	0	16	0	0	32	0	0	0	0	0	0	0	0	0	0	0	0	0	16	11	0	0	0	0
0	0	0	0	0	0	0	0	0	0	8	0	0	0	0	0	0	0	0	0	0	0	0	0	0	0	0	0	0	0	0	0	0	0	0	0	17	0	0	0	0	0	0	0	0	0	1	3	4	14	67	85	20	5	9	7	0	0	0	0	0	0	0	0	0	0	0	0	0	14	0	0	0	0	0	0	0	0	0	0	0	16	0	0	0	0	0	0	14	0	0	0	0	0	0	0	0	0	0	0	0	0	0	0	0	0	0	0	9	0	0	0	0	0	0	15	0	0	15	26	0	0	0	0	0	15	0	0	0	0	0	0	0	17	0	0	0	0	0	0	0	0	13	0	0	0	0	0	0	0	0	0	0	0	0	0	0	0	0	0	0	0	0	0	0	0	0	0	18	0	0	0	0	0	0	12	15	0	0	17	0	0	0	0	0	0	0	13	20	0	11	0	0	0	0	0	26	0	0	14	0	0	0	0	0	0	0	0	0	6	8	0	21	12	16	0	0	0	0	15	0	0	0	0	0	10	0	0	0	0	0	13	12	0	0	0	10	13	7	0	0	0	0	0	16	0	0	0	12	0	14	13	0	6	7	0	0	10	0	0	0	10	0	0	16	17	8	0	0	0	0	0	0	0	0	0	0	0	0	0	0	0	0	0	0	0	0	0	0	0	0	0	0	2	4	7	25	20	5	4	3	0	0	0	0	0	0	0	0	0	0	0	15	20	9	0	0	0	13	0	0	0	0	0	0	0	0	18	0	0	0	0	0	0	0	0	0	0	0	0	0	0	0	0	0	0	0	0	8	17	0	0	0	0	21	14	0	0	8	9	13	0	0	0	0	0	0	0	0	0	0	0	18	0	0	0	0	0	0	0	0	0	0	19	0	0	0	0	0	10	0	0	0	0	0	0	0	0	0	0	0	0	0	0	0	0	0	0	0	0	0	7	0	16	0	0	0	0	0	0	0	0	0	0	0	0	0	0	0	0	17	0	0	0	17	0	0	0	17	0	0	0	0	0	0	0	0	0	0	0	0	0	0	0	0	0	12	0	0	0	11	0	0	16	0	0	0	0	0	0	0	0	0	0	0	0	0	0	0	0	0	0	0	11	0	0	0	0	21	20	0	0	13	0	0	0	0	0	0	0	0	11	0	0	0	0	0	0	0	0	0	13
10	0	0	0	0	0	0	0	0	0	0	0	0	0	0	8	13	0	0	0	0	0	5	0	0	0	0	0	0	0	19	0	0	0	0	0	0	0	12	0	0	15	0	0	0	0	2	4	20	39	286	805	162	28	4	3	0	0	0	0	0	0	0	0	0	0	0	0	0	0	11	0	0	0	16	8	0	0	10	0	0	0	4	9	16	0	0	0	0	0	0	0	0	0	0	0	0	0	0	0	0	0	0	0	0	0	0	0	0	0	0	4	11	0	0	11	0	0	0	0	0	0	0	15	16	0	0	0	0	0	0	0	8	0	0	0	11	15	17	0	0	14	0	18	0	0	0	0	0	0	0	0	12	18	0	8	0	0	0	0	18	0	0	0	0	0	0	0	0	0	0	0	0	0	0	0	12	0	0	0	0	0	0	9	0	13	0	4	0	0	0	0	0	0	0	0	0	0	17	0	14	0	0	0	0	0	0	0	0	0	0	0	0	0	0	0	17	0	0	9	0	0	0	0	0	0	0	0	0	0	0	26	14	0	0	0	0	0	0	0	0	0	0	0	0	0	0	44	0	0	0	0	17	7	0	0	0	11	0	0	0	15	0	0	0	0	18	0	0	18	0	17	0	0	0	0	0	0	0	0	8	0	0	23	0	0	0	0	0	0	16	20	0	4	5	78	235	180	22	4	3	0	0	0	0	0	0	0	0	16	0	0	0	0	0	0	0	0	0	0	14	15	0	0	0	0	0	24	0	7	0	0	0	0	0	0	11	12	0	0	0	0	0	0	0	0	11	0	0	0	0	0	0	0	6	5	0	0	3	10	0	0	0	0	15	0	0	0	0	0	13	0	0	9	0	0	0	0	9	0	0	0	0	0	0	0	0	18	0	14	0	0	26	14	0	0	0	0	0	0	0	16	0	15	0	0	0	0	0	0	0	0	0	8	0	0	0	11	15	8	0	14	10	0	0	0	0	0	0	0	0	0	0	0	16	14	0	0	0	0	0	0	0	0	0	0	0	0	0	0	0	0	0	0	0	0	0	0	0	16	17	0	0	0	10	0	0	0	12	15	0	0	0	0	0	0	0	0	0	0	0	0	0	0	0	0	14	0	20	17	0	0	0	0	0	0	0	0	0	17	0	0	0	0	0	0	0	0	0	0	0	0
0	0	3	0	11	0	0	0	0	0	0	0	0	16	0	10	0	0	0	0	0	0	13	0	16	0	0	0	0	0	0	0	0	0	0	0	4	0	0	0	0	13	0	0	0	0	19	8	13	41	309	958	205	16	4	3	0	0	0	0	0	0	0	3	0	0	0	0	16	0	0	0	0	0	16	0	0	0	0	0	0	0	17	0	0	0	0	0	0	0	0	0	0	0	0	0	0	0	0	0	0	0	0	0	0	0	16	0	0	0	0	16	0	0	16	0	0	0	0	0	0	0	0	0	22	11	0	0	0	0	0	0	0	0	0	12	0	10	0	0	0	0	0	0	0	0	0	13	0	0	0	0	17	15	0	0	0	0	0	0	10	0	8	8	0	0	0	0	0	0	0	16	0	0	0	0	8	16	0	0	0	8	0	0	0	0	0	0	0	0	0	11	0	0	0	0	18	0	10	0	0	0	0	0	0	0	0	0	0	0	0	0	0	0	0	0	0	0	0	0	0	0	8	0	0	0	0	8	0	0	0	0	0	0	0	0	0	0	0	0	2	9	0	0	17	0	0	25	0	0	0	0	0	0	0	0	0	0	0	0	0	0	0	0	0	0	0	0	13	0	0	0	0	0	17	22	0	0	0	0	0	0	0	0	0	0	0	0	0	0	10	10	3	4	8	134	930	289	42	16	3	0	0	0	9	0	0	0	0	0	0	0	0	0	0	0	0	18	16	0	0	0	14	0	0	9	0	0	0	0	0	0	0	0	12	14	0	0	0	0	0	0	0	0	0	0	0	0	0	0	0	0	0	0	0	0	0	0	0	0	0	3	0	0	14	24	0	0	0	0	15	0	0	0	0	0	5	0	14	0	0	0	0	14	0	0	0	0	0	0	0	0	0	0	0	11	21	0	0	0	0	15	0	14	0	0	0	0	0	0	0	0	25	0	0	0	0	18	19	19	10	10	14	0	0	0	0	7	0	20	15	19	0	0	0	18	0	0	0	0	0	0	0	0	0	0	0	0	0	0	0	0	0	0	0	0	0	0	0	0	0	0	0	2	15	10	0	11	0	7	0	5	0	18	0	0	0	0	0	0	0	0	0	0	0	0	10	0	18	7	16	16	0	0	0	0	0	0	0	0	0	0	17	0	0	0	0	0	13	0	0	0
19	13	0	0	33	0	0	0	0	0	0	10	0	0	0	0	15	0	0	0	11	14	0	0	0	0	0	0	0	0	12	0	0	0	0	0	4	0	0	0	0	11	0	0	0	0	1	3	4	13	109	192	79	6	3	3	0	0	16	0	0	0	0	4	0	0	0	15	13	0	17	0	0	0	0	0	0	0	0	0	0	0	0	0	0	0	0	16	0	0	0	0	0	0	0	0	0	0	0	0	0	0	0	11	0	8	0	0	0	0	0	0	17	0	0	0	0	0	0	0	0	0	0	0	0	0	0	0	0	0	25	0	0	0	0	0	0	0	0	0	0	0	5	0	0	0	6	16	0	0	0	0	0	0	0	0	0	0	0	0	0	0	10	11	0	30	0	0	0	0	0	7	0	0	0	0	17	17	0	0	0	0	13	7	0	0	0	0	0	0	25	11	0	0	0	0	0	0	0	0	0	0	0	0	0	0	0	0	0	0	0	5	0	11	0	22	23	0	0	0	0	12	0	15	0	0	0	0	0	0	0	0	0	0	0	0	0	0	0	0	0	0	0	0	0	0	8	11	10	0	0	0	0	0	0	10	0	0	0	0	0	22	12	0	0	0	0	0	0	0	0	0	0	0	0	14	0	0	21	0	0	0	0	0	0	0	0	0	0	0	0	0	1	3	5	55	205	176	19	3	3	0	0	9	17	0	0	0	18	0	0	0	0	0	0	0	0	28	8	0	0	0	0	16	0	18	0	0	0	0	0	0	0	0	0	0	0	11	0	0	0	0	0	0	0	0	0	0	16	0	0	0	0	0	0	0	0	0	0	8	16	0	0	0	0	26	0	0	0	0	0	0	0	10	0	0	0	13	14	0	0	0	0	18	12	0	0	0	12	0	0	10	0	0	0	0	22	0	0	0	0	0	0	0	10	11	0	0	0	0	0	16	13	0	0	0	0	20	0	0	15	21	26	20	11	8	0	15	4	10	16	10	0	0	0	0	0	0	0	11	0	0	0	0	0	11	0	0	0	0	0	0	0	0	0	0	0	0	0	0	0	0	0	0	0	8	0	0	0	0	9	0	0	0	0	0	0	0	11	0	0	0	0	16	0	0	0	0	15	0	0	0	0	0	0	0	0	0	0	0	0	0	9	0	0	0	18	14	13	0	0	10
21	0	15	0	0	0	0	10	0	0	30	14	0	0	0	12	8	0	0	0	13	25	0	0	0	0	0	0	0	0	15	0	0	0	0	0	0	0	0	0	0	0	0	0	0	0	0	3	4	4	7	31	6	4	4	1	0	0	0	0	0	0	0	0	0	0	0	0	0	0	0	50	25	0	19	0	0	0	0	0	0	0	0	0	0	0	0	0	0	0	0	0	14	0	0	0	0	0	11	0	0	0	0	0	0	0	0	0	0	0	0	0	0	11	0	0	0	0	0	0	0	0	0	0	0	0	0	6	12	0	12	0	0	0	0	0	0	0	0	0	0	0	17	0	0	0	0	0	0	16	0	0	0	0	0	18	0	0	0	0	0	0	0	0	0	3	0	0	0	18	0	0	0	0	17	19	0	0	0	0	0	0	0	0	0	0	33	0	0	0	14	0	0	0	9	0	0	15	0	0	0	0	0	0	0	0	0	0	0	16	0	0	0	10	0	0	0	0	0	0	0	0	12	9	0	0	0	0	0	0	0	0	0	0	0	0	0	0	0	0	0	0	0	0	0	0	9	8	15	0	0	0	0	0	10	14	0	0	0	0	0	0	0	0	0	0	0	0	0	0	0	16	14	0	0	0	0	0	0	0	0	0	0	0	19	15	0	19	8	0	13	0	0	4	4	6	16	26	5	20	3	0	0	0	10	0	0	0	0	0	12	0	0	0	8	0	0	0	0	0	0	17	0	0	0	0	0	0	0	0	0	0	0	0	0	0	0	0	0	0	22	0	0	0	0	0	0	0	0	0	0	0	0	0	23	0	0	0	0	0	0	0	0	16	8	0	0	0	12	0	0	0	26	7	0	0	0	0	0	0	0	14	0	10	0	12	0	12	16	0	0	0	0	0	0	0	0	16	0	0	0	17	11	12	0	0	0	9	0	0	0	0	0	0	0	0	0	15	0	0	0	0	22	15	0	0	0	0	0	0	0	0	0	0	0	0	0	0	25	0	0	0	0	0	0	0	18	17	14	16	0	18	0	0	0	0	15	0	0	0	0	0	0	0	0	7	0	0	0	17	8	0	0	0	0	0	0	0	0	0	0	0	13	0	0	0	0	0	0	0	0	0	0	0	0	0	0	0	0	0	0	0	0	0	0	0	30	0	0	0	0	0
21	18	0	0	0	0	0	0	0	0	0	0	0	0	0	0	0	0	0	0	0	18	10	0	0	0	0	0	0	0	0	0	0	0	0	0	0	0	0	0	0	0	0	0	0	0	0	0	14	4	3	17	24	14	2	0	0	0	0	0	0	0	0	0	0	15	0	13	0	0	0	0	13	0	0	0	0	18	0	0	0	0	0	0	0	0	0	0	0	0	0	0	0	0	0	0	0	0	0	0	0	0	0	0	0	0	0	0	0	0	0	0	0	0	10	0	0	0	17	0	0	0	0	0	11	0	0	0	12	0	0	0	16	0	0	0	0	0	0	0	0	0	0	0	0	0	0	0	0	0	17	0	0	0	0	0	17	0	0	0	13	0	0	7	18	16	16	0	0	0	0	0	0	0	9	35	0	0	0	15	0	0	0	0	0	17	0	0	0	0	0	0	0	0	0	0	0	0	0	0	0	0	0	0	0	0	15	0	0	0	0	0	15	12	0	0	0	0	0	0	0	0	0	0	16	0	0	0	0	0	0	0	0	0	0	0	0	0	0	0	20	0	0	0	0	0	0	0	0	0	0	0	0	0	0	0	0	0	11	0	0	0	0	0	0	24	0	0	0	0	0	0	0	19	12	0	0	10	16	0	0	0	0	0	0	0	0	0	0	0	0	0	0	1	2	4	4	4	4	3	1	0	0	0	0	0	0	0	0	0	0	0	0	0	16	0	0	10	0	0	0	0	0	0	0	0	0	0	0	0	0	0	0	0	16	11	0	0	0	0	0	0	0	0	0	0	0	0	0	0	0	0	18	0	0	0	0	0	0	0	17	0	0	9	13	0	0	0	0	0	0	0	0	0	0	0	0	0	0	0	0	11	0	15	0	13	0	17	26	0	0	0	2	13	17	0	0	0	0	0	0	0	0	0	0	0	11	0	0	0	0	0	6	9	0	0	11	45	21	0	0	0	0	0	0	0	0	0	0	0	0	0	0	0	0	0	0	0	9	0	0	0	0	0	0	0	0	0	0	0	10	0	0	0	0	0	0	0	0	10	0	0	0	0	0	0	0	0	0	9	13	0	0	0	0	0	0	0	0	0	0	0	12	0	22	0	8	0	0	0	0	0	0	0	0	0	0	0	0	0	0	0	0	0	0	0	16	0	0	0	0	0
18	20	23	0	0	0	0	0	38	0	0	0	0	0	0	0	0	0	0	18	0	0	0	0	0	14	0	0	0	0	0	11	0	0	0	0	0	0	0	17	0	0	0	0	0	0	0	0	0	3	9	16	16	1	0	0	0	0	0	0	0	0	0	0	5	0	0	0	0	0	0	0	0	0	0	0	0	0	0	17	0	0	0	0	31	15	0	0	0	0	0	0	0	17	0	13	0	0	0	0	14	17	0	0	0	0	0	0	0	0	0	0	0	0	0	0	0	0	0	17	0	0	0	0	0	17	0	0	0	0	0	0	0	0	0	0	13	15	0	0	0	0	0	0	0	0	0	0	0	0	0	0	0	14	13	0	0	0	0	0	0	0	17	22	1	0	0	0	0	0	18	0	0	0	0	22	0	17	0	0	0	0	0	0	0	16	16	0	0	0	9	13	0	0	0	15	0	0	0	0	0	0	0	0	0	0	0	0	0	0	0	0	0	16	27	0	0	0	0	0	0	0	0	0	0	0	10	14	13	0	0	0	12	10	0	0	0	0	0	0	5	0	0	0	0	0	0	0	0	0	0	0	0	0	0	0	0	0	0	0	0	0	0	0	0	18	0	5	16	0	0	0	0	20	10	11	0	8	14	0	0	0	0	0	0	0	0	0	0	0	0	0	0	0	0	1	19	3	1	0	0	0	0	17	0	0	0	16	0	0	0	0	7	0	0	0	0	0	15	0	19	0	0	0	0	11	0	0	0	0	0	0	0	0	0	0	0	12	16	0	0	0	0	0	17	0	0	0	0	0	0	0	0	0	0	0	0	0	0	0	0	0	0	0	15	0	0	0	0	0	0	7	11	0	0	0	0	0	0	17	0	0	0	0	0	0	0	0	11	0	0	0	0	0	0	0	0	0	0	0	0	0	0	0	0	13	0	0	0	0	0	0	0	0	0	0	19	32	24	0	0	0	0	0	0	0	0	0	0	0	0	0	0	0	0	0	0	0	0	0	0	0	0	0	0	0	0	0	18	0	14	0	0	0	0	0	0	0	0	0	0	0	0	0	0	0	0	0	0	0	0	0	0	0	0	0	0	0	0	0	0	0	0	0	13	0	0	16	0	0	0	0	0	15	13	0	0	0	11	0	0	0	0	0	0	0	0	23	0	0	0	0
0	0	0	0	0	20	0	0	0	0	0	0	0	0	13	16	0	0	0	0	0	0	0	0	0	9	0	0	0	0	0	16	0	0	0	0	0	0	0	0	0	0	0	0	0	0	0	0	0	0	14	15	13	6	5	10	9	11	0	0	0	0	0	0	17	0	0	0	0	0	0	0	0	0	0	0	0	11	19	0	0	0	0	0	0	11	17	0	0	0	0	0	0	0	0	15	0	16	3	0	0	0	0	14	0	0	0	0	15	12	0	0	9	0	0	0	0	0	0	6	0	11	15	0	0	0	7	14	12	14	0	0	0	0	0	13	0	0	0	16	0	0	0	0	4	0	0	0	0	0	0	0	0	0	0	0	0	0	0	0	17	18	13	39	0	0	0	0	0	0	0	0	6	9	12	23	0	0	0	0	0	0	16	0	0	0	0	0	11	0	0	5	0	16	0	0	0	0	0	0	0	0	0	0	0	0	0	0	0	0	17	0	12	37	0	0	0	0	0	0	0	0	15	0	0	0	0	0	0	0	0	0	0	0	0	0	13	11	0	0	0	0	0	0	0	0	0	0	0	0	0	0	0	0	0	0	0	0	0	0	17	0	0	0	0	0	10	14	0	0	0	0	0	20	0	0	0	0	0	0	12	45	35	0	0	0	0	13	0	0	0	0	0	0	0	17	10	0	0	0	0	0	0	0	0	0	0	0	0	0	0	11	0	0	0	0	0	0	0	0	0	0	0	0	0	39	13	0	0	0	0	0	14	16	12	0	0	0	0	0	0	0	0	0	13	14	11	13	0	0	0	6	0	0	0	0	0	0	0	0	0	0	0	0	0	0	0	0	0	0	0	10	13	0	0	0	0	0	0	0	0	0	0	0	0	0	0	0	0	0	0	0	0	0	0	0	0	0	0	0	0	0	0	18	0	0	0	15	0	0	0	0	0	0	0	0	0	0	0	8	0	0	0	0	0	10	0	0	15	0	0	0	0	0	0	14	0	16	9	0	24	0	0	0	0	0	0	0	0	0	0	0	0	0	0	0	0	0	0	0	0	0	0	0	0	0	9	14	0	0	0	0	0	0	0	0	0	0	0	8	0	0	0	0	17	0	0	0	0	0	0	0	0	0	0	0	0	0	0	0	0	0	0	0	0	0	0	17	0	0	0	0
0	0	16	15	0	15	10	0	0	0	0	0	0	0	13	0	0	0	0	11	15	0	0	0	0	0	0	0	0	0	0	0	0	0	0	8	12	14	12	23	12	16	36	16	14	16	15	17	20	18	16	16	32	14	14	13	12	11	0	0	0	0	0	0	15	0	0	13	0	0	0	0	19	0	28	0	16	19	0	0	0	0	0	0	0	0	0	0	0	0	11	0	12	0	0	0	0	0	0	0	0	0	0	10	0	0	0	0	0	0	0	0	14	0	0	0	0	0	0	0	0	0	11	0	0	0	0	0	0	0	0	11	0	0	0	0	0	0	0	0	8	0	0	0	16	0	0	0	0	0	0	0	0	0	0	0	16	12	17	15	0	0	3	16	0	0	0	0	0	0	0	0	38	31	21	0	16	25	20	14	0	17	0	0	0	0	0	24	0	0	0	0	0	24	0	0	0	0	0	0	0	0	18	0	0	0	0	0	16	0	0	0	0	0	0	0	0	0	0	0	0	0	0	16	0	0	0	0	0	0	11	27	0	0	0	0	0	0	0	0	0	0	0	0	0	0	0	0	0	0	14	17	4	0	0	0	19	0	12	0	0	0	0	0	0	0	15	11	0	0	0	0	0	12	0	0	0	0	9	0	0	11	28	8	0	0	0	14	11	0	15	0	0	0	14	6	0	0	27	0	0	0	0	0	0	0	0	14	0	0	0	0	11	0	0	0	0	0	0	0	0	0	0	0	0	0	32	8	18	0	0	0	0	0	12	0	0	0	0	14	0	0	0	0	0	0	0	0	0	0	0	13	6	0	0	0	0	0	0	0	0	0	0	0	0	0	0	0	0	0	0	0	0	0	8	0	0	0	0	0	0	0	0	17	0	0	0	0	0	0	0	0	0	0	0	0	0	0	0	0	0	0	0	0	0	0	0	21	0	0	0	0	16	11	0	0	0	12	14	0	0	0	0	0	0	13	0	0	14	0	0	0	0	0	0	13	0	5	14	12	14	0	28	9	0	0	0	0	0	0	0	0	0	0	0	0	0	0	0	0	0	0	0	0	0	0	10	13	17	8	15	0	0	0	0	17	0	0	0	0	0	0	0	0	0	0	0	0	0	0	0	0	0	0	39	20	0	0	21	0	0	0	0	10	0	0	0	0	12	20	27	8
35	0	0	0	0	0	0	0	0	0	0	0	0	0	33	0	0	0	0	0	13	15	0	0	0	0	0	18	14	17	15	17	21	31	19	15	13	21	7	15	0	0	0	0	17	0	0	0	0	0	0	0	15	15	0	0	0	0	0	0	0	0	0	0	0	0	0	24	8	0	0	0	0	0	3	18	11	21	0	0	0	11	0	18	0	0	0	0	0	0	0	12	16	16	0	16	0	15	0	0	0	0	0	9	13	0	0	0	0	0	0	0	0	0	0	0	18	0	0	0	0	0	0	0	0	0	15	0	10	0	0	14	0	0	0	0	0	19	0	20	0	0	0	0	0	0	12	0	0	0	0	0	0	0	0	0	13	30	0	24	0	0	0	0	0	16	0	0	16	0	0	0	1	0	0	33	21	13	45	16	0	0	0	0	0	0	0	0	0	0	0	0	0	0	0	0	0	0	0	0	0	0	0	0	0	0	0	0	0	0	0	0	0	0	0	0	0	0	0	0	0	0	0	0	0	0	0	15	0	0	0	0	4	13	0	0	0	0	0	0	0	0	0	0	0	0	0	0	0	0	15	0	0	0	0	8	0	0	0	0	0	0	0	0	0	0	0	0	0	0	18	0	16	8	0	0	0	0	0	0	0	17	0	8	0	19	0	12	0	0	0	0	0	0	0	0	0	0	25	0	0	0	0	0	0	0	0	0	0	0	2	13	14	0	16	0	0	0	0	0	0	0	0	16	0	0	0	0	0	0	0	0	0	16	0	0	0	0	0	0	0	13	0	0	0	17	18	0	0	0	0	15	0	0	0	0	0	0	0	0	0	0	0	0	0	0	0	0	0	0	8	7	0	0	12	0	0	0	0	0	0	14	0	0	0	17	0	0	0	0	17	15	14	0	9	6	0	0	0	0	0	0	0	0	0	0	0	0	0	16	0	0	0	0	0	0	16	0	0	0	0	0	0	0	0	0	0	0	15	0	5	0	0	0	0	0	0	0	0	0	0	0	0	0	0	31	3	0	0	0	0	0	0	0	0	18	0	0	0	0	0	0	0	0	0	0	0	0	0	0	9	7	0	0	0	0	0	16	0	0	8	0	0	14	0	0	11	0	0	0	0	0	33	27	26	9	13	9	0	0	0	0	8	18	8	0	0	0	0	0	14	0
0	0	0	0	0	0	0	0	0	0	0	0	0	0	0	0	0	14	12	0	0	0	0	0	0	0	0	0	18	10	0	0	0	0	0	0	0	14	5	0	0	0	0	0	19	0	0	32	0	0	12	20	19	0	8	9	0	0	0	0	0	0	0	0	0	0	0	0	0	0	0	0	0	0	14	37	23	16	0	17	9	0	0	16	0	0	0	0	0	0	0	0	0	0	7	23	0	0	0	0	11	23	0	0	0	0	0	0	0	0	0	0	0	0	0	0	0	4	0	0	0	0	0	0	0	0	0	0	13	0	0	0	0	0	0	0	20	20	17	34	19	16	16	13	18	18	18	14	16	15	15	14	16	16	17	19	17	15	22	26	2	0	0	0	0	0	0	0	0	0	0	0	0	0	0	0	0	23	22	0	0	0	0	0	0	36	0	13	9	0	0	0	0	0	0	0	0	17	0	0	0	0	0	0	0	0	0	0	0	0	0	0	0	0	0	0	0	0	0	0	0	0	0	0	0	0	0	0	0	0	0	0	9	0	0	8	3	11	0	0	0	0	14	14	0	0	0	17	0	0	0	16	0	0	0	16	0	0	0	0	0	0	0	2	0	0	0	0	0	0	0	0	0	16	0	0	0	0	0	0	0	0	0	5	0	0	18	0	0	12	12	0	0	0	0	8	0	0	0	0	0	14	0	0	0	0	0	17	0	0	24	11	0	0	0	0	0	0	0	0	0	0	0	0	0	13	10	0	0	0	10	10	0	0	0	0	0	0	0	0	0	0	0	0	0	0	0	0	0	17	0	0	0	0	0	0	0	0	0	16	0	0	0	0	0	0	0	0	0	0	9	0	0	0	0	0	0	0	0	0	27	24	0	0	0	0	0	0	0	0	5	0	0	0	0	0	0	9	0	0	0	0	0	0	0	0	0	0	0	0	0	0	0	0	0	0	0	0	0	0	0	0	0	0	0	0	0	0	7	0	0	0	0	0	0	0	0	16	0	0	11	0	0	0	0	0	0	0	0	0	0	0	0	0	0	0	14	0	0	0	0	0	0	0	0	0	0	0	0	0	0	0	0	0	0	0	0	0	0	10	0	0	0	24	13	16	0	0	0	0	0	1	0	15	0	0	0	0	0	0	0	0	0	0	4	0	0	0	0	0	0	0
0	0	0	0	18	0	35	0	0	25	0	0	0	0	0	0	0	0	0	0	0	17	0	13	2	0	0	0	0	0	0	0	0	0	0	16	0	8	0	0	0	0	17	0	0	0	0	0	0	0	0	0	15	0	8	0	2	3	3	3	2	19	0	0	10	0	0	0	0	0	0	7	12	0	0	0	21	0	0	0	22	16	0	0	0	0	0	0	0	0	16	0	0	0	0	0	0	0	0	0	0	0	0	0	0	0	0	0	0	0	0	17	0	0	0	0	0	5	0	0	0	0	0	0	11	0	0	0	0	0	17	0	0	0	0	0	0	0	0	0	0	0	0	0	0	0	0	0	0	0	0	0	0	0	0	0	0	0	0	0	9	8	31	0	0	0	0	19	0	0	0	0	0	0	0	0	0	0	0	0	0	0	0	0	0	19	0	10	6	0	0	0	0	0	0	16	0	0	17	0	0	0	0	0	0	0	0	10	0	16	0	0	0	0	0	0	0	0	0	0	0	0	0	6	0	0	0	9	13	0	0	0	0	0	0	0	17	0	0	0	0	0	18	0	0	0	5	0	0	0	0	15	0	0	0	0	0	0	0	0	0	0	0	11	0	0	0	0	0	0	0	0	0	0	0	0	0	0	0	0	0	0	7	0	0	0	0	0	0	0	12	0	0	16	0	0	17	5	0	0	0	9	0	0	0	0	0	0	0	0	15	0	0	0	0	0	0	0	14	0	0	0	0	0	0	0	18	0	0	0	0	0	0	0	0	0	33	0	0	13	12	0	0	14	0	0	0	0	0	0	0	0	0	0	15	0	0	0	0	0	0	0	0	0	0	0	0	0	0	0	15	13	0	0	0	0	0	0	0	0	13	0	0	0	0	0	0	0	16	0	0	0	0	0	16	0	13	14	14	0	0	0	0	0	16	0	0	16	0	0	0	0	0	0	0	0	41	0	0	0	0	0	0	0	0	0	0	0	0	0	0	28	19	0	0	0	0	10	0	13	24	14	15	0	0	0	0	0	14	0	0	0	0	12	16	0	0	0	0	0	0	0	0	0	13	16	0	0	0	10	0	0	0	0	0	0	0	0	0	12	35	0	0	0	0	0	0	0	0	0	0	0	0	7	0	0	0	0	0	0	0	0	0	0	13	0	0	0	0	0	0	0
0	0	0	0	0	0	0	0	0	0	0	0	0	13	0	9	17	14	9	0	0	0	0	0	0	0	0	0	0	0	11	13	0	0	16	0	0	0	0	0	0	0	0	0	0	0	0	0	0	15	0	10	16	0	15	2	4	3	13	4	4	3	14	14	0	13	10	0	0	0	0	0	0	0	0	0	18	0	0	0	0	0	0	0	0	0	0	0	0	0	7	0	0	0	13	2	0	0	0	0	0	0	0	0	0	0	13	0	0	0	0	17	6	0	0	0	0	0	0	0	0	0	0	0	0	0	0	0	0	0	12	0	49	0	0	0	0	0	0	0	0	0	0	0	0	0	0	0	0	0	0	18	0	0	0	0	10	0	0	0	0	0	11	0	0	0	18	0	0	0	0	29	0	0	0	11	0	0	0	0	0	0	0	0	0	16	0	0	0	0	0	0	15	15	0	0	0	0	0	15	0	0	0	0	0	0	0	9	0	0	0	0	0	17	10	0	12	0	0	0	0	0	0	14	0	0	0	17	5	16	8	0	0	0	0	0	0	0	12	0	0	5	0	0	0	0	16	0	0	13	0	12	0	0	0	0	0	0	0	0	9	0	0	0	0	0	0	0	0	20	0	0	0	0	7	0	0	0	0	0	0	0	0	0	0	0	0	0	0	2	3	2	3	18	0	0	0	16	0	0	0	0	0	0	0	0	16	0	0	0	16	19	5	0	10	0	0	0	1	0	18	14	0	0	0	0	0	0	0	0	0	0	0	0	0	0	0	0	0	0	0	0	0	0	0	0	0	0	0	0	14	0	0	15	0	0	0	0	0	0	0	0	0	0	0	0	0	0	0	0	0	0	13	7	0	17	0	0	0	0	0	8	0	0	0	0	0	0	0	0	0	0	0	0	0	0	14	0	11	0	0	0	0	0	12	0	0	0	0	0	0	0	0	0	0	0	18	22	0	6	15	0	0	0	0	0	0	0	0	12	15	38	27	0	0	0	0	0	0	0	34	9	9	12	0	0	0	0	0	0	0	0	0	0	17	0	0	16	0	0	0	0	0	18	0	0	8	0	0	0	0	0	0	0	0	0	0	16	0	14	12	0	12	15	0	0	0	0	0	19	0	0	0	0	0	0	11	14	0	0	0	0	0	0	0	0	0	14	0	0	17	0
6	9	0	0	0	13	13	0	0	0	0	0	0	14	0	16	0	0	0	0	0	9	13	0	0	0	0	0	0	0	3	8	0	0	0	0	0	0	0	9	0	0	0	0	0	0	14	6	0	0	0	14	12	0	1	3	4	5	41	12	6	4	2	0	0	9	0	0	0	0	5	16	12	0	10	16	12	0	13	0	0	0	0	0	12	12	0	0	0	0	0	0	0	0	13	0	0	0	0	8	0	0	0	0	0	0	0	0	0	0	13	11	0	0	0	0	0	0	0	15	0	0	0	0	0	0	0	0	0	0	25	0	0	0	0	6	0	17	0	0	0	0	0	0	0	0	0	0	16	0	0	15	10	0	0	0	0	0	0	0	0	0	0	0	0	0	0	0	0	0	0	12	0	0	0	0	0	0	0	0	0	0	0	0	0	0	0	0	0	0	0	0	6	0	0	0	11	0	0	10	0	0	0	0	0	0	30	9	0	0	0	0	0	0	0	0	16	0	0	0	16	0	0	0	0	0	0	0	0	0	0	0	0	0	0	0	0	0	0	0	0	0	18	0	0	16	0	18	0	0	0	16	0	0	0	0	0	0	0	0	16	0	0	0	17	0	0	0	0	0	14	5	0	0	0	0	0	0	0	0	0	0	0	0	0	0	0	37	21	21	23	4	3	3	0	0	0	16	0	0	0	0	0	0	0	0	0	0	0	0	0	0	0	0	0	0	0	0	0	0	9	2	0	0	0	0	0	0	12	0	0	0	0	0	0	0	0	0	0	0	0	0	0	0	0	0	0	0	0	0	0	0	0	0	0	0	12	15	0	0	0	17	15	18	0	0	17	2	0	0	0	0	0	0	0	0	0	0	0	0	0	0	0	0	0	0	0	0	0	10	10	0	0	0	0	0	15	6	0	0	0	0	0	0	0	0	0	0	8	17	0	0	0	0	8	0	0	29	4	0	0	18	0	0	0	0	0	0	0	11	14	27	0	0	8	0	0	0	0	0	0	0	13	0	0	0	0	0	0	0	0	0	0	0	0	25	12	0	0	10	0	0	0	0	0	9	12	0	7	0	0	0	0	0	0	0	0	0	0	0	0	0	0	0	17	4	0	0	0	0	0	0	0	0	0	0	0	0	0	0	0	0	0	0	0	0	0	0	14	12	16	0
0	0	0	0	0	0	0	0	0	0	0	0	0	15	0	0	6	7	0	19	0	24	7	0	19	0	0	0	0	0	14	0	0	0	0	0	0	0	0	10	18	0	0	0	0	0	0	0	0	0	0	14	0	0	3	3	5	51	177	183	28	5	4	2	0	0	0	0	0	0	0	0	0	0	0	0	0	0	18	14	0	0	0	0	1	7	0	0	0	0	0	0	0	0	0	0	0	0	9	14	0	0	0	0	0	0	0	0	0	0	0	0	0	0	0	0	16	0	0	10	0	0	9	14	0	0	0	0	0	0	22	0	0	0	0	0	0	0	0	0	0	18	0	0	0	0	0	0	0	0	0	14	0	0	0	0	0	0	11	0	0	0	0	0	0	0	8	0	0	14	0	0	0	0	15	0	0	0	0	0	0	0	0	0	0	0	0	0	0	0	0	0	0	0	9	0	0	0	0	17	0	0	0	0	0	0	17	0	0	16	0	0	0	0	0	0	0	12	0	0	0	0	14	0	0	0	0	0	0	0	0	17	0	0	0	0	0	0	12	0	0	0	0	0	0	0	0	5	0	0	0	0	0	0	0	15	0	0	0	0	0	0	11	0	10	0	0	14	11	0	12	11	9	16	16	0	0	0	0	0	0	10	0	0	0	0	2	3	5	9	38	29	29	22	17	26	0	15	0	0	0	0	0	0	0	0	0	0	0	0	0	0	0	11	16	0	0	0	0	0	0	0	0	0	0	0	0	0	0	0	0	0	0	0	0	0	0	0	0	0	0	8	0	0	0	0	0	0	0	0	0	0	0	0	0	0	0	0	0	0	0	0	8	0	0	0	0	0	0	0	0	0	0	0	0	0	0	0	9	15	8	0	0	0	0	0	0	0	0	9	11	0	0	18	0	0	0	0	0	0	0	0	0	0	0	0	0	0	14	0	0	0	9	16	11	6	0	0	0	0	0	0	0	0	11	0	0	0	0	0	17	18	0	0	0	0	0	0	0	0	0	0	0	0	0	0	11	13	9	0	0	0	0	0	0	26	12	0	0	0	0	0	0	0	0	0	0	0	0	0	0	0	0	0	0	0	0	0	0	0	0	0	10	9	32	0	0	15	0	0	0	17	10	15	9	0	0	0	0	17	0	0	0	0	0	0	0	0	7	12	5	0
0	0	0	0	0	0	0	0	0	0	0	0	0	0	0	0	0	0	0	0	0	0	0	0	0	0	0	0	0	0	0	0	0	0	0	0	0	0	0	0	0	0	0	0	0	0	0	0	0	18	0	13	0	0	3	4	11	172	880	924	144	23	4	3	0	17	0	0	0	0	0	0	0	18	0	0	17	21	49	36	17	0	0	0	16	0	0	0	0	0	0	0	0	0	0	0	0	0	0	0	0	0	0	0	0	0	18	0	0	0	0	0	0	0	0	0	0	0	0	0	0	0	0	0	0	10	14	0	0	29	24	0	0	0	0	0	0	0	0	0	0	0	0	0	0	0	11	13	12	12	0	12	0	17	0	0	0	0	0	0	17	0	0	0	5	0	16	0	14	4	0	0	0	0	12	0	0	0	0	0	0	0	13	14	0	0	0	0	0	0	0	0	0	0	30	0	0	0	0	23	0	0	0	0	25	0	0	11	0	0	0	0	0	9	0	0	0	11	0	0	0	0	15	17	10	12	0	0	0	0	16	13	0	0	0	0	18	0	14	0	0	0	0	0	0	0	0	0	0	0	0	0	0	0	0	0	0	0	0	0	0	0	0	0	0	0	0	9	0	0	0	0	0	0	5	19	0	0	0	0	0	0	0	0	0	0	2	4	8	104	220	139	14	4	17	18	9	0	18	0	0	0	0	0	0	0	0	0	0	0	0	0	13	0	0	0	0	0	0	8	0	0	0	0	0	0	0	0	16	0	0	0	0	7	0	0	0	0	12	0	0	0	0	0	0	0	0	0	0	0	0	0	0	0	0	0	0	13	22	0	0	0	0	0	0	0	9	0	0	0	0	0	0	0	0	0	0	0	6	3	0	0	0	0	0	0	0	0	0	0	0	0	0	11	0	15	14	8	0	0	0	0	0	10	10	26	15	0	9	0	0	0	0	0	0	0	14	27	22	0	9	0	0	0	0	0	0	0	8	0	0	0	0	0	0	0	0	0	0	17	0	0	0	0	0	0	0	0	0	0	0	0	0	0	0	0	0	0	0	0	0	0	0	0	0	0	0	0	0	0	0	11	13	0	0	0	0	0	0	0	0	0	7	8	0	0	17	11	0	0	0	0	0	0	0	0	0	0	0	13	0	0	0	0	0	0	0	0	0	19	13	0
19	0	0	0	0	0	11	11	12	0	0	0	0	0	0	0	0	0	0	0	0	0	0	0	0	0	9	14	0	18	0	0	0	0	0	0	0	0	16	0	0	0	0	0	0	0	0	0	13	14	0	0	0	0	3	12	7	106	573	569	82	15	4	17	0	0	0	0	0	0	13	26	0	0	0	0	0	0	13	14	0	0	0	0	0	0	0	17	0	0	0	0	0	0	0	0	0	0	0	0	0	0	0	0	0	0	0	0	0	0	0	0	0	0	0	0	0	0	0	0	10	19	0	0	0	17	0	0	0	0	0	0	0	0	0	0	0	16	0	0	0	0	16	10	0	0	0	0	0	0	0	32	0	0	0	0	0	0	0	18	0	0	0	0	11	0	15	11	0	0	0	0	17	0	17	0	0	0	0	0	0	0	0	0	0	0	0	0	0	0	0	0	0	0	0	0	0	0	0	0	0	0	0	0	0	0	0	0	0	16	24	0	0	0	0	0	0	0	0	0	0	0	16	0	0	16	0	0	0	0	0	0	0	0	0	0	0	0	0	0	0	0	0	0	0	0	0	0	0	0	16	0	0	0	16	0	0	0	0	0	0	11	0	0	0	0	0	0	0	0	0	0	0	0	0	17	0	0	0	17	0	0	0	0	0	0	3	4	16	204	919	242	25	3	3	0	0	8	21	0	0	0	0	0	0	0	10	0	0	0	0	0	0	0	0	0	0	12	0	0	8	0	0	0	0	14	12	20	19	0	0	17	0	0	0	0	0	0	0	0	0	0	0	0	7	0	0	0	0	0	0	0	0	12	0	0	0	16	0	0	0	0	0	0	5	14	27	0	0	0	0	0	0	0	0	0	0	0	17	0	0	0	0	0	0	0	0	0	0	0	0	0	0	0	12	0	0	0	0	0	18	16	18	0	0	0	0	0	0	0	0	0	0	0	0	0	0	40	27	16	0	0	0	0	0	0	0	0	0	0	17	7	0	0	0	0	0	18	0	0	0	0	0	0	0	0	0	0	0	0	0	0	0	0	0	9	14	0	0	0	0	0	0	0	0	0	0	0	0	0	0	11	6	0	14	15	10	0	0	0	15	0	0	0	0	0	9	0	0	0	0	0	0	0	0	0	0	0	0	0	11	0	0	0	0	0	0	0	0	0	16	0
0	0	0	0	0	0	14	8	0	0	0	10	0	0	0	0	0	0	0	0	0	0	0	0	0	0	0	0	0	12	0	0	0	0	0	0	15	0	0	0	0	0	0	0	0	11	0	0	0	0	0	0	0	0	17	19	5	26	50	47	11	4	3	2	0	0	0	0	0	15	15	15	0	0	0	0	0	0	0	21	0	0	0	0	0	0	0	0	0	0	0	0	19	0	0	0	11	13	9	0	15	0	0	0	0	0	0	8	0	0	13	0	0	0	0	0	0	0	0	0	0	0	0	0	0	13	7	0	0	0	0	0	0	0	10	9	0	0	0	0	0	0	0	0	0	15	11	0	0	0	0	6	17	0	0	0	0	0	0	0	0	0	0	0	9	4	16	0	0	14	15	0	0	0	0	0	0	0	0	0	0	0	0	0	0	0	0	18	0	0	0	0	0	0	0	0	0	0	0	0	0	0	0	0	0	0	0	0	0	0	15	0	0	0	0	14	15	0	0	0	0	0	0	0	0	0	0	9	11	15	0	0	0	0	0	0	0	0	13	0	0	0	0	0	0	0	0	0	0	0	0	0	0	0	10	0	0	16	9	0	0	0	0	14	0	0	0	0	0	0	0	0	0	0	15	0	0	0	0	0	0	0	0	7	0	0	1	4	6	86	214	118	12	4	2	0	0	0	0	0	0	0	0	0	0	0	12	0	0	0	0	0	0	0	0	0	0	11	0	0	24	7	0	0	0	0	0	8	0	14	15	0	0	0	0	0	17	0	0	7	0	0	0	0	0	0	0	0	0	0	15	0	0	0	0	0	0	0	0	0	0	0	3	0	0	0	0	0	0	0	0	0	0	0	0	0	15	17	0	0	0	0	0	0	0	0	0	0	0	0	0	0	0	0	9	19	0	0	0	0	11	8	0	0	0	0	0	0	0	0	0	14	0	0	0	0	0	0	0	0	0	0	0	0	0	0	0	0	0	0	0	28	0	0	0	0	0	0	0	0	0	0	0	0	0	0	0	0	0	0	17	0	0	0	0	0	0	0	0	0	0	0	0	0	0	0	0	0	0	0	0	0	0	0	4	15	18	0	0	0	0	0	0	15	0	0	0	0	0	0	0	0	0	0	0	0	0	0	0	0	0	0	0	0	0	0	0	0	0	0	23	20
0	0	17	0	0	0	0	15	16	17	0	0	0	6	40	0	0	0	0	0	0	0	0	0	0	15	0	0	0	0	0	0	0	0	0	15	12	0	0	12	0	0	0	0	0	0	0	17	0	0	17	0	0	0	0	2	4	28	17	18	4	3	3	0	0	0	0	0	0	39	0	6	0	8	9	0	0	0	0	20	0	0	0	0	0	0	0	0	0	0	0	0	18	0	15	0	0	0	0	0	18	0	0	0	0	0	0	18	0	0	14	0	20	0	0	0	16	12	0	0	0	0	0	0	0	15	0	0	0	0	0	0	0	0	7	6	0	0	0	0	0	17	0	0	14	11	0	0	0	13	0	11	0	0	0	0	0	0	13	11	0	17	0	0	0	0	0	0	0	16	0	0	0	0	0	16	0	0	0	0	0	0	0	0	0	0	0	9	16	0	0	0	0	0	0	0	0	0	0	0	0	0	0	0	0	0	0	0	0	0	0	0	0	0	0	0	0	0	0	0	0	0	17	0	0	0	0	36	0	0	0	0	0	0	32	3	3	3	3	16	9	0	0	9	17	0	0	0	0	0	0	0	0	0	0	0	15	0	0	0	16	0	0	15	0	0	0	0	0	0	0	0	15	0	11	0	0	18	0	0	0	0	0	16	0	18	14	3	4	6	16	11	5	3	3	0	0	0	13	10	14	0	0	0	0	0	0	0	0	0	13	13	0	17	0	15	0	0	0	0	31	0	0	0	0	15	0	0	0	0	0	0	0	0	0	0	0	0	0	15	0	0	0	0	0	0	0	0	0	0	8	0	0	0	0	0	0	0	0	0	0	0	0	0	0	12	0	0	0	12	0	0	0	0	0	8	0	0	0	14	0	0	0	0	0	19	0	13	0	0	17	0	0	0	0	11	0	0	0	0	10	0	27	0	0	0	0	0	0	0	8	26	0	0	0	0	0	0	9	0	0	0	0	0	0	0	0	0	0	0	16	4	0	0	0	0	0	0	0	0	0	12	0	0	0	0	18	0	0	18	12	0	0	0	0	0	0	0	0	0	0	0	0	0	14	0	0	0	0	0	0	0	0	0	14	0	0	0	0	0	0	0	0	0	0	0	0	0	0	0	0	0	0	0	0	0	0	0	0	16	0	0	0	13	0	0	0	0	0	7	5	0
0	8	0	19	0	0	0	0	0	0	0	0	0	0	16	0	0	16	0	17	0	0	0	0	0	0	0	0	0	18	0	0	0	15	0	0	0	0	0	15	0	0	0	13	14	0	0	0	0	0	0	0	0	8	0	2	3	14	10	4	3	22	0	0	0	0	20	19	20	9	0	0	0	10	11	0	0	0	0	16	18	0	0	0	0	0	0	0	10	0	28	0	14	0	0	0	0	0	0	0	0	0	0	0	0	0	0	10	13	0	0	0	0	0	0	0	0	0	0	0	0	0	0	0	0	14	0	17	0	0	0	0	0	0	0	0	0	17	0	0	0	0	0	0	24	0	10	0	0	0	0	0	0	0	0	10	0	4	0	11	0	0	0	0	0	0	0	0	0	0	10	14	11	0	0	0	0	18	0	8	11	0	0	9	0	0	0	0	0	0	0	0	0	0	0	0	0	0	17	5	0	0	0	0	0	0	12	0	0	11	17	9	0	0	0	12	0	0	0	0	0	10	0	0	0	0	0	0	0	0	0	16	13	3	3	4	13	20	4	3	0	0	0	0	0	0	0	0	15	0	13	0	0	0	0	0	0	0	0	0	0	0	0	0	0	13	0	0	0	0	14	9	0	0	0	0	0	0	0	0	0	0	0	0	0	0	0	2	15	4	3	4	14	3	0	0	0	0	0	0	0	0	34	0	0	0	0	0	0	0	0	0	0	0	0	0	15	0	0	16	0	0	0	17	0	10	0	0	0	14	0	0	0	11	0	0	18	0	0	0	0	0	0	0	0	9	0	0	0	0	0	0	0	9	0	0	0	0	0	0	18	0	0	11	0	13	17	15	0	0	0	18	0	0	0	0	0	0	0	11	0	0	0	0	9	0	0	0	0	0	0	0	0	0	13	14	0	0	0	0	0	0	16	0	0	0	11	22	15	0	0	0	0	0	0	0	0	0	0	0	0	0	0	0	0	10	0	0	16	0	0	0	0	0	0	0	0	0	22	0	0	10	15	0	0	0	0	0	0	0	0	0	0	0	0	0	12	14	0	0	0	0	0	0	13	0	12	0	0	11	0	0	0	0	0	0	0	0	0	0	0	0	0	0	0	0	0	0	0	0	12	0	0	0	0	0	0	0	0	0	0	0	0	0	0	6	10	0	0	17	0	0
0	0	0	0	24	0	0	0	0	0	0	0	18	12	0	0	0	9	0	0	0	0	0	0	0	0	0	0	0	0	0	0	0	0	0	0	0	16	0	15	0	0	0	0	0	0	0	0	0	0	0	0	0	0	0	0	14	1	0	20	1	0	0	14	0	17	57	30	11	0	0	16	0	0	0	17	0	0	0	0	12	14	0	0	0	0	0	9	0	0	13	0	0	0	0	0	0	0	0	0	0	16	0	0	0	0	0	0	10	0	0	0	0	0	0	16	0	0	0	0	0	0	0	0	16	9	0	0	13	0	0	0	0	0	0	0	0	15	0	0	0	0	0	0	0	0	0	0	0	0	0	0	0	16	0	0	0	0	0	15	0	16	0	0	0	0	0	0	0	0	0	4	14	0	17	0	0	0	0	11	11	12	10	0	0	0	0	0	0	0	0	0	0	0	0	0	0	0	0	0	0	0	0	0	0	0	14	0	0	0	0	0	0	0	0	0	0	0	0	0	16	7	0	10	0	0	0	0	0	0	30	0	2	4	5	16	41	18	6	10	11	0	0	13	0	0	0	0	0	0	0	0	0	0	0	0	15	0	0	0	0	0	0	0	0	0	0	11	0	0	14	11	17	0	0	0	0	11	0	0	0	0	17	0	0	0	0	0	9	2	34	17	19	0	0	0	0	0	0	0	0	0	0	0	0	0	0	0	0	0	0	0	0	0	0	0	9	14	25	0	31	0	0	0	0	10	0	0	0	0	0	0	0	11	0	0	0	0	0	0	0	0	5	0	0	15	0	0	0	0	0	0	0	0	0	0	4	0	0	0	0	0	12	30	0	0	0	20	0	0	0	0	0	0	0	0	0	0	0	0	14	14	0	0	0	0	0	0	8	0	0	0	0	0	19	0	0	0	0	0	0	16	27	17	0	0	0	17	0	0	0	0	0	0	0	10	0	0	0	0	0	0	0	0	15	0	0	0	22	11	0	0	0	18	0	0	0	10	14	0	0	0	8	0	0	0	0	0	0	0	17	0	0	16	10	0	0	0	0	0	0	0	0	0	0	0	0	0	0	0	0	0	0	0	18	0	0	0	0	0	0	0	0	0	0	0	0	0	0	0	14	0	0	0	0	0	0	0	0	0	0	0	0	0	0	0	0	0	0	23	11	0
0	0	0	36	26	9	0	16	0	0	0	0	0	14	0	0	0	14	11	0	0	0	0	0	9	11	0	0	0	0	12	0	11	0	0	0	0	0	0	13	0	0	0	0	0	0	0	0	0	0	0	0	18	0	0	0	10	0	0	0	0	0	0	0	14	21	17	0	0	0	0	0	0	0	0	23	0	0	0	0	0	16	10	0	0	0	0	0	0	8	0	0	0	0	0	0	0	0	0	0	0	18	0	0	0	0	0	0	0	0	0	0	18	0	16	7	7	16	0	0	0	16	12	0	0	0	0	0	0	0	0	0	0	0	0	0	0	0	0	0	0	14	30	11	0	14	10	0	0	0	0	0	0	0	0	0	0	0	9	0	0	0	0	18	0	0	0	0	0	0	0	0	0	0	0	0	0	0	0	0	0	0	0	0	5	0	0	0	14	0	0	0	11	0	0	0	0	0	0	0	0	0	0	9	0	0	0	0	0	0	0	0	0	0	0	15	0	0	0	0	0	0	18	0	0	0	0	0	0	0	16	0	2	4	10	142	604	177	16	4	3	0	0	12	0	0	15	0	0	0	0	0	0	0	0	0	0	0	18	11	15	0	0	0	0	0	0	0	0	13	10	10	0	0	0	17	0	0	0	0	0	0	0	0	0	0	0	0	0	0	12	0	16	0	0	0	10	0	0	0	0	0	0	0	0	0	27	14	0	0	0	13	6	0	0	0	0	24	39	0	8	0	0	0	0	0	0	0	0	0	0	0	0	0	10	0	0	0	0	0	0	12	11	0	10	15	14	14	0	0	0	0	0	0	0	0	0	0	0	0	0	0	0	0	0	0	16	15	0	0	0	0	0	0	0	0	0	0	0	15	0	0	0	0	0	0	0	0	0	0	0	11	17	0	0	11	0	0	0	10	0	16	0	0	0	0	0	0	0	0	0	0	13	28	0	14	0	0	0	0	0	0	15	0	12	0	0	0	0	9	0	0	14	0	0	16	0	0	0	0	17	11	0	0	0	0	0	17	0	0	0	0	0	0	0	0	19	30	11	28	0	0	0	0	0	0	0	0	0	0	0	0	0	0	0	0	0	0	10	0	0	0	0	0	0	0	0	19	0	0	0	0	0	0	0	0	0	0	0	0	0	0	0	0	0	0	0	0	0	0	0	0
0	0	0	0	0	0	0	0	0	0	0	0	0	0	0	0	15	0	0	0	0	0	0	0	7	0	0	0	0	0	15	16	0	0	0	0	0	0	0	0	0	0	0	0	0	0	0	0	18	0	0	0	0	0	0	0	0	0	0	0	0	0	0	0	0	0	0	0	0	0	0	0	0	0	0	0	0	0	0	0	0	0	35	18	15	0	0	0	0	0	0	0	13	0	0	11	19	13	0	0	0	12	5	0	0	0	0	0	0	0	0	0	0	10	0	0	0	0	0	0	0	0	0	9	0	0	0	17	0	0	0	0	0	0	14	0	0	0	0	0	0	0	15	13	0	0	0	18	0	0	0	0	0	0	0	0	0	0	16	0	0	0	0	0	0	0	0	0	0	12	0	0	0	0	0	11	0	0	0	0	0	0	0	0	0	0	0	0	15	0	14	0	0	0	0	18	5	9	0	11	16	0	9	0	0	0	0	0	17	0	14	15	0	0	15	14	0	0	0	0	0	0	0	0	0	0	0	0	0	0	0	0	3	3	15	197	937	248	23	4	4	0	0	0	0	0	0	17	0	0	0	21	0	0	0	0	15	0	0	0	0	0	15	0	0	0	0	15	0	10	0	7	0	0	0	2	0	0	0	11	11	17	0	0	0	0	0	9	0	0	0	0	0	0	0	0	0	0	10	0	0	0	0	0	0	0	0	0	0	9	15	0	0	0	0	0	0	6	17	0	0	0	0	12	0	0	0	0	0	0	0	12	13	0	14	0	0	0	0	0	0	0	0	13	31	0	6	0	0	0	11	0	0	0	19	0	8	0	0	0	0	0	0	0	0	0	0	0	0	0	0	0	0	0	0	0	0	15	0	0	0	0	0	0	0	0	0	0	0	0	0	0	0	0	0	0	0	0	0	0	7	13	0	0	0	0	0	0	0	17	0	0	25	0	0	0	3	0	0	0	0	0	0	0	16	0	0	0	0	0	19	0	13	0	0	0	0	0	0	16	0	0	0	0	0	17	0	0	0	0	0	0	0	0	27	7	0	0	0	15	0	0	0	14	0	0	0	9	0	0	0	0	0	17	13	0	0	0	0	0	0	0	0	0	0	0	0	0	0	0	0	0	0	0	0	0	15	0	0	0	18	5	0	0	0	0	0	0	0	0	21	13
0	0	0	0	0	0	0	0	0	0	0	0	0	0	0	0	0	0	12	0	0	0	0	10	14	0	0	0	0	0	11	0	0	0	0	0	0	14	0	0	0	0	49	0	0	13	0	0	0	0	0	9	0	17	0	0	0	0	0	0	0	0	0	0	0	0	0	0	0	0	0	0	9	0	0	0	8	0	0	0	0	0	0	0	15	0	0	27	15	10	0	14	0	9	9	0	0	0	8	0	0	0	0	0	0	0	0	0	0	0	0	16	16	0	0	0	0	16	0	0	0	0	0	15	0	0	0	0	0	0	15	8	0	0	14	0	0	0	0	0	0	0	0	0	0	0	0	0	0	0	12	13	0	0	0	0	0	0	0	13	0	12	2	0	11	10	0	0	0	0	0	0	14	0	0	0	0	0	0	0	0	0	15	11	0	0	26	0	19	0	0	0	11	0	0	0	0	0	0	0	0	0	0	0	0	0	0	0	0	11	15	0	15	0	0	0	0	0	0	0	18	0	0	0	0	16	0	0	0	17	0	0	2	4	6	60	179	91	6	4	2	0	0	0	0	0	0	7	0	0	0	0	10	0	0	0	0	0	0	0	0	0	24	39	0	0	0	0	0	0	0	0	13	8	16	0	0	0	0	0	0	0	0	0	0	0	0	12	7	0	0	0	0	0	0	15	0	0	0	0	0	0	0	0	0	0	0	12	13	12	12	0	0	0	18	0	15	0	16	0	0	0	0	15	0	0	0	19	0	0	0	28	16	0	0	0	0	0	0	0	0	0	17	0	0	0	0	8	0	0	0	0	0	0	0	0	0	0	0	0	0	0	5	11	0	0	0	0	0	0	0	16	7	16	0	0	0	6	0	15	0	0	0	8	0	0	0	0	0	0	0	11	0	0	0	0	0	0	0	18	0	0	6	0	0	0	0	0	22	16	0	0	0	0	0	0	0	8	0	0	0	0	0	0	0	0	0	0	0	14	7	16	0	0	13	0	15	0	0	17	0	0	0	0	0	0	0	0	0	0	0	0	0	0	0	35	0	0	0	0	0	0	0	8	12	0	0	26	14	0	0	0	0	0	0	0	0	0	0	0	8	0	0	0	0	0	0	0	0	0	0	0	0	0	0	13	12	0	0	0	0	0	0	0	0	0	0	0	11	32	29	25
0	0	0	0	0	0	0	0	0	0	0	0	12	0	0	0	0	0	0	0	0	0	0	0	0	2	0	0	0	0	0	0	0	0	0	0	0	0	0	0	0	0	14	0	0	0	0	0	0	0	0	0	0	0	0	0	0	0	0	0	0	0	0	0	7	0	0	0	0	0	0	0	13	0	0	0	0	0	0	20	9	0	0	0	0	0	0	0	0	7	0	8	0	0	0	0	0	0	2	0	0	0	0	0	18	0	0	0	11	0	0	0	0	0	0	13	0	0	0	0	0	0	0	22	0	0	15	0	0	0	8	0	0	0	16	9	18	0	0	0	0	0	0	0	0	0	0	0	0	17	0	0	0	0	0	0	0	0	19	11	0	9	0	0	0	0	0	0	0	15	13	0	13	0	0	0	0	0	0	0	0	0	0	0	0	0	17	0	0	0	15	0	0	0	0	0	0	0	0	0	0	0	0	0	0	0	0	0	0	0	0	0	0	0	0	0	0	0	0	6	0	13	17	0	7	0	0	0	17	0	0	22	18	3	4	5	12	5	4	4	1	0	0	17	0	0	0	0	36	0	0	0	0	0	0	0	0	0	0	0	0	0	0	0	0	0	0	0	0	0	10	0	4	0	0	0	0	0	0	0	35	0	0	0	0	0	0	0	0	0	0	0	0	0	0	0	0	0	0	0	0	0	0	18	11	12	0	0	0	0	0	0	0	0	0	0	0	12	0	0	0	0	0	0	0	0	0	0	0	0	0	0	0	0	0	0	0	0	16	0	0	0	0	0	0	0	0	10	8	0	0	0	0	0	0	0	0	0	0	0	0	0	11	8	0	16	0	0	0	0	0	0	0	6	0	15	0	0	0	17	0	0	0	0	16	0	10	0	0	0	10	0	14	12	25	16	0	14	5	0	0	0	7	0	0	0	0	0	13	0	0	0	16	0	0	0	0	0	0	0	0	0	0	0	0	0	0	0	0	0	0	0	0	0	13	0	11	17	5	0	14	12	0	15	0	0	0	0	0	0	0	0	0	0	20	0	25	18	0	0	0	0	0	0	21	0	0	0	0	5	18	0	0	0	0	0	0	17	18	0	0	0	0	0	0	0	0	0	0	0	0	0	0	0	17	0	0	0	0	0	0	0	11	15	0	0	0	0	0	11	45	11
0	0	17	0	0	0	0	0	0	0	0	6	0	0	0	12	28	0	0	0	0	0	0	0	0	15	0	0	0	0	0	0	13	0	0	0	9	15	0	0	0	0	0	0	0	0	0	0	17	8	0	0	0	0	0	0	0	0	0	0	0	0	0	0	6	0	0	0	0	0	0	0	0	0	11	15	0	0	0	0	0	0	0	0	0	16	17	0	8	6	0	0	16	10	0	0	15	17	0	0	0	10	3	0	0	0	0	0	15	0	0	0	0	0	0	8	0	0	0	0	12	15	0	17	0	0	6	0	0	0	14	0	0	0	0	0	0	0	11	0	0	0	0	0	6	0	0	0	0	7	37	0	0	0	0	15	7	0	0	0	0	0	0	0	0	0	0	0	0	0	0	18	11	0	0	0	0	0	0	0	0	0	0	0	0	0	0	0	0	0	0	0	10	6	0	0	0	0	0	0	0	0	16	0	0	0	0	16	0	0	0	0	0	0	0	0	0	0	0	31	0	0	0	0	13	0	0	0	0	0	0	0	0	1	13	22	4	4	3	17	0	0	0	0	0	0	0	0	0	0	0	0	0	20	0	0	0	0	0	0	0	0	0	0	0	0	0	0	0	0	0	0	0	0	17	0	0	16	0	17	0	0	0	0	0	0	0	0	0	0	0	0	0	19	0	0	0	12	0	0	0	0	0	0	0	0	0	14	0	0	0	0	0	0	0	17	0	11	0	0	0	0	0	0	0	0	0	9	0	0	0	0	0	0	0	0	0	0	0	0	0	0	0	0	4	16	0	0	10	15	0	0	0	0	0	0	0	0	0	0	0	0	0	10	0	0	0	0	0	15	0	0	0	0	0	0	0	0	0	15	0	10	15	0	0	0	0	0	0	11	0	0	0	0	28	0	0	0	0	0	0	0	0	0	0	0	0	0	0	0	0	0	4	38	15	0	0	0	0	0	16	16	0	0	0	0	0	0	0	0	0	0	14	0	0	0	0	0	17	10	0	0	15	7	0	0	0	0	0	32	13	11	0	0	0	0	0	0	0	0	0	0	0	0	0	3	15	0	0	0	0	18	17	9	0	0	0	0	0	15	14	19	0	0	0	0	0	0	0	0	0	0	0	0	0	0	0	0	0	0	0	0	13	13	0	0	13	20	0	0	16	0
0	0	0	0	0	0	0	0	0	0	0	18	0	0	0	0	0	0	32	0	0	0	0	0	0	17	0	0	0	0	0	0	12	0	0	0	0	17	0	0	0	0	0	0	0	0	16	0	0	0	7	14	0	0	0	12	9	0	0	0	0	15	0	0	0	12	0	0	0	9	16	0	0	0	0	0	0	0	10	0	16	0	0	0	0	0	0	0	0	0	0	0	0	0	20	0	0	0	0	0	0	0	0	0	0	10	0	0	0	0	0	0	0	0	0	0	0	0	0	0	0	0	0	0	0	0	0	0	0	0	11	0	0	0	18	0	0	0	0	0	0	16	0	28	11	11	0	0	0	0	0	0	0	0	0	0	0	0	0	0	0	11	0	0	0	0	0	0	0	0	0	0	0	0	0	0	0	30	14	11	0	0	0	0	0	0	0	0	0	0	0	17	11	0	0	0	0	0	15	0	0	12	0	0	0	0	0	0	0	0	0	0	0	0	0	0	0	15	13	0	0	0	0	0	0	0	0	0	10	0	0	0	0	0	1	2	2	3	0	10	0	0	0	0	0	0	0	0	0	0	0	0	0	0	0	0	0	12	11	18	0	0	0	0	0	0	0	0	0	0	0	0	0	0	0	0	17	0	0	0	13	32	11	0	18	15	16	0	0	12	11	0	0	29	17	15	0	11	0	0	0	12	10	0	7	0	0	17	0	0	0	0	0	0	0	12	0	0	0	0	0	0	0	0	0	0	0	13	9	16	0	0	0	0	0	0	0	0	10	0	0	0	0	0	0	0	0	0	0	0	0	0	0	0	0	17	0	0	15	0	0	0	16	12	0	0	0	0	0	8	0	0	9	15	16	14	0	0	0	0	0	0	0	0	0	0	0	0	0	0	0	0	0	0	0	0	0	0	0	0	0	0	0	0	0	0	0	0	0	0	0	9	0	0	0	0	17	0	0	0	0	0	0	0	0	0	0	0	0	0	0	0	0	0	0	15	0	9	0	14	18	0	9	0	0	0	0	0	0	13	15	0	0	0	0	11	0	14	0	0	17	0	24	22	0	17	25	0	29	14	0	0	17	0	0	0	0	0	0	0	0	0	0	0	17	0	0	0	0	0	0	0	0	0	0	0	0	0	0	0	0	0	0	0	0	11	13	9	0	15	0	0
0	0	0	0	0	0	0	10	18	39	0	0	0	0	14	10	0	0	15	0	0	0	0	0	0	0	0	0	19	0	0	16	734	0	0	0	0	0	0	0	0	0	0	0	0	0	0	0	0	0	0	0	0	0	0	0	0	0	0	0	0	12	17	0	15	0	0	10	0	0	0	0	12	0	0	0	0	0	0	0	0	0	0	9	0	0	0	0	0	0	0	0	0	12	0	19	0	0	0	0	0	0	20	0	0	15	0	0	0	0	0	0	0	0	0	0	0	0	0	0	0	0	0	0	0	0	0	0	0	0	0	0	0	0	0	0	10	14	0	0	0	0	0	0	0	0	0	0	0	0	0	0	0	0	0	0	0	0	0	0	0	0	0	17	18	10	0	0	0	0	0	0	0	0	0	5	0	0	0	0	0	0	0	0	0	0	0	0	11	0	0	0	0	0	0	0	9	0	0	0	0	11	1	0	0	0	0	0	14	0	0	0	12	0	0	0	0	0	0	0	0	0	0	0	0	0	0	0	16	0	0	0	0	0	11	0	0	0	0	0	0	0	0	0	0	0	0	0	0	0	0	0	0	0	11	0	7	0	0	0	0	0	0	0	0	0	0	0	0	10	0	0	0	0	0	0	0	0	0	0	8	22	0	0	0	0	0	0	0	0	0	0	8	18	0	16	16	18	21	0	27	11	0	15	0	0	0	0	0	0	0	0	0	0	0	0	16	0	0	0	0	0	0	12	12	0	0	0	0	0	0	0	0	0	0	0	0	8	0	0	0	0	0	0	0	0	0	0	0	0	11	0	0	0	0	10	11	0	0	0	0	0	0	10	0	0	0	0	0	0	0	0	0	16	0	0	0	0	0	0	0	0	0	0	17	0	0	0	0	0	0	0	0	0	0	0	0	0	0	0	0	0	0	0	0	0	11	0	0	0	0	5	0	0	0	14	13	11	0	0	0	0	0	0	0	0	0	0	0	0	0	0	0	0	0	0	0	0	17	0	4	16	0	0	0	0	0	0	0	0	0	0	0	0	10	21	0	0	0	0	0	0	0	14	0	0	12	14	0	0	0	12	0	0	0	0	0	0	0	0	0	0	14	9	10	0	17	0	0	0	10	0	0	0	0	0	0	0	0	0	0	0	0	0	0	0	11	11	0	0	0	0
0	0	0	0	0	0	0	11	9	17	23	13	0	0	10	0	13	8	0	0	0	0	0	0	0	18	0	0	0	0	0	0	0	0	0	0	0	0	0	0	0	0	0	0	0	0	0	0	0	0	0	9	0	0	0	0	0	0	0	0	0	17	0	0	0	0	0	0	0	0	19	0	0	2	0	0	0	0	0	0	0	0	0	0	0	0	0	0	0	0	0	0	12	0	0	17	0	0	11	22	0	0	0	0	0	0	0	0	17	33	0	0	0	0	0	0	0	0	0	0	0	0	0	0	0	0	15	0	0	0	0	0	0	0	0	0	8	0	0	0	0	0	10	0	0	0	0	0	0	0	0	8	12	12	0	14	0	0	0	0	0	0	0	0	15	0	0	0	0	0	0	0	0	0	0	0	0	0	0	0	0	0	0	0	0	0	0	0	0	0	0	0	0	0	0	0	0	0	0	0	0	14	0	17	0	16	0	0	18	0	0	0	8	0	0	0	8	13	0	0	0	0	0	0	0	0	0	0	0	0	0	0	0	0	0	0	0	0	0	0	0	0	0	0	9	0	11	0	0	0	0	0	12	0	0	0	0	16	0	0	0	0	0	0	0	0	0	0	0	13	0	0	0	0	0	0	0	0	0	0	0	0	11	0	10	0	0	0	11	0	10	0	0	0	0	0	11	13	0	0	0	0	19	8	0	0	0	0	18	13	0	0	0	0	0	0	8	0	0	0	0	0	7	17	0	0	0	0	0	0	13	0	0	11	0	0	0	16	0	0	0	0	0	0	0	0	0	0	0	0	0	0	0	0	0	0	0	0	0	0	0	9	23	0	0	0	0	0	0	7	0	0	7	0	0	0	0	0	11	0	0	0	0	0	0	16	0	0	0	0	0	0	0	0	0	0	0	0	14	0	0	0	0	0	0	0	0	0	0	0	0	0	0	0	0	12	17	0	0	0	0	15	11	0	0	0	0	0	0	0	0	0	0	0	0	0	0	0	6	0	0	0	16	13	0	0	0	0	0	0	0	0	0	0	0	0	0	0	0	0	0	15	0	18	0	0	12	17	0	0	0	14	0	0	0	0	0	0	0	0	15	0	0	0	0	0	0	0	0	16	0	0	0	0	0	0	16	0	0	0	0	0	14	12	0	0	12	0	12	0	0	0
0	0	0	0	0	0	0	0	0	0	13	31	0	0	0	0	0	0	0	0	0	0	0	0	0	0	0	0	0	0	0	18	0	18	5	0	0	0	0	0	0	0	0	0	0	0	0	0	0	0	0	16	0	0	0	0	0	0	0	0	0	0	7	0	0	0	0	0	0	0	0	0	0	8	0	0	0	0	0	0	0	12	18	0	0	0	9	0	0	12	12	9	0	0	0	0	0	0	16	5	0	0	0	0	0	0	0	0	0	0	0	0	0	0	0	0	0	0	0	0	0	0	0	0	0	0	9	10	13	0	0	15	0	0	11	0	0	0	0	16	0	0	0	0	0	0	0	0	0	0	0	0	0	0	0	13	12	0	11	0	0	0	0	0	12	0	0	0	0	14	0	0	0	0	0	0	0	0	0	0	0	0	0	0	0	0	15	0	0	0	0	0	0	0	0	0	18	0	0	0	0	0	0	0	0	0	14	0	0	0	0	14	0	0	0	0	0	0	0	0	0	0	0	0	0	0	0	0	0	0	0	0	0	0	0	8	0	14	11	0	0	0	0	0	5	0	11	0	0	0	0	0	18	0	0	0	25	0	0	0	19	0	0	0	0	0	0	0	13	13	0	19	9	0	0	0	0	0	0	0	0	0	0	17	0	19	0	0	0	0	0	0	0	0	0	13	8	10	0	0	0	0	0	0	0	0	0	0	0	0	0	16	0	0	0	0	0	0	0	0	7	0	0	0	0	0	0	0	0	0	11	0	0	13	0	0	0	12	0	0	0	0	0	0	0	0	0	0	0	15	14	0	0	29	1	0	0	0	0	0	0	0	12	0	0	0	0	0	0	0	6	0	11	0	0	0	0	0	14	0	0	16	0	0	0	0	0	0	0	0	19	0	14	0	0	0	0	0	0	0	0	0	0	0	0	0	0	0	0	0	0	0	0	0	0	0	3	0	0	0	0	11	0	12	0	0	11	0	0	0	0	0	0	0	0	0	0	0	0	0	0	0	0	13	17	0	0	0	0	0	10	0	11	0	0	0	0	0	0	0	0	0	0	0	0	0	0	18	0	0	0	0	0	0	0	0	0	0	0	0	0	0	0	0	0	0	0	0	0	0	0	0	0	0	0	0	0	0	0	0	0	0	0	0	11	0	12	17	12	6	0	0
0	0	0	0	15	0	10	0	0	0	0	15	13	0	0	0	0	15	17	0	0	0	0	0	0	0	0	0	0	0	9	0	0	16	0	0	0	0	0	0	0	0	0	0	0	0	11	15	0	0	0	0	0	0	16	0	0	0	0	0	0	4	11	18	11	0	0	0	11	0	0	0	0	0	12	0	12	0	0	0	0	0	6	0	0	0	15	0	0	12	0	0	0	0	0	0	0	0	0	0	0	0	0	18	0	0	0	0	0	0	0	0	0	0	0	0	0	0	0	0	0	0	0	0	0	0	0	0	14	0	0	0	15	0	0	31	0	0	0	0	0	0	0	0	0	0	0	0	0	0	0	0	0	0	0	0	0	0	0	0	0	8	0	0	0	0	0	0	0	0	0	0	0	7	0	0	0	0	0	0	0	0	0	0	15	0	0	0	10	0	0	0	0	0	0	0	0	0	0	0	0	0	0	0	0	0	16	0	0	0	0	0	0	0	0	0	0	0	0	15	0	0	0	0	2	0	0	0	0	14	0	0	0	0	0	0	0	0	15	18	10	29	0	13	11	0	0	0	0	0	0	8	19	0	14	0	11	0	0	18	0	0	7	0	0	0	20	0	0	0	0	2	10	0	0	0	0	0	0	0	0	0	0	18	11	0	0	0	0	0	0	18	0	11	8	14	3	18	0	0	0	0	0	0	0	0	0	0	0	0	0	0	0	0	0	0	0	0	0	0	13	0	0	0	0	10	0	0	0	0	0	16	0	0	0	0	0	0	0	0	0	0	8	0	0	0	0	0	0	0	0	0	0	0	0	0	0	0	0	0	0	0	0	2	10	0	0	0	0	0	0	0	0	0	0	0	13	0	0	0	0	16	15	0	10	0	0	0	0	0	0	0	19	0	31	0	16	0	16	10	0	0	0	0	17	0	0	0	0	0	0	15	0	0	0	0	0	16	10	0	0	13	0	0	0	0	33	0	0	0	0	0	17	0	0	0	0	0	0	0	0	0	0	0	11	36	0	0	0	15	24	0	0	0	0	13	15	0	0	0	0	0	0	0	0	0	0	29	0	0	0	0	11	0	0	0	0	16	10	0	0	0	0	0	0	0	0	0	0	0	0	0	0	0	0	0	0	9	0	0	0	0	0	0	0	0	0	0	0	0	0	10
18	0	0	0	13	0	0	0	0	0	0	0	24	0	0	0	0	0	18	16	0	0	0	0	0	0	0	0	0	0	16	0	0	0	0	0	0	0	0	0	0	0	10	11	0	0	0	0	0	0	0	0	0	0	9	0	0	0	0	0	0	0	16	0	0	0	0	0	16	0	0	0	0	0	0	0	0	0	0	0	0	24	30	34	8	0	0	0	0	19	0	0	0	0	0	0	0	0	0	0	0	0	10	0	0	0	0	0	0	0	0	0	0	0	0	0	0	0	0	0	0	0	0	0	0	0	9	7	0	0	0	0	0	0	0	0	0	0	0	0	0	0	0	14	13	0	0	0	0	0	0	4	17	0	0	0	0	14	0	0	0	0	0	0	0	0	0	14	0	0	0	0	0	2	20	0	0	0	0	0	0	16	0	0	0	0	0	0	19	0	0	10	17	0	18	0	0	0	0	0	0	11	0	0	0	0	0	0	0	0	0	0	0	0	0	0	0	0	0	0	0	0	0	0	16	0	2	8	0	0	0	0	0	0	0	20	0	0	10	0	0	15	0	0	0	0	23	26	0	0	0	8	0	0	0	0	5	0	0	0	0	15	52	20	0	0	0	0	18	0	0	0	0	0	0	0	0	0	0	0	0	0	0	0	0	0	0	0	0	0	0	0	0	11	3	17	16	0	0	0	0	0	0	0	0	12	6	17	0	0	0	0	0	0	0	8	0	0	0	0	0	0	0	0	0	15	9	0	0	0	0	15	13	0	0	0	0	0	0	0	0	0	14	0	0	0	10	0	0	0	15	0	0	0	0	0	0	0	0	0	0	0	0	9	11	0	0	13	27	13	15	0	0	0	0	0	10	0	0	15	0	0	10	0	0	0	0	0	13	0	0	0	0	0	7	0	0	0	0	0	11	0	0	0	0	0	0	0	0	0	0	0	14	27	0	0	0	0	0	0	0	0	0	0	0	0	0	5	0	0	0	18	0	0	0	0	11	0	0	0	0	0	0	10	0	0	0	0	0	0	17	7	16	0	0	0	0	0	0	0	5	0	0	0	0	14	8	16	0	0	0	0	12	9	0	0	0	0	16	0	0	8	0	0	0	0	0	0	0	0	0	0	0	0	0	0	14	0	0	0	0	0	0	0	17	0	0	0	0	0	19	0
0	0	0	0	0	0	0	0	0	0	0	0	16	0	0	0	0	0	15	0	0	0	0	17	0	0	0	0	0	0	0	0	0	0	0	0	0	0	0	0	0	0	0	0	0	20	0	0	0	0	0	0	0	0	0	0	0	0	0	0	0	0	0	0	0	18	0	13	0	0	0	0	0	0	0	0	0	16	0	14	14	0	0	11	4	0	0	17	0	0	0	0	0	0	0	0	0	0	0	0	0	12	14	0	2	0	0	0	0	0	0	0	0	0	0	0	0	0	0	0	18	0	0	0	0	0	23	16	0	15	11	0	10	0	0	0	0	0	0	0	0	0	0	21	14	9	0	0	0	0	10	0	0	0	0	0	0	12	0	0	13	26	0	0	0	0	0	0	0	0	0	0	0	0	0	0	0	0	0	0	29	0	0	0	0	0	0	0	5	13	0	17	0	0	0	0	0	0	0	0	0	15	0	0	0	0	0	0	0	0	0	0	0	0	18	0	0	0	0	0	0	0	0	0	0	0	16	0	8	0	0	0	35	0	0	0	7	15	9	0	0	0	0	0	0	0	0	0	0	0	0	0	0	0	0	0	18	0	0	0	0	0	7	0	0	0	0	17	0	0	0	0	0	0	0	0	0	0	0	0	0	0	0	0	0	0	0	0	0	0	0	0	0	0	0	16	0	0	0	0	0	0	0	0	0	0	16	0	0	10	0	0	0	0	0	0	0	0	0	0	0	0	0	0	0	0	0	0	0	0	0	0	0	0	0	18	0	0	0	17	0	0	0	0	0	0	0	7	0	0	0	0	12	11	0	0	10	0	0	0	0	0	0	0	0	0	0	0	12	0	0	0	0	0	0	0	0	0	0	0	13	0	0	0	0	0	0	0	0	0	10	0	0	0	9	0	0	0	0	0	0	0	0	0	0	0	0	0	0	0	0	0	0	0	0	0	15	0	0	0	0	0	0	0	0	0	0	0	0	0	0	0	0	0	8	0	0	0	0	0	0	0	15	12	0	0	0	0	0	0	0	0	0	0	0	0	0	0	0	0	0	14	0	0	0	0	20	11	0	0	0	0	0	0	0	0	0	0	0	0	0	0	0	0	0	18	0	0	0	0	0	0	0	0	0	0	15	0	14	0	0	0	19	0	0	0	0	12	0	0	0	0
0	0	0	0	0	0	0	0	17	0	0	0	9	16	0	0	0	10	0	0	0	0	0	0	0	16	7	15	0	0	0	0	0	0	0	0	0	0	0	0	0	0	0	0	0	0	0	0	0	0	0	0	0	0	0	0	0	0	0	0	0	0	0	0	0	0	0	17	0	0	0	0	0	0	0	0	0	0	15	0	0	0	0	0	0	0	0	0	0	0	0	0	13	15	0	0	0	0	0	0	21	35	0	0	15	0	0	0	0	0	0	0	0	0	0	0	0	0	0	0	0	0	0	0	0	0	17	35	0	0	0	0	0	0	0	0	14	11	0	0	0	0	0	14	0	0	31	10	11	0	0	18	0	0	0	0	0	0	0	0	0	0	0	0	0	9	0	0	0	0	0	0	0	0	0	0	0	0	0	0	12	2	0	0	0	0	0	0	0	10	17	0	0	0	0	0	0	0	0	0	15	0	11	0	0	0	0	0	0	0	0	0	0	0	0	0	0	0	9	0	0	0	0	0	0	0	0	0	0	0	9	0	0	0	0	0	0	8	0	0	13	0	0	0	0	0	0	0	0	0	0	0	0	6	12	18	0	0	0	0	0	0	0	0	9	12	17	14	14	0	0	0	7	11	0	0	0	0	0	0	0	0	0	0	0	0	0	0	0	0	0	0	0	0	12	0	0	0	0	15	9	0	0	0	0	0	0	0	0	0	0	0	0	0	0	0	0	0	0	0	0	0	0	0	0	0	0	0	0	0	0	0	0	0	0	0	0	0	0	0	0	0	0	0	0	0	0	0	0	0	0	0	0	0	0	0	0	0	0	0	0	0	0	0	0	0	0	0	0	0	0	0	0	0	0	0	0	0	0	0	5	16	0	0	0	0	0	0	0	13	28	16	15	35	19	9	0	0	0	0	4	0	0	0	0	0	0	0	0	0	0	0	11	13	0	0	0	0	0	0	0	0	0	0	0	0	0	0	0	0	0	0	0	0	0	0	0	0	0	0	0	0	0	0	0	0	0	0	0	0	0	0	0	0	0	0	0	0	0	0	12	10	0	0	0	17	15	0	0	0	0	0	0	0	0	0	0	0	0	8	0	0	0	0	0	0	0	0	0	0	0	0	24	0	11	0	0	0	0	0	0	16	0	0	0	0	0	0	0	0	0	0
15	9	0	0	0	0	0	17	0	0	0	0	0	22	0	0	0	0	0	0	0	0	0	17	27	12	0	18	34	0	0	0	13	0	0	0	0	0	0	0	0	0	0	0	0	0	0	0	0	0	0	0	0	0	0	7	0	0	0	0	16	0	0	0	0	16	0	0	0	0	0	0	0	16	13	0	0	9	0	0	0	0	0	13	15	0	0	0	0	0	0	0	0	0	0	10	0	0	0	20	0	0	0	0	0	0	0	0	0	0	0	0	0	0	0	0	0	14	10	0	0	0	19	0	0	0	14	21	0	0	0	0	0	0	0	0	0	0	0	0	0	0	0	0	0	8	0	0	0	0	0	0	0	0	0	0	17	8	0	0	0	0	0	0	0	0	0	0	0	0	0	0	0	0	0	0	0	0	0	0	0	0	20	0	0	0	0	0	0	0	0	0	0	0	0	0	0	0	17	0	11	0	0	0	0	0	0	0	0	0	0	0	0	0	0	0	0	0	14	0	0	0	0	0	0	0	0	0	0	0	0	0	16	0	0	11	0	0	12	0	0	0	0	0	0	8	0	0	0	0	0	0	0	10	14	18	0	0	0	0	0	0	0	21	0	0	0	4	0	0	0	0	0	0	0	0	0	0	0	0	0	0	0	0	0	0	0	0	0	0	0	0	0	0	14	0	0	0	0	0	0	0	0	0	0	0	0	10	0	0	0	0	14	0	0	0	0	0	0	0	0	0	11	0	0	0	0	0	0	0	14	0	0	0	0	0	0	0	9	0	0	8	0	0	0	15	12	0	0	0	0	14	14	0	0	0	0	0	0	0	15	0	0	0	0	0	23	13	0	0	0	14	0	0	0	0	0	0	17	0	16	11	0	0	0	0	0	0	18	0	0	0	0	0	7	16	20	14	14	0	0	0	0	0	0	0	0	0	14	9	0	0	0	0	0	0	0	0	0	0	0	0	0	0	0	21	0	0	0	0	0	0	0	0	0	0	0	0	0	0	12	0	0	0	0	0	0	0	0	0	0	0	0	0	0	0	0	10	0	0	0	0	0	0	0	9	0	0	0	0	0	0	0	0	0	0	0	0	0	0	11	0	11	0	0	0	0	0	0	0	0	0	0	17	12	0	0	0	0	0	0	0	0	0	0	0	0	0	16	16	0	0
0	0	0	0	0	0	0	0	5	0	0	0	0	0	0	0	0	19	0	10	0	11	0	0	0	0	14	1	0	0	0	11	27	0	0	0	0	0	0	0	0	0	0	0	0	0	0	0	0	0	0	0	0	0	0	0	0	0	0	0	0	0	0	0	0	0	0	0	0	10	0	0	0	0	0	0	0	16	22	0	0	0	0	0	11	0	0	0	0	0	0	0	0	0	0	0	0	0	7	13	0	0	0	0	0	0	0	0	0	16	10	0	0	0	0	0	0	0	0	0	0	0	0	0	0	0	0	0	0	0	0	0	0	0	0	0	9	13	0	0	0	0	0	0	0	0	0	0	0	0	16	0	0	0	0	0	0	0	0	0	0	0	0	0	0	0	0	0	0	0	0	0	0	0	0	0	0	0	0	7	9	40	0	0	0	0	0	0	0	11	10	0	0	0	0	0	0	0	0	0	0	8	0	0	0	0	0	0	0	0	8	0	0	18	0	12	0	0	0	0	0	0	0	0	11	13	0	0	0	12	0	0	0	0	0	0	0	0	0	0	0	19	0	0	0	0	21	12	0	0	0	0	0	0	0	0	0	0	0	0	0	0	0	0	0	14	13	0	0	0	0	0	0	0	0	0	0	0	0	0	0	0	0	0	0	0	0	0	0	0	0	0	0	0	0	0	0	0	0	0	0	0	0	0	0	0	0	0	0	29	0	0	11	0	0	0	0	0	0	0	0	0	0	0	0	17	0	0	0	0	0	0	0	0	0	0	0	6	0	7	11	0	0	0	0	0	0	0	0	0	0	18	0	16	0	0	0	0	0	0	0	0	0	12	14	0	0	0	0	0	0	0	0	0	16	0	0	0	0	0	15	0	0	0	0	26	14	0	0	17	0	0	0	0	0	0	0	0	16	0	0	0	0	0	0	0	0	0	0	0	0	0	0	0	15	0	16	0	0	0	0	0	0	0	0	0	0	0	0	15	0	0	0	0	0	0	0	0	18	0	13	0	0	17	0	0	0	0	0	16	0	10	0	0	10	0	0	0	0	0	16	0	0	0	0	15	0	0	12	0	0	9	10	0	0	0	0	0	0	0	0	0	15	0	0	0	0	0	0	0	0	0	0	0	0	0	0	0	0	0	12	6	2	17	0	0	0	0	0	0	0	0
0	0	0	12	17	0	0	0	0	0	0	0	30	14	0	0	23	0	0	0	0	0	0	0	0	0	0	0	0	0	0	0	0	0	0	0	0	0	0	0	0	0	0	16	0	0	0	0	7	3	0	0	0	0	0	0	0	0	13	7	0	0	0	0	0	0	0	0	0	15	17	10	0	0	0	0	0	3	23	0	0	0	0	0	10	11	0	0	0	19	0	0	0	0	0	0	0	14	0	0	0	0	0	0	16	0	16	11	0	0	0	0	0	0	0	0	0	0	9	0	26	13	0	0	0	0	0	0	0	0	0	15	0	16	0	0	0	0	0	0	0	0	0	0	0	0	7	0	0	0	4	0	14	6	3	0	0	0	0	0	0	0	0	0	0	0	0	0	0	0	0	0	9	0	0	0	17	0	0	0	7	6	0	0	0	0	0	15	11	0	0	0	0	0	0	0	0	0	0	0	0	0	0	0	0	0	0	0	0	24	25	0	0	0	0	0	0	0	0	0	0	0	0	0	0	0	0	0	0	0	0	0	24	0	0	0	0	0	0	0	0	0	0	0	9	0	0	0	0	0	0	0	0	0	6	0	0	0	0	0	0	0	0	0	40	13	0	17	0	0	0	0	0	0	0	0	0	0	0	0	0	0	0	17	0	0	0	0	0	0	0	8	13	0	0	0	0	0	0	0	0	0	0	0	0	0	0	0	12	14	0	0	0	0	0	0	0	0	0	0	0	0	14	0	0	0	0	0	10	12	0	0	0	0	0	0	0	9	0	0	0	0	0	14	6	0	0	0	0	0	0	0	0	0	0	0	0	0	0	0	0	0	0	0	0	0	0	0	0	0	17	0	0	0	0	0	0	0	0	0	0	0	0	0	0	0	0	0	0	0	0	0	0	0	0	0	0	0	0	0	0	0	0	0	0	13	13	0	0	0	0	0	0	0	0	0	0	0	0	0	0	0	0	0	0	0	0	0	0	0	0	0	0	0	0	0	0	0	0	0	0	0	0	0	0	0	0	0	0	6	0	0	0	0	0	0	0	0	0	16	24	0	0	0	0	0	0	0	0	0	0	0	0	0	0	0	0	0	0	0	11	0	0	0	0	0	0	17	0	0	8	0	0	0	0	0	0	0	0	0	0	0	0	0	0	0	20	0	0	0	0	0
11	10	0	0	0	10	0	0	0	0	0	0	12	11	0	0	17	0	0	0	0	0	0	0	0	0	0	0	0	0	0	17	0	0	0	0	0	0	0	0	0	0	16	0	0	0	0	12	0	0	0	0	0	0	0	0	0	0	0	0	0	12	0	0	12	30	0	0	0	0	0	12	19	17	17	15	20	18	17	0	0	12	0	0	0	0	0	0	0	13	16	0	0	0	0	13	0	0	0	0	0	0	0	0	0	0	0	0	11	14	6	0	10	0	0	0	0	0	0	0	14	0	0	0	0	0	0	0	0	0	0	0	0	0	0	0	0	9	20	13	0	0	0	16	0	0	0	12	0	0	0	0	10	14	0	12	28	0	0	0	0	0	0	0	0	27	0	0	0	0	0	0	14	0	0	0	0	0	0	0	0	0	0	0	0	0	0	0	0	0	14	0	0	0	0	0	0	0	0	0	0	0	16	0	16	0	0	0	0	0	0	0	0	0	0	0	0	0	0	0	0	0	12	15	11	0	0	0	0	0	0	0	0	0	0	0	0	0	0	11	0	0	0	0	0	0	0	0	0	0	15	0	0	0	0	0	11	0	0	0	0	0	0	0	0	0	0	0	0	0	3	12	0	18	0	0	0	0	11	0	0	0	0	0	0	0	0	0	0	18	0	0	9	0	0	0	0	0	0	0	0	0	0	0	0	0	0	0	0	0	0	0	0	17	0	0	0	0	17	14	0	0	6	13	19	11	0	0	0	0	0	0	18	0	0	0	0	14	0	0	0	0	0	0	17	0	0	0	0	17	0	13	13	0	0	0	0	0	0	0	0	3	13	0	20	14	0	0	0	0	10	0	0	0	0	0	0	0	0	0	0	0	0	0	10	16	0	0	0	0	0	0	0	0	0	0	0	0	0	8	0	0	10	0	0	0	16	0	0	0	0	0	0	0	0	0	0	0	0	0	0	0	0	0	0	0	16	11	0	0	0	0	0	0	0	15	0	0	0	0	0	15	0	0	0	0	0	0	0	0	0	0	0	0	12	5	0	0	0	0	0	0	0	0	0	0	0	0	0	17	0	10	0	0	0	0	0	0	0	0	17	0	0	0	0	0	0	0	0	0	0	0	0	0	0	0	0	0	0	0	0	0	0	0	0	13	0	0	0	0	21	0
6	7	0	0	17	0	0	0	0	0	0	0	0	0	0	15	4	0	0	0	0	0	0	0	0	8	12	0	0	0	0	0	0	0	0	0	0	0	0	0	0	0	0	0	0	0	0	16	7	0	0	0	0	0	0	14	7	0	0	0	0	0	0	0	0	0	0	0	0	0	0	0	0	0	0	0	0	0	0	0	19	0	0	0	0	0	0	0	0	0	0	0	31	0	23	1	0	0	0	0	0	0	0	0	0	14	0	0	0	15	0	0	17	0	0	0	0	0	0	0	16	0	0	0	0	0	0	0	0	0	0	0	0	0	0	0	0	0	0	0	0	0	0	0	0	0	0	0	0	10	0	0	0	0	0	0	0	0	0	0	0	13	0	0	3	15	16	8	0	0	0	0	0	0	0	0	0	16	0	0	0	0	0	0	0	0	0	29	11	0	0	0	0	0	0	0	11	0	0	9	0	0	0	0	0	16	0	0	18	0	0	0	0	0	38	0	0	0	0	0	0	0	0	0	0	0	11	0	0	0	0	0	0	0	14	10	0	0	0	0	11	0	0	0	0	0	10	0	0	0	0	0	0	18	0	35	0	0	0	0	0	0	0	0	0	0	0	0	0	0	16	0	0	0	0	0	0	0	16	0	0	0	0	0	0	15	13	0	0	0	16	0	0	0	0	0	0	0	10	0	0	0	0	13	0	0	0	0	0	0	0	0	3	11	0	0	0	0	0	0	0	0	0	14	17	0	0	0	0	0	0	0	0	0	0	0	9	0	0	0	0	0	0	0	0	8	0	0	0	24	0	0	0	0	0	0	0	0	0	0	0	0	0	0	9	5	0	0	0	0	0	0	0	15	9	0	0	0	0	0	0	14	9	0	0	0	0	0	0	0	14	23	0	0	8	0	12	0	0	0	0	0	0	0	0	0	0	0	0	0	0	0	0	0	0	0	0	0	0	0	0	0	0	0	11	0	0	0	0	0	0	0	0	0	0	17	0	0	0	0	0	0	13	7	0	0	0	0	0	0	0	0	0	0	16	0	0	0	0	0	0	5	0	10	0	0	0	0	0	0	0	0	0	0	0	0	0	0	0	0	8	0	0	0	17	14	13	0	0	0	0	0	0	16	0	0	0	0	0	0	0	0	0	0	0	13	0	0	0	7	0	0
0	0	14	12	0	0	0	0	0	11	0	13	6	0	0	22	0	0	15	19	0	0	0	0	0	19	9	0	0	11	0	0	0	0	0	0	0	0	0	0	0	0	0	14	0	34	0	0	0	0	0	0	0	0	0	0	0	0	0	0	0	0	0	0	0	0	0	0	0	0	0	0	0	0	0	11	16	0	0	0	0	0	0	0	0	0	0	0	0	0	0	18	0	17	0	11	0	6	0	0	0	0	13	15	0	0	0	0	0	0	0	0	0	0	0	0	0	0	0	0	0	0	0	0	0	0	0	0	0	0	0	0	0	0	0	0	0	14	10	0	0	0	5	17	0	7	14	10	0	15	0	0	0	0	0	0	0	0	0	0	0	0	0	0	0	0	0	0	0	0	12	10	0	0	0	0	0	0	0	0	0	0	0	0	0	0	0	14	16	10	0	12	0	0	0	0	0	0	0	0	0	0	0	0	11	0	0	0	16	9	9	0	0	0	14	0	0	0	0	0	0	0	0	0	0	0	0	0	0	0	0	0	0	0	0	0	0	0	0	0	32	17	0	0	0	0	14	0	0	0	0	0	0	14	14	28	0	0	0	10	0	0	0	0	0	0	0	0	0	0	0	0	0	0	0	0	0	0	0	0	11	0	0	0	15	0	0	0	0	0	15	0	12	0	0	0	17	0	0	0	0	0	13	0	15	10	0	0	0	0	0	0	15	9	0	0	0	0	0	0	0	0	0	0	0	15	11	0	0	0	0	0	0	0	0	0	0	0	0	0	0	0	0	0	0	0	0	0	0	0	0	0	14	0	4	0	0	0	0	11	0	0	0	0	26	0	0	0	0	0	0	0	13	20	0	0	0	0	0	0	0	0	0	0	0	0	14	0	0	11	13	0	0	0	9	0	0	0	0	0	0	0	0	0	0	0	0	0	0	16	0	10	5	0	0	0	0	0	3	0	0	0	0	0	0	0	0	0	0	0	0	0	0	0	0	0	0	0	0	0	0	0	11	0	0	0	0	0	0	0	0	0	0	0	0	0	0	0	0	0	0	0	0	0	0	0	0	0	0	0	0	0	0	15	0	14	10	0	0	0	0	0	0	0	0	0	0	0	0	0	0	0	0	0	0	0	0	0	0	0	0	0	0	14	0	0	0	0	0	17	0	0
0	0	0	0	0	0	0	0	0	0	0	0	0	0	32	18	0	0	10	0	0	0	0	0	0	0	16	0	0	0	0	14	0	12	0	0	0	19	18	10	0	0	0	12	0	8	0	0	0	0	17	0	0	0	0	0	0	0	0	0	0	21	0	0	0	0	10	17	0	0	0	0	0	0	0	0	0	0	0	17	0	0	0	0	0	0	0	0	0	0	0	0	0	0	0	0	0	23	9	0	0	0	0	0	0	0	0	0	0	0	0	0	0	0	2	10	0	0	0	0	0	0	16	8	0	19	7	0	0	0	0	0	0	0	0	0	0	0	0	0	0	0	0	0	0	0	0	14	0	6	0	0	0	0	0	0	0	0	17	0	0	0	0	0	0	0	18	0	0	0	18	13	0	15	0	0	0	0	0	0	0	14	0	0	0	0	0	0	10	0	0	0	0	0	0	0	0	0	0	0	0	0	0	0	17	10	0	0	0	0	0	0	0	0	0	0	0	0	0	0	12	14	0	0	0	16	0	0	6	6	0	0	0	0	0	0	0	0	0	0	0	0	0	0	0	0	0	0	0	0	0	0	0	0	0	0	0	0	0	0	0	0	0	0	0	0	0	0	0	12	23	0	0	0	0	0	0	0	0	0	0	0	0	0	0	0	0	0	28	0	0	0	0	0	0	0	0	0	0	0	0	0	8	0	0	0	0	0	0	0	0	0	0	0	0	0	0	0	0	0	0	0	19	0	13	0	14	7	0	0	17	0	0	0	0	0	0	19	0	0	0	0	0	0	0	0	11	12	0	0	0	0	7	0	0	0	6	0	0	0	0	0	9	15	12	0	15	0	0	0	0	0	0	0	0	0	0	0	0	0	0	0	0	0	0	0	0	0	0	0	0	0	0	0	0	0	0	15	0	0	0	0	0	0	0	0	8	0	0	0	0	0	0	0	0	0	0	12	28	0	0	0	0	0	0	0	0	0	0	0	0	0	0	0	0	0	0	0	0	0	0	0	15	29	22	0	13	0	0	9	0	0	5	8	0	0	0	0	0	0	0	0	0	0	0	0	0	15	8	0	0	0	0	12	0	16	0	0	0	0	0	0	0	0	0	0	0	0	0	0	0	16	0	11	0	0	0	0	0	0	0	0	0	28	0	0	0	0	0	0	6	0
0	0	0	0	0	0	0	0	0	0	0	0	0	0	20	18	0	0	0	0	0	0	0	0	0	0	0	9	0	0	0	14	0	12	18	0	0	0	0	0	0	0	0	0	0	0	0	0	0	0	25	17	0	0	0	0	0	0	0	0	0	0	0	0	0	0	13	14	17	0	0	0	0	12	11	12	14	0	16	0	0	0	0	0	0	17	0	0	0	17	0	0	0	0	0	0	0	0	0	0	4	16	0	0	0	0	0	0	0	11	0	0	0	0	8	12	0	0	0	0	0	0	0	0	0	25	0	0	10	0	0	0	0	0	0	0	0	0	0	0	0	0	0	0	0	0	0	0	0	0	0	0	0	0	0	0	0	0	0	0	0	0	0	5	0	0	23	8	0	16	0	0	0	0	0	0	0	17	17	0	0	0	15	0	0	0	0	0	17	0	18	0	0	0	0	0	0	0	0	0	0	0	0	0	0	0	0	0	0	0	0	0	0	0	0	0	0	0	0	0	0	0	0	0	0	10	0	0	0	0	0	0	12	0	0	0	8	0	0	9	0	0	0	0	0	0	17	24	0	0	0	0	0	0	0	0	0	0	0	11	0	0	0	9	16	13	0	0	0	0	0	0	0	0	0	0	16	0	0	0	0	0	0	0	0	0	0	0	0	0	0	0	0	0	0	0	0	0	0	0	0	0	0	0	0	0	0	0	0	16	0	16	0	0	0	0	0	0	0	0	0	15	10	0	0	0	0	12	0	0	0	0	0	0	0	0	0	0	14	7	0	0	9	11	0	0	0	0	0	0	0	16	0	0	0	0	35	0	0	0	0	0	14	0	0	0	0	0	0	0	0	0	0	0	0	0	0	0	0	0	0	0	0	0	0	0	0	0	0	0	0	0	0	0	0	13	0	12	0	15	0	0	0	18	0	0	0	0	0	10	0	0	0	0	9	0	0	0	0	0	0	0	0	0	0	0	0	0	0	0	0	0	0	0	0	0	22	0	0	0	0	34	0	0	19	0	0	0	0	0	0	0	0	11	0	16	0	0	0	0	0	0	0	13	12	17	0	0	0	0	0	0	0	0	0	0	0	0	0	8	0	0	0	0	0	0	0	0	0	0	0	0	16	13	0	0	0	0	0	0	0	9	5	13	0	0	0	0	0	0	0	0
0	0	16	0	0	0	0	0	0	0	0	0	16	14	16	0	0	11	0	0	0	0	0	0	0	10	0	0	0	0	0	0	0	11	0	9	11	0	0	13	0	0	0	0	16	19	0	0	0	0	11	0	0	0	0	0	0	0	0	0	0	0	17	0	0	0	0	0	0	0	11	0	0	11	6	0	0	0	11	0	0	0	0	0	0	0	19	32	0	0	0	0	0	15	0	0	0	0	0	0	0	0	0	0	0	14	8	0	0	0	0	0	0	0	0	0	0	11	0	0	0	0	0	0	0	0	0	0	23	14	0	0	0	0	0	0	0	0	0	0	0	0	0	0	0	0	14	11	0	15	9	0	0	14	0	0	0	0	0	0	16	0	0	35	0	0	0	0	0	12	14	0	0	0	0	0	0	0	31	0	13	0	0	0	0	0	0	0	0	18	0	15	0	11	0	0	0	0	0	0	0	0	0	0	0	0	0	0	0	0	0	0	0	0	16	0	0	0	0	0	16	12	0	0	0	17	0	0	0	0	0	0	0	0	0	0	0	0	18	9	0	0	0	0	0	0	0	0	19	13	0	0	0	0	0	0	0	0	0	0	0	0	0	30	0	0	0	17	0	0	0	0	0	0	0	9	0	0	0	0	0	0	0	0	0	0	0	0	0	0	0	0	0	0	0	0	0	0	0	0	0	0	0	0	17	0	0	0	0	14	0	0	0	0	0	0	0	12	0	14	17	0	0	0	0	0	0	0	0	0	0	0	11	10	0	0	0	0	7	9	20	0	0	15	0	0	0	0	0	0	0	0	0	0	0	0	0	0	0	0	0	0	0	0	0	0	0	20	0	10	0	0	0	0	0	0	0	0	0	0	15	0	12	0	0	17	0	0	15	0	0	11	15	0	0	0	0	0	0	0	0	0	0	0	0	0	0	0	0	6	0	0	9	0	0	0	0	0	0	0	0	0	0	0	0	0	0	17	0	0	0	0	0	0	0	0	0	0	0	0	0	0	0	0	0	0	0	0	0	0	0	0	0	0	0	12	0	0	0	12	0	0	0	0	0	0	0	0	0	0	0	0	17	16	11	0	18	0	0	13	4	0	0	16	0	9	0	0	0	0	0	0	0	0	14	0	0	0	0	29	0	0	0	0	0	0	0	0	0	12	8	0
0	0	6	0	0	0	0	0	0	0	0	19	23	14	0	0	0	0	0	0	0	0	0	0	0	0	0	0	0	0	0	0	0	0	0	0	15	0	18	6	16	0	0	0	0	0	0	0	0	10	0	0	0	0	0	0	0	0	0	0	0	0	0	0	0	0	0	0	17	0	0	0	0	0	0	0	0	0	0	0	11	0	0	0	0	0	0	0	0	13	0	0	0	11	0	0	16	0	0	0	0	0	0	0	0	0	0	11	0	0	0	0	0	0	0	10	0	13	16	0	0	0	0	0	0	0	0	0	0	0	0	0	15	13	16	0	0	15	10	0	0	0	0	0	0	0	0	0	0	12	0	0	19	15	17	14	17	0	0	0	0	0	0	0	0	0	0	16	0	1	6	0	17	0	0	0	14	0	17	0	12	0	0	0	0	0	0	0	0	0	0	0	0	13	10	0	0	16	0	0	0	0	0	0	0	0	0	0	0	0	0	17	0	0	0	0	0	0	0	0	0	0	17	0	11	0	0	0	14	0	0	0	0	0	0	17	0	0	0	0	7	0	0	0	0	0	0	0	0	21	13	0	12	11	0	0	0	0	13	0	0	0	0	0	0	0	0	0	0	0	0	0	0	0	0	0	0	0	0	0	0	0	0	0	0	0	0	0	0	0	0	0	0	0	0	0	0	0	0	11	15	0	0	0	0	0	0	0	0	0	0	0	0	0	0	0	0	0	0	0	0	0	0	0	13	0	0	0	0	0	0	0	10	32	18	0	0	0	0	13	0	0	0	0	0	0	0	17	18	0	0	0	0	0	0	0	9	0	7	12	0	0	0	0	0	0	0	0	0	12	0	0	0	0	12	17	0	0	0	0	0	0	0	0	0	0	0	0	0	0	0	17	0	0	9	0	0	0	10	0	0	0	0	0	0	16	0	0	0	0	0	5	0	0	0	0	0	0	0	0	0	15	0	16	0	12	0	0	0	0	0	0	0	0	0	0	0	0	0	0	0	14	6	0	0	0	0	0	0	0	0	0	0	0	0	0	0	8	0	9	0	17	0	0	14	0	13	0	0	0	0	0	0	0	0	0	0	0	0	0	0	0	0	11	16	0	0	13	0	0	0	0	0	0	31	0	0	0	0	0	0	0	0	14	0	0	0	13	0	0	0	0
0	0	0	0	0	0	19	0	0	0	20	9	0	0	0	0	0	0	0	0	0	0	15	0	0	0	15	0	0	0	0	0	0	0	0	10	9	0	0	0	0	0	0	0	0	0	0	0	0	0	0	0	0	0	0	0	0	0	0	0	0	0	0	0	0	0	0	0	0	0	0	11	0	0	0	16	0	0	0	0	0	11	0	0	0	0	0	0	0	5	0	10	13	0	0	18	0	0	0	16	0	16	6	0	0	0	0	0	0	12	0	0	0	14	0	11	0	11	0	17	0	0	0	0	0	0	0	0	0	0	0	0	0	0	0	14	0	17	0	0	0	0	0	0	0	0	0	0	0	0	11	0	0	0	0	48	39	0	0	0	0	0	0	0	0	0	0	0	0	0	9	6	39	13	0	0	0	0	0	0	0	0	12	17	0	0	0	0	0	0	0	0	0	0	17	0	0	0	0	0	0	0	0	0	0	0	16	0	16	0	0	0	0	0	12	0	0	0	0	0	0	10	0	0	0	0	0	0	13	0	0	0	16	0	0	0	0	0	0	0	0	0	0	0	0	0	0	0	7	0	25	10	0	0	0	0	0	0	0	0	0	0	0	20	0	0	0	0	0	0	0	0	0	11	0	0	0	18	0	0	25	0	0	0	0	0	0	0	0	0	8	0	0	0	18	0	0	0	0	0	0	0	0	0	0	0	14	0	0	0	0	0	0	0	12	0	0	0	0	0	0	0	0	0	0	0	14	15	0	0	0	0	19	4	0	0	0	0	0	6	15	0	16	0	16	11	0	0	0	12	0	0	6	16	0	0	0	0	15	0	0	0	0	0	0	0	0	0	0	0	0	16	14	0	12	0	0	0	0	0	0	0	0	0	0	0	0	0	16	0	0	0	0	0	0	15	0	0	0	0	0	0	0	0	0	11	0	18	8	0	0	2	0	9	0	0	0	0	0	0	0	0	0	0	0	12	0	0	0	0	15	11	0	0	0	0	0	0	0	0	0	0	0	0	8	0	0	13	0	0	0	0	0	0	22	16	0	0	0	0	0	18	0	0	13	0	13	0	0	0	0	15	0	0	0	13	13	0	0	0	0	0	0	0	0	15	0	0	19	0	0	0	10	0	0	15	0	0	0	0	0	10	0	16	0	0	0	15	0	0	0	0
0	0	0	0	12	0	0	0	0	20	0	0	0	0	0	0	0	0	0	0	0	0	19	11	0	18	0	0	0	0	0	0	0	0	0	10	8	0	0	18	0	0	0	20	0	0	0	19	0	0	0	0	0	0	0	0	0	0	0	0	0	0	0	0	0	0	0	7	14	0	0	8	11	0	0	0	0	11	0	0	0	31	20	0	0	0	0	0	0	0	0	0	0	0	0	0	0	0	0	0	0	0	0	0	0	0	0	0	0	0	0	0	0	14	0	0	0	0	17	0	0	0	0	0	0	0	24	0	0	7	0	0	0	0	0	15	0	0	16	0	0	0	0	0	0	0	0	0	0	0	9	0	0	0	2	32	34	14	0	9	17	0	0	0	0	0	0	0	0	0	11	0	0	0	0	0	0	17	0	9	0	0	0	0	11	0	12	0	0	0	0	0	0	0	0	0	0	0	0	0	0	19	0	7	13	0	0	0	0	14	10	0	0	0	13	0	0	0	0	0	0	0	0	0	0	0	0	15	0	0	0	0	0	0	0	0	18	17	0	18	0	0	0	0	0	0	0	0	0	0	0	32	14	17	0	0	0	0	0	0	0	0	0	0	0	0	12	0	0	0	18	17	0	13	0	10	16	12	0	0	26	0	0	0	17	0	0	0	0	0	13	0	0	7	0	0	9	0	0	0	9	0	0	0	0	0	0	0	0	0	0	4	0	0	0	0	0	0	0	0	0	0	0	13	0	0	0	17	0	0	21	17	14	0	0	17	0	0	0	0	0	0	0	5	0	0	0	10	0	0	0	0	0	0	0	0	0	0	0	17	0	0	0	0	0	0	0	0	10	0	0	0	0	0	0	0	0	0	0	0	0	0	0	0	0	0	0	0	0	0	0	0	0	0	0	0	0	0	0	16	32	0	0	0	0	0	0	0	0	0	0	0	0	0	0	0	0	0	0	0	0	0	0	0	0	0	0	0	0	0	14	0	0	0	0	5	0	29	0	0	0	0	0	0	0	0	0	0	0	0	0	0	0	0	0	0	0	0	0	15	0	0	0	0	0	0	13	0	0	0	0	2	13	0	0	0	0	0	15	0	0	0	16	13	0	12	0	0	0	0	0	0	14	0	0	0	0	11	0	0	0	0	0	0	0	0	0	0	0	0	0	0
0	0	0	0	0	0	0	0	0	19	0	0	0	11	0	0	0	0	0	0	0	0	0	0	0	0	0	0	0	0	16	0	0	16	28	0	0	0	0	0	0	0	0	0	16	32	0	0	0	0	15	5	0	0	0	0	0	0	0	0	0	0	0	0	0	0	0	0	0	0	0	0	0	0	0	0	0	15	0	0	0	8	17	0	0	0	0	0	0	0	0	0	0	0	0	0	0	15	10	0	0	0	0	13	15	0	0	0	0	0	0	9	0	13	14	0	0	0	0	0	0	0	0	0	0	0	0	0	0	3	0	0	0	0	0	10	12	0	0	0	11	0	16	0	0	17	0	0	0	0	6	0	0	16	0	25	0	0	0	17	0	11	0	0	0	14	20	0	0	0	0	0	0	0	0	0	11	18	4	0	0	0	0	0	0	0	7	0	0	0	0	0	0	0	0	0	0	0	0	0	0	0	18	0	30	0	0	0	0	0	16	0	0	11	11	0	0	0	0	0	0	0	0	0	0	0	0	0	0	0	0	0	0	0	0	0	0	0	0	0	11	0	0	0	12	13	0	0	0	0	0	0	16	10	0	0	0	0	0	0	0	11	11	0	16	0	0	0	0	0	0	0	6	10	30	13	21	3	16	0	0	0	0	0	6	0	0	0	0	0	0	11	0	18	0	0	0	0	0	12	31	0	0	0	0	14	0	0	0	0	0	15	0	0	0	0	0	10	0	17	0	13	14	28	0	0	0	0	0	0	41	7	0	0	0	0	18	0	0	0	0	0	0	11	10	0	0	0	0	0	0	0	0	0	0	0	0	0	0	0	0	0	0	0	0	0	0	0	0	0	0	0	0	0	0	0	0	0	0	0	9	0	0	0	0	0	0	0	0	0	0	15	11	14	0	0	0	0	0	0	10	17	0	0	0	0	0	0	0	0	0	0	0	0	0	0	0	0	0	0	0	0	0	0	19	0	0	0	0	0	0	0	0	0	0	0	0	19	0	0	0	0	0	0	14	0	0	0	0	0	0	0	0	0	0	0	0	0	0	15	0	0	0	0	0	0	13	7	0	0	25	0	24	0	13	9	13	0	27	26	0	0	0	0	0	0	0	0	0	0	0	0	0	0	0	0	0	0	18	0	0	0	0	8	0	0	12	9	0	0	0	0
0	0	0	0	0	0	7	0	0	17	0	0	0	0	0	18	21	0	0	0	0	9	11	9	0	0	0	0	0	0	0	17	0	0	0	0	0	0	0	0	0	12	0	0	17	0	0	0	0	0	0	0	0	0	8	0	0	16	0	0	0	16	8	0	0	0	0	0	0	0	9	17	0	0	0	0	11	0	0	0	0	15	11	0	0	0	0	0	0	0	0	0	0	0	0	0	0	0	0	0	0	0	29	0	0	0	0	5	0	0	0	0	0	0	0	0	0	0	0	0	0	0	0	0	16	4	0	0	0	0	0	7	0	0	0	0	0	0	0	11	0	0	16	0	14	0	0	0	0	0	0	0	0	17	0	0	0	12	0	0	0	0	0	0	0	0	0	0	0	7	0	0	0	0	0	10	0	0	11	0	13	0	0	0	0	24	12	0	0	0	0	0	11	0	0	0	0	0	0	0	0	0	0	16	0	0	0	0	0	0	0	0	0	0	0	0	0	0	0	0	0	0	0	0	0	0	18	9	0	0	0	0	0	0	0	0	3	19	15	0	16	0	0	0	12	0	0	0	7	0	0	13	0	0	0	0	0	0	0	0	0	0	0	0	0	0	0	0	0	0	16	0	12	20	0	0	0	17	8	0	0	0	16	0	0	0	0	0	0	0	0	0	0	0	0	0	0	0	0	0	0	0	0	0	0	12	0	21	0	0	0	0	0	15	0	0	0	0	0	0	0	0	0	0	0	0	0	0	0	11	33	0	0	0	0	0	0	0	0	0	0	0	0	0	0	0	0	0	0	0	0	0	0	0	0	0	0	0	0	0	0	0	0	0	0	0	0	0	0	0	0	0	0	0	0	0	0	8	0	0	0	0	0	0	0	0	0	0	0	11	0	0	0	0	0	0	0	0	0	0	0	0	0	0	0	0	0	0	0	0	0	0	0	0	0	0	0	11	13	0	0	0	0	0	0	0	12	15	0	0	0	0	0	0	0	0	0	0	0	0	0	0	0	0	0	0	0	0	0	14	11	27	10	0	0	0	0	0	0	0	8	0	0	0	0	0	5	0	0	0	0	0	12	0	9	0	0	0	23	16	0	0	0	0	11	12	0	0	0	0	0	12	5	0	0	12	0	0	0	0	0	0	0	0	0	10	10	0	0	0	0	0
0	0	0	0	0	0	0	0	0	19	17	0	0	0	0	21	20	0	0	0	17	0	12	12	0	0	0	0	33	11	0	13	0	14	0	0	0	0	0	0	0	0	0	0	0	0	0	15	15	0	0	0	0	0	9	0	0	0	0	0	0	0	0	0	0	0	16	0	0	0	0	0	15	0	0	0	0	0	0	0	0	0	0	0	0	0	0	0	0	0	0	14	0	0	0	0	0	0	0	0	0	0	30	0	0	12	0	0	0	0	0	0	0	0	0	0	16	9	17	0	0	0	6	16	0	0	0	0	0	0	29	15	0	0	0	0	0	0	8	10	0	0	0	0	0	0	0	0	0	0	0	0	0	0	0	0	11	7	0	0	0	0	0	0	0	0	0	20	0	0	0	0	0	0	0	0	0	0	0	0	0	0	0	0	0	15	0	17	0	0	0	0	0	0	11	14	0	0	0	0	0	0	0	8	0	12	16	0	0	0	0	0	0	0	15	0	0	0	0	0	0	0	0	0	0	0	3	13	0	0	0	0	0	0	14	0	19	26	0	0	18	10	0	0	4	0	0	0	0	17	0	0	0	0	0	0	0	0	0	0	0	0	0	0	0	0	0	0	0	0	14	0	12	53	0	13	0	0	0	0	5	0	0	0	15	0	0	0	0	0	0	0	0	0	0	0	0	0	13	12	0	0	0	0	0	0	0	0	0	0	0	0	0	0	0	0	0	0	0	0	0	0	0	0	0	0	0	0	5	17	0	33	0	0	0	0	24	0	0	0	0	0	0	16	0	0	0	18	0	0	0	0	0	0	0	0	0	16	0	0	0	0	0	0	0	0	0	0	0	0	0	10	0	16	29	0	0	0	0	0	17	0	0	9	0	17	0	0	0	0	0	0	0	11	0	6	0	0	0	0	0	5	0	0	0	0	17	0	0	0	0	0	0	19	0	0	0	0	0	0	0	9	0	0	0	0	0	0	0	0	6	0	0	16	7	0	0	10	0	0	0	23	0	0	14	0	0	0	0	0	0	0	0	0	16	0	0	0	0	0	0	0	0	0	0	0	10	15	0	0	0	17	0	0	0	0	9	0	0	0	0	15	0	0	15	0	10	0	0	0	0	19	3	0	0	0	0	0	0	0	0	0	0	13	17	0	0	0	0	0	0	0
16	0	0	17	0	9	0	0	0	20	13	0	11	17	0	0	0	0	0	0	15	0	0	0	0	0	0	0	0	0	0	0	0	11	9	0	0	0	0	0	0	0	0	0	0	0	0	0	0	0	0	0	0	0	0	0	0	8	15	0	0	0	0	25	14	0	0	0	0	0	6	0	0	0	0	0	0	0	0	0	0	0	0	0	0	0	0	0	0	0	0	0	0	0	0	0	0	0	0	0	0	0	0	0	0	0	0	0	16	0	0	0	0	9	0	0	0	0	18	0	19	0	0	0	0	0	0	0	16	0	0	0	14	0	0	0	0	0	8	12	0	0	0	0	0	0	17	0	0	0	0	0	0	0	0	0	0	0	0	0	0	0	0	0	0	0	0	0	0	19	0	0	0	0	0	0	17	0	0	0	0	0	0	0	0	0	0	0	0	0	0	16	9	0	0	0	0	0	0	10	0	0	0	0	0	0	0	0	0	0	0	7	0	0	11	16	11	10	0	0	0	18	0	0	0	0	0	0	15	10	0	0	0	0	0	0	0	18	10	16	0	0	0	0	0	0	0	0	0	0	0	0	0	0	0	0	0	0	5	0	0	0	31	0	0	0	0	0	15	0	0	0	11	9	0	0	0	0	0	0	0	0	0	0	0	0	0	0	0	0	0	0	0	0	0	0	17	0	0	0	0	0	12	0	0	0	0	0	14	0	0	0	0	0	0	16	6	0	0	0	18	0	0	0	0	0	0	0	0	0	0	0	0	0	0	0	14	0	0	0	18	0	0	0	0	0	0	11	0	15	11	7	0	0	0	0	0	0	0	0	0	0	0	0	0	0	0	0	0	0	0	0	0	0	13	0	0	0	0	0	0	0	0	0	17	0	0	0	0	0	11	0	0	0	31	6	0	16	0	0	0	0	0	0	11	0	0	0	0	0	0	0	8	0	0	0	0	0	0	0	15	0	0	0	0	0	0	0	8	18	9	0	0	0	0	0	26	0	0	0	0	10	0	16	10	0	0	0	0	15	0	0	0	0	21	26	0	0	0	0	0	0	0	0	0	0	0	0	0	0	0	0	0	0	0	0	24	13	0	11	0	0	0	0	0	0	0	0	0	0	7	31	0	0	0	0	0	0	0	0	0	0	0	0	0	0	0	0	0	0	12	0
0	0	0	0	0	0	0	0	18	48	19	0	0	0	16	0	0	0	0	0	0	0	0	0	0	0	8	0	0	0	0	0	0	0	0	0	16	6	0	0	0	0	0	0	0	0	0	0	0	0	0	0	0	0	0	0	0	0	6	0	16	0	0	17	13	1	6	13	0	0	0	10	0	0	0	0	11	9	0	0	0	0	0	0	0	0	0	0	0	0	0	0	32	10	0	15	0	0	0	0	0	15	13	0	0	0	0	16	0	0	0	0	0	0	0	0	0	0	0	0	0	0	0	0	0	0	0	0	0	0	0	0	0	10	0	0	25	0	0	0	11	0	0	0	0	0	0	0	0	0	0	9	0	0	0	0	0	0	0	0	0	0	0	0	0	0	0	0	16	9	0	0	0	0	0	0	0	0	0	0	0	0	0	0	0	0	0	0	0	0	0	0	0	17	27	13	0	0	0	0	0	0	0	0	0	0	0	0	0	0	0	11	8	0	0	12	16	38	0	0	0	0	0	0	0	0	0	0	0	0	0	0	0	0	0	0	0	0	0	0	0	0	0	0	0	0	0	0	0	0	0	0	0	0	0	16	0	0	15	0	10	12	20	0	0	0	0	0	0	0	0	0	0	0	0	0	0	0	0	11	0	0	0	0	0	0	0	0	0	0	0	0	0	0	0	0	7	8	17	0	17	0	0	0	0	0	0	0	0	0	0	0	0	0	0	0	0	0	0	0	0	0	0	0	0	0	0	0	0	0	11	0	0	14	0	0	0	0	0	0	0	11	13	18	15	0	0	0	14	16	10	9	0	0	0	0	0	0	0	0	0	0	18	0	14	0	0	0	0	0	0	0	0	0	0	0	0	0	0	0	15	9	0	0	0	0	0	0	0	0	0	0	0	0	7	0	0	0	0	0	0	0	0	7	14	0	0	0	0	0	0	10	10	0	0	0	0	0	0	0	0	0	0	0	0	0	0	0	14	14	0	0	0	0	0	0	0	0	0	0	0	0	12	0	0	0	3	3	4	3	3	0	12	0	0	0	0	0	0	0	0	0	0	0	0	0	0	0	0	0	0	0	0	0	0	0	17	5	0	0	0	0	7	0	18	10	0	0	0	0	0	0	0	0	0	0	0	0	0	0	0	0	0	0	0	0	0	0	0	0	0	0
0	0	0	0	0	17	0	0	0	17	12	0	0	0	0	2	0	0	0	0	0	0	0	0	15	0	12	9	0	0	0	0	0	10	0	0	0	0	0	0	0	12	0	0	0	0	0	0	0	0	0	0	0	0	0	0	0	0	12	0	0	10	0	0	10	14	8	0	0	0	0	14	0	15	0	0	0	0	0	0	0	0	0	0	0	0	0	0	0	0	11	0	0	0	0	12	18	0	16	0	0	0	0	0	0	0	0	0	15	0	0	0	0	0	0	0	0	0	0	0	0	0	0	0	15	18	0	0	0	0	0	0	0	0	0	0	17	0	0	0	0	17	12	0	0	0	0	0	0	0	0	0	0	0	0	0	0	0	0	0	0	0	0	0	0	0	17	0	0	17	0	0	0	0	0	0	0	0	0	0	0	0	0	0	0	11	0	0	11	14	0	0	0	14	0	0	0	0	0	0	0	0	0	0	0	0	0	0	0	0	0	0	0	16	12	15	0	0	0	0	0	0	0	0	0	0	0	0	0	12	0	0	0	0	0	0	0	0	0	0	0	0	0	0	0	0	0	0	0	34	20	0	0	0	0	0	0	0	0	0	9	27	47	38	0	0	8	18	0	16	8	0	0	17	0	17	0	0	0	11	0	0	0	0	0	15	25	12	0	0	12	0	0	0	0	0	0	32	0	0	0	0	0	0	0	0	0	0	0	17	0	14	2	28	0	0	0	0	0	0	0	0	0	0	0	0	0	0	0	0	0	0	0	13	0	0	0	0	0	0	0	0	0	0	5	17	0	0	0	0	0	16	0	0	0	0	0	0	16	15	23	0	0	0	9	0	0	0	0	0	19	0	11	0	0	9	3	14	0	0	0	0	0	0	0	0	0	0	0	0	0	0	0	0	0	9	0	0	0	0	0	0	0	0	0	0	5	0	0	0	0	0	0	0	32	9	0	0	0	0	0	0	0	0	0	0	0	0	0	0	0	0	0	0	0	0	13	24	0	0	17	0	0	0	26	3	3	4	3	4	3	3	0	0	0	0	0	0	16	0	0	0	0	0	0	0	0	0	0	0	0	0	0	0	0	0	0	0	0	0	0	0	0	0	0	8	0	0	9	4	0	0	0	0	0	0	0	0	0	0	0	0	0	0	0	0	0	0	0	0	0	0
28	14	0	0	0	0	0	0	0	0	20	0	0	0	12	12	0	0	0	0	15	0	0	0	17	0	0	0	0	0	0	0	0	17	0	0	0	0	0	0	0	5	0	0	0	0	17	19	0	0	0	0	0	0	0	0	0	0	0	0	0	4	7	0	0	0	0	0	0	0	0	0	0	0	0	27	0	0	0	0	0	0	18	0	8	0	0	0	0	0	0	0	0	0	0	0	0	0	0	0	0	0	0	0	0	0	0	0	12	11	0	0	0	0	12	0	0	0	0	0	0	0	0	0	35	11	0	0	0	0	0	0	0	0	0	0	0	0	0	7	0	0	14	0	0	0	0	14	0	13	5	0	0	0	0	0	0	0	0	0	0	0	0	0	0	0	0	0	0	0	0	0	0	0	13	16	0	0	0	0	0	14	0	0	0	0	0	0	0	10	0	16	0	0	0	0	0	0	0	0	13	10	0	0	0	0	0	0	0	0	0	0	17	0	0	0	0	0	0	0	8	13	0	0	0	0	0	0	0	0	0	0	0	0	0	0	0	0	0	0	0	0	0	0	0	0	0	10	0	27	51	16	6	0	0	18	0	0	0	0	9	11	18	38	0	0	0	0	0	17	20	0	0	0	0	0	19	0	0	0	0	0	0	0	0	0	0	11	13	0	0	0	12	0	0	0	0	12	0	0	0	0	0	0	0	7	0	0	0	0	0	37	11	0	0	0	17	0	19	0	0	0	0	0	0	0	0	0	0	0	0	0	0	0	0	0	0	0	0	0	0	0	0	0	0	0	0	0	12	0	0	0	0	0	0	0	0	15	0	0	0	0	0	0	0	0	0	0	0	11	10	0	0	0	0	0	0	0	12	31	0	0	0	0	0	0	0	0	0	0	0	0	0	13	0	15	0	0	0	0	0	0	0	0	0	0	15	9	0	0	0	0	0	0	16	0	0	0	0	0	0	0	0	0	0	0	0	0	0	0	0	0	17	0	0	0	0	11	9	0	0	14	0	0	30	3	7	26	39	10	20	3	0	9	13	14	0	0	0	0	0	0	0	0	0	0	0	14	0	0	0	0	15	0	0	6	0	0	0	0	0	0	17	0	0	0	0	0	0	17	0	0	0	0	0	0	0	0	0	11	0	0	0	0	0	18	0	0	0	0	0	0
0	17	0	0	0	0	0	0	0	0	0	0	0	0	0	0	0	0	0	0	0	18	0	0	11	0	0	0	0	0	0	0	0	0	0	0	0	0	0	0	0	0	9	0	0	0	0	0	0	0	13	14	0	15	0	7	5	16	14	0	0	0	4	0	0	0	0	0	0	0	0	0	15	2	0	10	15	0	0	0	0	0	0	0	0	0	0	0	0	0	0	9	0	0	0	0	0	0	0	16	0	0	0	0	0	0	15	11	0	0	0	0	0	0	0	15	0	14	0	12	0	0	0	8	19	0	0	0	0	0	0	0	0	0	0	0	0	0	0	0	0	0	0	0	0	0	0	0	0	0	0	0	0	0	0	0	0	0	0	0	0	0	0	0	0	0	0	0	0	0	0	0	0	0	0	0	0	0	0	0	0	15	0	0	0	0	0	0	0	0	14	0	0	0	0	0	0	0	17	0	0	14	6	0	0	0	0	0	0	0	0	0	0	0	0	0	0	0	0	0	0	11	0	0	0	0	0	0	0	0	0	10	17	0	0	0	0	0	0	0	0	0	3	30	0	0	0	0	0	6	5	0	0	11	0	0	0	0	0	10	0	0	0	24	0	0	0	0	0	0	0	0	0	0	0	0	8	0	0	0	0	0	0	0	0	0	0	0	0	0	0	0	15	0	0	0	0	0	3	15	0	0	0	0	0	16	0	6	0	0	0	5	0	0	0	0	0	14	16	0	0	13	0	0	0	0	0	0	0	0	0	0	0	0	0	0	0	0	0	0	0	0	0	0	0	0	0	0	0	0	15	0	0	19	0	0	0	24	0	0	0	0	0	0	0	0	0	0	0	0	0	0	0	0	0	17	0	17	0	0	0	0	0	0	0	0	0	6	29	9	0	0	0	0	0	0	0	0	16	0	0	10	15	30	0	0	0	11	11	32	13	0	0	0	12	0	0	0	0	0	0	0	0	0	0	0	0	0	0	0	0	0	9	0	0	0	0	0	0	0	0	0	0	0	3	19	30	209	522	102	6	4	2	0	0	12	0	0	0	0	0	16	7	0	0	0	0	9	0	0	0	0	0	0	0	0	0	0	0	0	17	8	0	0	0	0	0	0	0	0	0	0	0	0	0	0	0	0	0	0	0	0	0	0	0	0	0	0	0	0	0	0
13	0	0	0	0	9	18	0	0	8	0	0	0	15	0	0	0	10	0	0	0	0	0	0	0	0	0	0	0	0	0	0	9	0	0	0	0	0	0	0	0	0	0	0	0	0	0	0	0	0	0	8	0	18	0	15	20	0	0	0	0	0	0	0	0	0	0	8	0	0	0	0	0	0	0	0	0	0	0	0	0	0	0	0	0	0	0	0	0	11	0	0	0	0	0	0	0	0	0	0	0	0	0	0	0	0	0	18	12	15	0	0	0	0	0	0	0	0	9	0	0	20	0	0	13	0	0	0	0	14	0	0	9	0	0	0	0	0	0	0	0	16	0	0	0	0	0	0	0	12	0	0	0	0	0	0	0	0	0	0	11	14	0	15	10	0	0	16	0	0	0	12	0	0	0	0	0	0	0	0	0	0	8	0	0	0	0	0	0	0	0	17	0	0	0	0	0	0	0	0	0	8	0	0	0	0	0	0	0	0	0	0	0	0	0	0	0	0	0	0	0	0	0	0	0	0	0	0	0	6	0	16	0	0	0	0	0	0	0	0	0	0	0	0	0	16	0	0	0	0	0	0	0	0	0	0	0	0	0	0	0	0	0	0	10	0	0	0	0	0	0	0	0	0	0	0	0	0	0	0	0	0	0	0	0	16	0	0	0	0	0	0	9	0	6	0	0	0	0	0	0	11	14	0	0	0	0	7	0	0	0	0	0	0	0	0	0	0	0	0	0	9	0	0	12	0	0	0	0	11	0	0	0	0	0	0	0	0	10	0	18	0	0	0	0	15	4	10	0	0	0	0	0	0	0	0	0	0	0	0	0	0	0	11	0	0	0	0	0	0	0	0	15	0	0	0	0	7	0	0	0	0	0	0	0	0	0	0	7	0	0	0	0	0	0	14	0	0	12	0	0	0	0	17	0	0	0	24	10	0	0	12	0	0	0	18	0	0	0	0	0	0	0	0	0	0	13	0	0	0	0	0	0	0	0	0	0	0	0	9	0	0	0	1	3	22	53	395	803	136	9	3	9	0	0	0	0	0	0	0	0	0	11	0	0	0	0	0	0	0	0	0	0	26	0	0	0	0	0	0	0	0	0	0	0	0	10	5	0	0	0	0	0	0	0	0	0	0	0	0	0	0	0	0	0	0	0	0	0	9	0	0
32	0	0	15	0	0	0	0	0	0	0	8	20	16	0	0	0	0	0	0	0	0	0	0	0	0	0	0	0	0	0	0	15	0	0	0	0	0	0	0	0	0	0	0	0	0	0	0	0	0	0	0	0	0	0	12	15	0	0	0	0	0	0	17	0	0	0	0	0	0	0	0	0	0	0	0	0	0	0	0	8	15	16	0	0	0	0	17	12	12	0	0	0	0	0	0	13	12	0	0	17	2	0	0	0	0	0	16	0	0	0	0	0	0	0	0	0	0	0	0	0	0	0	0	0	0	0	0	0	0	0	0	13	0	0	0	0	0	0	0	0	2	0	16	0	0	0	0	0	0	0	0	0	0	0	0	0	13	11	0	0	0	33	0	0	15	0	0	0	0	0	11	0	0	0	0	0	0	0	0	0	0	0	0	0	0	0	0	13	0	0	0	0	13	0	0	0	0	0	0	0	0	0	0	0	0	0	0	33	0	0	0	0	0	0	0	0	0	8	0	0	0	0	0	0	0	0	18	8	0	0	0	0	0	0	0	0	0	0	0	0	0	0	0	0	0	0	0	0	0	0	0	0	0	0	0	11	0	0	14	13	0	0	0	0	0	0	0	0	0	0	0	12	0	0	0	0	0	0	0	0	0	15	11	0	0	0	0	0	0	0	0	0	0	16	0	0	0	0	0	0	0	0	0	0	0	0	7	0	0	20	0	15	0	0	6	14	0	0	0	0	0	0	0	28	0	0	17	0	0	0	0	0	0	0	0	0	6	0	0	0	0	0	0	11	0	0	0	0	0	0	0	0	15	0	0	0	0	0	0	0	0	0	11	0	0	0	0	0	0	17	0	0	0	0	0	13	12	0	0	0	0	0	0	0	0	37	17	0	0	0	0	0	0	0	16	0	0	14	0	0	0	0	0	6	0	0	11	0	0	0	0	0	0	9	0	0	0	0	0	16	0	16	0	0	0	0	0	0	19	0	0	0	0	16	0	0	0	19	3	0	0	0	0	3	4	15	114	143	28	4	4	1	0	0	0	0	0	0	16	9	0	0	0	0	0	0	0	0	0	0	0	0	16	0	0	0	0	0	0	0	0	0	0	0	0	0	0	0	0	0	0	0	0	0	0	0	0	0	0	0	0	0	0	12	17	0	0	18	0	0	0
0	0	0	11	0	0	0	0	0	0	0	0	26	16	0	0	0	0	0	0	0	0	0	0	0	0	0	0	0	0	0	0	6	0	0	0	0	0	0	0	0	9	0	0	0	0	0	0	0	0	0	0	0	0	0	0	18	8	11	27	9	14	0	11	0	0	0	0	0	0	0	0	0	0	0	0	21	0	12	0	0	0	0	0	12	0	11	0	0	0	0	0	0	0	0	0	0	0	0	0	0	0	0	0	5	0	0	0	0	0	0	0	0	0	0	0	0	0	18	0	0	31	13	14	16	0	0	0	0	0	0	0	0	0	18	0	0	0	0	0	0	4	0	0	0	0	0	12	15	0	0	0	0	18	10	0	0	5	0	0	0	0	0	0	0	0	16	14	14	0	0	0	12	0	0	0	0	0	0	0	0	0	0	0	0	0	17	11	0	0	0	0	0	0	22	7	0	16	0	0	0	0	0	0	0	0	0	0	0	0	0	10	15	0	0	0	0	0	0	0	0	0	0	12	0	0	0	0	0	0	0	0	0	0	0	0	0	0	0	0	0	0	0	0	0	0	0	0	0	0	0	0	0	0	0	0	14	0	15	0	0	0	0	0	0	0	0	0	0	18	0	0	12	0	0	0	0	0	0	0	0	0	10	0	0	0	0	0	0	0	0	0	0	0	0	0	0	0	0	0	0	0	0	0	17	34	0	0	16	0	0	0	0	0	0	0	0	0	0	0	0	0	0	0	0	11	15	0	0	0	0	0	0	0	0	0	0	0	0	0	0	0	0	0	11	0	0	0	0	0	0	11	0	15	0	0	0	0	0	0	0	0	17	0	0	0	0	0	0	7	0	0	9	0	0	0	0	0	0	0	0	0	0	0	0	0	0	11	15	0	0	0	0	0	0	0	0	0	17	8	0	0	0	0	0	0	17	16	0	0	0	0	0	0	0	0	0	0	0	0	0	0	0	0	0	0	0	0	0	11	14	0	0	0	13	0	12	22	17	0	0	0	0	0	1	3	4	6	7	4	4	3	18	0	0	0	0	17	0	0	0	0	0	0	0	0	0	0	0	0	0	0	0	0	0	0	0	0	0	0	0	0	0	18	0	0	0	0	0	0	0	0	0	0	0	18	0	0	0	0	0	10	0	0	0	0	0	0	0	0	0	0
0	0	0	0	0	0	0	17	0	0	0	0	9	0	0	0	0	0	0	0	0	0	0	16	0	0	0	9	0	0	0	0	0	0	0	0	16	0	0	0	0	12	0	0	0	0	0	0	0	0	0	0	0	0	0	0	16	23	42	24	0	0	0	0	0	0	0	0	17	0	0	0	0	0	0	0	0	0	0	0	18	7	0	0	16	0	0	0	0	0	0	0	0	0	0	0	0	0	0	0	0	0	0	0	15	0	0	19	13	10	0	0	0	16	0	0	0	0	0	0	0	11	0	0	13	9	11	0	0	0	0	0	0	0	0	12	0	0	0	0	0	0	12	0	0	0	0	0	0	13	0	0	0	0	0	0	0	0	0	0	0	0	0	0	0	0	0	0	0	0	13	0	0	0	0	0	0	0	0	0	0	0	0	0	0	0	0	0	0	0	0	0	0	0	30	16	0	13	16	0	0	0	0	0	0	0	0	0	0	0	0	16	0	14	0	0	17	0	0	0	0	0	0	0	0	0	0	0	0	0	0	0	0	0	0	0	0	0	0	0	0	0	0	12	0	0	18	0	0	0	0	0	0	0	0	0	0	0	13	0	11	17	0	0	0	0	0	0	0	0	0	0	8	0	0	0	0	0	0	0	0	0	0	0	0	19	0	0	0	0	17	0	0	0	0	0	0	0	0	15	0	17	8	0	0	0	0	0	0	0	0	0	0	0	0	0	0	13	13	0	0	0	0	0	0	0	40	0	0	0	0	0	0	0	0	10	17	5	0	0	0	0	11	0	3	2	12	32	2	0	0	0	26	0	0	0	0	0	0	0	0	0	0	0	0	0	0	0	0	40	0	0	29	13	0	0	0	0	0	0	0	0	0	13	0	0	0	10	0	0	13	0	0	0	0	0	0	0	17	0	0	0	0	19	0	0	12	0	0	0	0	0	0	0	0	0	0	0	0	0	0	0	0	0	0	0	0	0	0	0	0	0	0	7	34	32	12	0	0	0	0	0	12	14	1	11	11	4	3	3	14	15	0	0	0	0	0	0	0	0	0	0	0	0	14	0	0	0	0	10	0	0	0	0	0	0	0	0	0	0	0	0	0	0	0	0	0	0	0	0	0	0	0	8	0	0	0	0	0	0	0	0	0	0	0	0	0	0	0	0	0	0
0	0	0	0	0	0	0	0	4	5	15	0	0	0	0	0	0	0	0	0	0	0	0	16	7	0	0	0	0	0	0	17	0	15	0	0	0	0	0	0	0	9	0	0	0	0	0	0	0	0	0	15	0	0	0	0	8	0	0	0	0	0	0	0	0	0	0	0	0	32	0	0	0	0	0	0	0	0	0	0	0	15	5	0	0	0	4	21	0	0	0	0	0	0	0	0	0	0	0	0	0	0	0	0	0	0	0	0	0	0	0	0	0	0	17	10	0	0	0	0	0	0	0	0	0	0	0	0	13	13	0	0	0	0	0	0	0	0	0	0	0	0	0	0	0	0	0	0	0	12	0	0	0	0	0	0	0	0	0	0	0	7	10	0	0	0	0	0	0	0	0	0	0	0	0	0	0	9	12	0	0	0	0	0	0	0	14	0	15	0	0	0	10	0	16	0	0	16	0	0	0	0	0	17	0	0	0	0	0	0	15	0	0	0	17	0	0	0	0	0	0	0	11	0	0	0	0	0	0	11	14	0	0	0	13	0	0	0	0	0	0	0	0	0	0	0	0	0	0	17	0	0	0	0	0	16	12	15	0	0	0	0	0	0	0	0	10	17	0	0	0	5	14	0	0	0	0	0	0	0	0	0	0	0	0	23	9	0	0	19	0	0	0	0	0	0	0	0	0	7	0	0	0	0	0	0	0	9	0	0	0	0	0	0	0	0	12	6	0	0	0	0	0	0	0	12	12	0	0	0	0	11	0	0	0	0	0	0	11	14	0	0	23	3	4	4	4	3	3	1	0	0	0	0	7	7	0	0	16	0	0	0	0	0	0	0	0	0	0	0	0	0	0	0	0	12	8	0	0	0	0	0	0	0	0	0	0	15	0	0	0	0	0	9	0	0	0	9	16	0	0	0	18	0	0	0	0	0	0	0	0	0	0	0	0	0	0	0	0	0	0	0	0	0	0	0	0	0	0	0	18	32	16	15	0	0	0	25	0	0	0	0	0	0	0	21	9	16	2	2	0	0	0	0	0	0	0	0	0	0	0	0	0	0	0	0	12	14	0	0	0	0	0	0	0	0	0	0	0	0	0	0	0	0	0	0	0	13	0	0	0	0	0	16	0	0	0	0	0	0	17	0	0	0	0	0	0	0	0	0	0	15
0	0	0	0	0	0	0	0	0	0	0	0	0	0	0	0	0	0	0	0	0	0	0	0	0	0	0	12	0	0	0	0	0	0	0	0	0	0	0	0	0	13	0	0	0	0	0	0	0	0	0	0	0	0	0	0	0	0	0	0	0	0	14	12	11	17	0	0	0	11	0	0	0	0	0	0	0	0	17	6	0	0	0	0	0	0	10	14	0	0	0	0	0	0	0	0	0	0	0	0	10	0	0	0	0	0	0	0	0	0	0	0	0	0	0	0	0	0	0	0	0	0	0	12	0	0	0	0	0	0	0	0	0	0	0	0	0	0	0	0	12	0	0	0	0	0	0	0	0	0	0	0	0	0	0	0	0	0	0	14	0	0	0	0	21	0	0	0	0	0	0	0	0	0	13	0	0	0	0	0	0	15	12	0	0	0	0	0	13	0	10	0	0	0	0	0	0	0	0	0	0	0	0	0	0	0	0	0	0	9	0	0	0	0	0	0	0	0	0	0	0	0	0	0	0	0	0	0	0	0	0	13	0	0	10	0	0	0	0	0	0	0	0	0	14	0	0	8	0	16	0	0	0	0	0	16	0	0	0	0	17	18	0	0	0	0	0	0	0	0	0	0	8	0	0	0	18	0	0	0	0	0	0	0	0	0	0	0	0	0	0	17	1	0	0	0	0	0	1	0	11	0	0	0	0	0	0	0	0	0	0	0	0	0	0	0	0	16	0	0	0	0	0	8	0	0	0	0	0	0	0	18	0	0	0	0	16	0	0	0	0	0	0	2	5	17	24	7	4	2	0	0	0	0	0	0	0	0	0	0	19	0	0	0	0	0	0	0	0	0	0	0	0	0	9	0	0	0	0	0	7	0	0	0	0	0	0	0	0	0	0	0	0	0	0	0	0	10	7	7	13	0	0	0	0	8	0	0	0	0	0	0	0	0	17	14	10	0	16	0	0	0	0	0	0	0	0	0	0	17	0	0	0	0	0	0	9	14	0	0	0	0	0	0	0	0	0	0	0	0	0	0	0	0	11	0	17	0	12	0	0	14	6	0	0	0	0	0	0	0	0	0	9	0	0	0	0	0	0	0	0	0	0	0	0	0	0	22	0	0	0	0	0	0	0	18	0	0	0	6	8	0	0	0	0	0	0	0	0	0	0	0
0	0	5	16	0	0	0	0	0	0	0	0	0	0	0	0	0	0	0	0	0	0	16	0	0	0	17	0	0	15	0	0	0	0	0	0	0	0	0	0	0	0	0	0	0	0	0	0	0	0	0	0	0	0	0	0	9	10	17	8	0	0	0	0	0	0	11	0	0	0	0	0	0	0	0	0	0	0	0	15	0	8	0	11	0	11	0	0	0	0	0	0	18	17	0	0	14	14	0	0	0	0	0	0	0	0	0	0	0	0	0	0	0	0	0	0	0	0	0	0	0	5	0	0	0	0	0	0	0	0	9	0	0	0	0	26	0	0	12	0	0	0	5	0	0	0	0	0	0	13	0	0	0	0	0	0	0	0	0	12	0	11	0	0	0	0	0	0	34	0	0	0	0	0	15	0	0	0	0	0	0	0	0	0	16	0	0	0	11	0	0	0	0	0	0	0	18	0	0	0	0	0	11	11	16	0	0	0	0	15	0	0	0	0	0	13	0	16	0	0	0	0	0	0	0	0	0	0	0	0	0	0	20	0	0	10	0	0	0	0	0	10	0	0	9	0	0	30	0	0	0	0	0	0	0	14	0	0	10	0	0	0	0	0	0	0	0	0	0	0	6	0	13	8	0	0	18	0	0	0	18	0	0	0	0	0	0	12	0	0	17	10	17	0	0	17	0	0	16	18	0	0	0	0	0	0	0	0	0	0	0	26	0	0	0	0	0	0	0	0	0	0	0	0	0	0	0	0	0	0	0	0	0	0	0	0	0	0	0	19	0	1	3	4	18	187	240	84	5	4	11	0	0	0	0	0	0	0	12	11	0	0	0	0	0	0	0	0	0	0	0	0	0	0	4	0	0	0	0	0	0	0	0	0	0	0	0	0	0	0	0	0	0	0	0	0	0	0	0	6	11	0	0	0	10	15	0	0	0	0	0	0	17	0	7	0	17	0	0	0	0	11	0	0	0	0	0	0	9	0	0	16	0	0	0	0	0	0	0	0	0	0	0	0	0	0	6	0	0	0	0	0	0	0	0	0	0	0	32	0	0	0	0	0	0	17	0	0	0	0	0	0	0	0	0	0	0	0	0	0	0	0	0	0	0	0	0	0	0	0	0	0	0	0	0	15	0	0	0	0	0	0	0	0	0	14	0	0	0	0	38	0
0	0	16	0	0	0	0	0	17	9	0	0	0	0	12	0	0	0	0	0	12	50	0	0	0	0	0	0	0	0	0	0	11	0	0	0	16	0	0	0	7	0	14	14	0	0	15	0	0	0	0	16	16	0	0	0	14	0	0	0	0	0	0	0	0	0	15	0	0	0	0	0	0	0	10	0	0	0	0	0	0	18	0	0	0	18	9	0	0	0	0	0	0	0	0	0	0	0	0	22	20	15	19	0	0	0	0	0	0	17	0	0	0	0	8	0	0	0	0	17	0	16	0	0	0	0	13	0	10	15	0	0	0	0	0	0	0	0	0	0	0	0	0	0	0	0	0	18	0	0	0	0	0	0	0	0	0	5	32	0	0	12	0	0	14	0	0	17	0	0	0	0	0	0	0	0	0	0	0	0	16	0	0	0	12	0	0	0	0	0	0	0	0	0	0	0	0	0	0	0	0	0	0	0	0	0	0	0	0	0	0	0	0	0	0	0	0	8	0	0	0	0	0	0	0	0	0	0	0	0	0	0	0	0	0	0	0	0	0	0	0	0	11	0	0	0	0	0	0	0	0	0	0	0	0	0	0	15	0	0	0	0	0	0	0	16	0	0	0	0	17	0	0	0	0	0	0	0	0	0	0	0	0	0	0	0	0	29	12	0	0	0	0	0	0	0	0	0	0	0	0	0	0	0	0	0	0	0	15	0	0	0	0	0	0	0	0	0	0	0	0	0	0	0	0	0	17	0	0	0	0	0	0	0	0	0	19	0	0	0	15	9	19	4	27	490	787	161	9	4	18	0	0	0	0	0	0	0	9	7	0	10	15	0	0	0	0	0	0	0	0	0	0	0	0	0	8	0	0	0	0	0	0	0	0	0	14	0	0	0	0	0	0	0	0	0	0	0	0	16	0	0	0	9	9	0	0	0	0	0	0	0	10	0	12	0	0	0	0	0	0	17	0	0	0	0	0	0	0	0	0	0	0	0	0	0	0	0	16	11	0	0	0	0	0	13	8	0	0	11	0	0	0	0	0	0	0	0	0	0	0	0	0	0	0	0	0	0	0	0	0	0	0	0	0	15	0	0	0	0	0	0	0	0	0	0	0	0	0	16	0	0	0	0	0	26	0	0	0	0	0	0	0	0	0	0	12	16	0	0	0	0
0	0	0	0	0	0	0	0	16	0	0	0	0	0	0	0	0	0	17	0	13	32	0	0	0	0	0	0	4	14	0	0	0	0	0	0	0	0	0	0	0	0	0	0	0	13	11	0	9	0	0	0	0	0	0	0	0	0	0	0	0	0	0	0	0	0	0	0	11	0	0	0	0	0	0	18	3	10	0	0	0	0	0	0	0	0	0	0	0	0	0	0	0	0	0	0	0	0	0	0	0	0	0	0	11	0	0	0	11	0	0	0	0	0	0	0	0	0	0	10	0	0	0	0	0	12	7	0	0	0	0	1	0	0	0	0	0	7	0	0	0	0	0	0	0	0	0	0	0	0	9	15	0	0	8	0	0	17	0	0	0	0	0	16	14	0	0	0	0	0	0	0	0	15	0	0	0	0	0	0	17	0	0	0	12	13	0	0	0	0	0	11	0	9	15	0	0	0	0	0	0	0	14	0	15	0	0	0	0	19	0	0	2	6	0	0	0	0	0	0	0	0	0	0	0	0	0	0	12	17	0	0	0	0	0	0	0	0	15	14	0	0	0	0	0	0	0	0	0	0	0	0	0	11	0	0	0	18	14	9	0	0	8	0	15	0	0	0	0	10	0	0	0	0	9	0	17	15	16	0	0	0	0	8	6	0	0	0	0	0	0	0	0	0	0	0	0	0	0	0	0	0	0	0	0	0	0	0	0	0	0	0	0	0	0	0	0	17	0	0	0	0	0	14	0	0	0	0	0	0	0	0	4	15	13	0	12	0	0	0	16	0	2	4	11	115	188	53	6	3	2	0	0	0	0	0	0	14	0	0	0	0	0	0	0	0	0	10	0	13	3	17	0	0	0	0	17	0	0	0	0	0	0	0	11	0	10	0	0	0	0	0	0	0	15	8	0	0	0	0	0	0	0	0	0	0	16	0	12	0	0	0	17	0	0	0	0	0	0	0	18	0	0	0	0	18	0	18	0	0	0	0	0	0	0	0	0	0	14	11	17	0	0	0	0	0	0	0	11	0	19	17	0	0	0	0	0	0	9	11	0	0	0	0	0	0	0	0	0	0	0	0	0	0	0	0	0	0	0	0	0	0	0	0	0	0	0	17	0	0	0	0	0	0	4	8	0	0	0	0	0	0	0	0	12	0	0	0	0	0	0	9
0	0	0	0	0	0	0	0	0	16	0	0	0	12	0	15	0	18	0	0	0	0	0	0	0	0	4	16	0	0	0	0	0	0	0	0	0	0	0	0	0	0	0	0	0	0	0	0	0	0	0	0	0	0	0	0	0	0	0	0	0	0	0	0	0	0	0	0	14	0	0	0	0	11	0	0	8	0	0	0	0	0	9	14	7	0	0	0	9	0	0	0	0	0	0	0	0	0	0	0	0	0	0	0	0	0	0	0	0	0	0	0	0	0	0	0	0	0	0	0	0	0	16	15	0	0	25	15	19	0	5	17	0	0	11	0	8	0	0	0	0	0	0	0	0	0	0	0	18	0	0	0	17	0	7	0	0	0	0	0	0	0	7	11	9	0	0	32	6	0	0	0	0	8	0	0	0	0	0	0	0	0	0	0	0	16	18	0	0	0	0	0	0	0	0	0	0	0	0	0	14	0	11	0	13	0	0	0	0	0	0	0	14	0	0	0	0	0	0	0	0	0	0	0	0	0	0	0	0	0	0	0	0	0	0	0	0	0	0	0	0	0	0	9	0	0	0	0	0	0	12	13	16	17	8	0	0	0	0	0	0	0	15	10	0	0	0	0	0	0	0	0	0	0	0	0	0	9	24	11	0	0	0	0	0	0	0	0	0	0	0	0	0	0	0	17	0	0	0	0	0	0	0	0	11	0	0	0	0	0	0	0	0	0	0	16	0	0	0	0	0	0	0	0	0	0	14	0	0	0	0	0	0	0	0	0	0	0	0	0	0	0	0	3	4	6	12	18	18	2	0	0	0	0	0	0	0	0	0	0	0	0	0	0	0	0	5	13	0	14	0	0	5	31	0	0	0	0	0	6	0	0	0	0	0	0	0	0	0	0	0	0	0	0	0	0	0	0	0	0	15	0	0	0	0	0	0	0	15	0	0	16	17	0	0	0	0	0	0	0	0	0	0	0	0	0	0	0	15	9	0	0	0	0	0	0	0	0	0	0	0	11	0	0	0	0	0	0	14	0	14	12	0	0	0	0	0	0	0	0	0	0	0	0	0	0	0	0	0	0	0	0	0	0	0	0	0	0	0	0	0	0	0	15	9	0	34	0	0	0	0	0	17	0	0	0	0	0	0	7	15	0	0	0	8	0	0	10	0	0	0	0
17	9	0	0	0	0	0	0	0	14	0	0	0	16	0	0	0	0	0	0	0	0	17	0	0	11	14	10	0	0	0	0	0	0	0	0	0	0	0	0	0	0	0	0	0	0	0	0	14	12	0	0	0	10	0	18	17	17	0	0	0	0	14	0	0	0	0	0	0	0	0	0	0	0	0	9	0	0	0	17	0	0	0	25	15	0	0	0	0	0	0	0	0	0	0	0	0	0	0	0	0	0	0	0	0	0	9	16	0	0	0	0	0	0	0	0	12	15	0	18	0	0	0	33	11	0	0	0	0	0	0	0	0	0	0	0	0	0	0	0	0	0	0	0	0	14	13	0	0	0	0	0	0	0	0	0	0	0	0	0	9	0	25	18	0	0	12	0	0	24	15	0	0	0	0	16	0	0	18	0	2	0	0	0	19	14	0	17	0	10	0	0	0	0	0	0	0	0	0	0	18	0	0	0	0	0	0	0	0	0	17	17	0	0	0	0	0	0	12	0	13	0	0	0	0	11	0	0	0	0	24	0	0	0	0	0	0	0	0	0	0	0	0	0	0	0	0	0	0	0	0	0	0	0	17	0	0	0	0	8	0	0	0	12	0	0	0	0	0	0	0	0	0	0	0	0	0	0	25	18	0	0	0	20	0	0	0	0	0	0	0	0	0	0	0	0	0	0	0	0	0	0	0	0	0	0	0	0	0	8	0	0	0	0	0	0	0	0	0	0	0	0	0	0	0	0	0	0	0	0	13	0	0	0	0	0	0	0	0	11	0	0	9	25	3	4	4	4	2	0	0	0	0	0	0	0	20	0	0	0	0	6	0	0	0	0	0	0	0	0	0	0	11	25	0	0	9	0	0	0	12	0	0	0	7	0	0	0	0	0	17	0	17	0	0	6	0	0	0	16	3	0	0	0	0	0	0	0	0	0	0	16	0	0	0	0	0	0	0	0	0	13	0	0	0	0	0	0	0	0	0	0	0	0	0	12	16	0	0	0	0	14	0	12	0	16	0	0	0	0	0	0	0	0	0	16	0	0	0	0	0	10	0	0	0	11	0	0	0	0	0	0	0	0	0	0	0	0	0	0	0	0	0	0	0	0	7	0	0	0	0	0	0	0	0	0	12	0	0	0	0	0	0	0	0	0	0	0	0	0	9	0
18	0	0	18	0	0	11	0	0	0	0	0	0	0	0	0	0	0	0	0	0	0	0	0	0	0	0	0	0	0	0	11	20	0	11	9	0	0	0	0	0	0	0	0	0	0	0	0	0	0	5	0	0	13	0	0	0	0	9	0	0	0	10	0	0	0	0	0	0	0	0	0	0	0	0	0	0	0	0	0	0	0	0	0	0	0	0	0	0	0	0	0	10	21	0	0	0	0	0	0	0	0	0	0	0	0	0	0	0	0	0	0	10	0	0	0	0	0	0	0	0	0	0	0	0	0	0	0	0	0	0	0	0	18	0	0	3	0	0	17	0	0	0	12	0	9	0	0	0	0	0	0	0	0	0	9	0	0	0	0	0	0	0	0	0	0	13	0	18	9	0	0	0	0	0	0	0	0	0	16	25	10	0	0	15	10	0	0	0	0	0	0	0	0	0	0	0	0	0	0	0	0	0	0	0	0	0	0	0	0	0	0	0	0	0	0	0	0	0	0	0	0	0	0	0	0	0	0	0	0	0	0	0	0	0	0	0	0	0	0	0	0	0	0	15	12	0	0	0	0	0	0	0	17	0	0	0	0	0	16	0	0	0	16	0	0	0	0	0	0	0	0	0	17	0	0	0	0	0	16	0	14	20	16	11	0	0	0	0	0	0	0	0	0	14	0	0	0	0	0	0	0	0	0	0	0	0	0	0	17	22	10	0	0	0	0	0	0	0	0	0	0	0	11	0	0	10	0	12	0	9	0	0	0	0	0	0	0	0	0	0	0	34	10	3	2	2	0	0	0	0	0	0	0	0	0	0	14	0	0	0	0	0	0	0	0	0	0	0	0	0	0	0	0	0	0	16	0	0	0	0	0	0	0	0	19	0	0	0	0	0	17	0	0	0	15	0	0	0	0	0	0	0	0	0	0	0	0	0	0	0	0	0	0	16	0	0	0	0	0	0	0	9	0	0	0	0	0	0	0	0	0	0	0	0	0	0	0	0	0	0	0	0	15	0	0	0	0	0	0	0	0	0	0	0	0	0	0	0	0	11	0	0	9	0	0	17	0	31	7	0	0	0	0	0	0	0	0	0	0	0	0	0	0	0	0	0	0	0	0	0	0	0	0	0	0	0	0	0	0	0	0	0	0	0	0	0	0	0	0	0	0
0	0	0	0	0	0	14	0	0	0	0	0	0	0	0	0	0	0	0	0	0	0	0	0	0	0	0	0	0	0	0	12	0	0	0	0	0	0	0	0	0	0	0	0	0	0	0	0	0	21	28	0	0	0	0	0	0	0	15	0	0	0	0	19	0	0	0	0	0	0	0	0	0	0	0	0	0	0	0	0	0	0	7	0	0	0	0	0	0	0	0	0	0	0	0	0	0	0	0	0	0	0	0	0	0	0	0	0	0	0	0	21	14	10	0	0	0	0	0	0	0	0	0	0	0	0	0	0	0	0	14	0	0	0	0	0	0	0	0	0	0	0	0	14	0	0	0	0	0	0	6	0	0	0	0	0	0	0	0	0	31	11	0	0	0	0	0	0	7	10	0	0	0	0	0	0	0	0	0	0	0	0	0	0	15	14	0	0	0	0	0	0	0	0	0	0	0	0	0	0	0	0	0	0	0	0	0	0	0	0	17	0	0	0	17	0	0	0	0	17	0	0	0	0	0	0	0	0	9	0	0	0	0	0	0	0	25	0	0	0	0	0	0	0	9	10	17	0	0	0	0	0	0	0	0	0	0	0	0	0	0	0	0	0	0	4	12	0	0	0	0	0	0	0	0	0	11	9	0	26	18	7	0	0	35	0	0	0	0	0	0	0	0	0	8	0	0	0	0	0	0	0	0	0	0	0	0	0	0	0	26	0	0	0	0	0	0	0	0	0	0	0	0	17	0	0	0	17	0	11	12	0	0	0	16	0	0	0	0	0	0	0	0	0	0	0	0	0	12	0	0	0	12	0	0	0	0	17	6	13	0	0	0	0	0	0	0	0	0	0	0	0	0	0	0	0	0	0	0	0	0	0	0	0	0	25	30	0	0	0	0	0	0	0	0	0	0	0	0	0	0	0	0	0	0	10	0	0	0	15	0	0	0	0	0	0	0	0	0	0	0	0	0	0	0	0	0	0	0	0	0	0	0	0	0	18	0	0	0	0	18	0	7	0	0	0	0	0	1	5	0	0	0	0	12	0	0	0	0	0	0	9	0	0	0	11	0	0	0	0	0	0	17	0	0	16	0	0	0	14	12	0	0	0	0	0	0	0	0	0	0	0	0	0	0	0	0	0	0	0	0	0	0	0	0	15	9	10	0	0	0	0
0	0	0	0	17	0	0	0	14	10	15	0	0	0	0	0	0	0	0	0	0	0	0	0	13	0	0	0	0	0	0	0	0	0	0	0	0	0	8	0	0	0	0	0	0	0	0	0	0	0	0	0	0	0	0	0	15	0	0	0	0	0	0	6	0	0	0	0	0	0	0	0	0	3	0	0	0	0	0	0	0	0	16	0	0	0	0	0	0	0	10	0	0	0	0	0	0	0	0	0	0	0	0	0	0	0	0	0	0	0	0	0	0	0	0	0	0	0	0	0	0	0	0	0	0	0	0	0	0	0	11	0	0	0	0	0	0	16	0	0	0	0	0	0	22	0	0	18	19	0	6	0	0	0	12	0	0	0	0	0	0	0	0	0	0	0	0	19	6	0	0	0	0	0	0	0	0	0	0	0	0	0	16	0	8	17	19	24	20	20	25	30	0	0	0	0	0	19	0	0	0	0	0	0	12	17	0	0	12	0	0	0	0	0	0	0	0	0	0	0	0	0	19	17	0	0	0	0	0	0	0	0	0	0	0	5	13	12	0	0	0	0	0	0	0	0	0	6	0	11	17	21	0	0	0	0	0	0	0	10	0	12	4	0	0	0	12	0	0	28	0	0	0	0	0	0	0	0	13	40	21	0	0	0	20	25	0	18	3	16	0	0	0	14	0	0	12	0	0	0	0	0	0	0	0	0	0	0	0	0	0	0	0	0	0	0	0	0	0	0	0	0	0	0	0	0	0	0	0	0	0	9	15	0	0	0	0	0	0	0	0	4	0	0	0	0	0	0	0	0	8	0	0	0	0	0	0	0	0	15	0	0	0	0	0	12	0	0	0	16	0	11	0	0	0	0	0	0	0	0	0	0	11	0	0	0	5	0	0	0	0	0	0	0	0	0	0	0	0	0	0	0	0	0	0	0	0	0	0	0	0	0	0	17	7	0	0	0	0	0	0	0	0	0	0	0	0	0	0	0	0	18	0	0	0	0	10	15	0	0	0	0	0	0	0	0	0	0	0	0	0	14	13	0	23	8	0	0	0	0	0	0	0	0	0	0	0	0	0	0	0	0	15	0	0	0	0	0	0	0	11	14	0	0	0	0	0	0	0	0	0	0	0	0	12	0	0	0	0	0	0	0	0	0	12	0	0	0	0	0	0	0
0	0	0	17	0	0	0	0	0	17	0	0	0	0	0	0	0	13	10	0	0	0	0	0	0	0	0	0	0	0	0	0	0	0	0	12	8	0	14	0	0	0	0	0	0	0	0	0	0	18	0	0	0	0	0	0	37	0	0	0	0	0	0	13	15	0	0	0	0	0	0	0	0	16	0	0	0	0	0	0	0	0	26	0	0	0	0	0	0	0	0	0	0	0	0	0	0	0	0	0	20	0	12	0	0	0	0	0	0	0	0	0	0	0	0	8	0	14	0	0	0	7	0	0	0	0	0	0	18	0	0	0	12	0	0	0	0	0	0	0	0	0	0	0	0	19	0	0	0	0	14	0	0	0	9	0	0	0	0	0	0	0	0	0	0	0	0	0	0	0	0	0	0	15	0	0	0	14	14	0	40	12	0	0	13	0	15	0	0	0	0	38	0	0	0	0	17	10	0	0	29	0	0	0	0	0	0	0	0	17	0	0	0	0	16	0	0	0	0	0	0	8	15	0	0	0	0	0	0	0	0	0	0	0	0	0	0	0	0	0	0	0	0	0	0	0	0	14	0	0	0	0	0	0	0	0	0	0	0	8	0	13	9	0	0	0	0	0	0	0	0	0	0	0	0	10	34	15	0	0	0	0	0	0	0	0	0	0	0	9	0	0	0	0	0	0	13	0	0	0	0	0	0	0	14	0	0	10	0	0	0	0	0	0	0	0	0	0	0	0	0	0	0	16	18	0	0	0	0	0	0	0	0	0	0	0	0	0	0	0	0	7	0	0	0	0	0	0	0	14	24	0	0	0	0	0	0	0	0	0	0	0	0	0	0	0	0	0	0	0	7	37	10	0	0	0	0	16	0	0	0	0	0	0	0	0	0	0	0	0	0	0	0	0	0	0	0	0	0	0	0	0	0	0	0	0	0	12	0	0	0	0	0	0	0	0	0	0	13	0	0	17	0	0	0	0	0	0	0	0	0	0	0	0	0	0	0	0	16	25	16	0	0	0	17	0	0	10	0	0	0	0	16	0	0	16	0	0	18	0	11	9	12	0	0	0	0	0	0	0	0	0	10	8	0	0	0	0	0	0	0	4	0	0	0	0	0	0	0	0	0	0	12	0	0	0	0	10	0	0	0	0	0	0	13	0	0	0	0	0	0	0
0	0	0	0	19	0	0	0	0	0	0	0	0	0	0	16	0	5	0	0	0	0	0	0	0	0	0	0	0	0	0	0	0	0	0	16	0	0	0	0	0	0	0	0	0	0	0	0	0	0	0	0	0	0	0	0	0	17	0	0	0	11	0	12	19	0	0	0	11	14	0	0	0	0	16	0	0	0	0	0	0	0	0	0	0	0	0	0	0	0	0	0	0	0	0	0	0	0	0	0	0	0	7	0	0	0	10	0	0	0	15	0	0	0	0	0	0	0	0	8	17	0	10	0	0	0	17	0	0	0	0	17	24	0	0	0	0	0	0	7	0	0	0	0	0	0	0	0	0	0	0	0	0	0	0	0	0	0	0	0	0	0	0	0	0	0	0	0	0	0	0	0	0	11	17	31	0	15	12	0	25	0	18	0	0	0	0	0	0	0	0	21	0	0	0	0	0	0	19	0	9	0	13	0	0	0	0	0	0	0	0	0	16	0	0	0	0	0	0	0	0	0	12	16	0	0	0	0	0	0	0	0	0	13	0	0	0	0	0	0	0	0	0	0	0	0	0	0	0	0	0	0	0	0	0	0	0	0	0	0	0	0	0	0	0	0	0	0	0	0	0	0	0	16	15	17	9	0	0	0	0	0	0	22	0	0	13	13	0	0	0	0	0	0	0	0	11	0	0	0	0	0	0	0	14	0	0	0	0	0	0	15	8	0	0	0	0	0	0	0	0	18	0	0	0	0	0	0	0	0	0	0	0	17	0	0	0	0	0	0	0	0	0	0	0	0	0	0	0	0	0	0	0	0	0	0	0	0	0	0	0	0	0	0	0	0	0	0	0	0	25	13	0	0	0	0	0	15	0	0	0	0	0	0	0	0	8	0	0	0	0	0	0	0	0	0	0	0	0	0	0	0	0	0	0	18	0	0	0	0	0	0	14	14	0	0	0	0	0	7	0	0	0	0	11	0	0	0	0	0	0	0	0	0	0	0	0	0	0	0	13	14	0	0	16	0	12	0	0	0	0	0	0	0	0	0	0	0	0	0	16	0	16	0	0	0	0	0	7	8	0	0	0	0	0	0	0	14	15	0	10	0	0	16	19	0	0	0	9	0	6	9	8	18	0	0	0	9	16	0	0	11	0	0	0	0	0	0	0	0	0	0
0	0	0	0	0	0	0	0	0	0	0	0	0	0	0	14	13	16	18	0	14	0	0	15	0	0	0	0	0	0	0	0	0	0	0	3	0	0	0	0	0	0	0	0	0	0	17	0	0	2	8	0	0	0	18	0	49	0	0	0	0	0	0	0	0	0	0	18	0	0	15	0	15	0	0	0	0	0	0	0	0	0	0	0	0	0	0	0	0	0	0	0	0	0	0	0	0	11	13	0	0	0	0	0	0	0	0	0	0	0	0	0	0	0	0	0	0	0	0	0	0	0	0	0	0	0	8	0	0	0	0	0	0	0	0	0	0	0	0	0	0	0	0	0	0	0	0	0	16	0	0	0	0	0	0	0	0	20	0	0	0	0	0	11	0	0	0	0	0	0	0	0	0	0	0	0	0	0	0	0	19	0	19	0	0	0	0	0	0	0	0	0	17	0	0	0	0	0	0	0	0	0	14	0	0	0	19	0	0	0	0	0	0	0	7	7	0	0	0	0	0	0	0	0	0	0	0	0	0	15	0	0	0	15	0	0	0	0	0	0	0	0	0	0	0	0	0	0	0	0	0	0	0	0	0	0	0	19	0	19	0	0	0	0	0	11	0	0	0	0	0	0	16	29	20	0	0	0	0	0	17	0	0	0	0	15	0	0	0	0	0	0	0	0	0	0	0	0	0	0	0	14	0	0	11	0	0	0	0	0	0	0	0	0	0	0	0	0	0	0	0	0	0	0	0	0	0	0	0	0	0	0	0	0	0	0	0	0	16	0	0	0	0	0	0	0	0	0	0	0	0	12	14	0	0	13	15	0	0	0	10	0	14	13	0	0	0	0	0	0	6	0	0	0	0	0	0	0	0	0	0	0	0	0	0	0	5	8	0	0	0	0	0	18	0	0	16	0	0	0	0	0	0	14	0	0	0	0	0	0	0	0	0	0	15	9	0	0	0	0	0	0	0	0	0	0	0	0	0	0	0	0	0	0	0	0	0	0	20	0	0	0	0	12	0	0	10	0	0	0	0	11	0	17	0	0	0	0	16	0	0	0	0	0	0	0	0	0	0	0	0	0	0	0	0	0	0	0	0	0	0	0	0	18	0	0	0	0	0	0	0	0	25	0	0	0	0	0	0	0	0	0	0	0	0	15	0	0	0	0	0	0
0	0	0	0	10	0	0	0	0	0	0	0	0	0	0	0	25	16	0	0	0	6	0	0	0	0	0	0	0	0	0	0	17	0	0	0	0	1	0	0	14	0	0	0	17	11	13	0	0	0	15	12	0	0	0	0	0	0	14	0	0	0	0	0	0	0	0	0	0	12	0	0	0	0	0	0	0	0	0	0	0	0	0	5	0	0	0	0	0	0	18	0	0	12	0	0	0	0	0	0	0	0	0	0	0	16	0	0	0	0	0	0	0	22	1	0	0	0	0	0	0	0	9	0	0	0	0	0	0	0	0	0	0	0	0	0	0	0	0	0	0	0	0	0	0	0	0	0	18	0	0	0	0	0	15	0	0	0	0	0	0	0	0	0	0	0	0	0	12	0	6	0	0	0	0	0	0	0	0	0	21	24	17	19	11	0	0	0	0	0	0	0	11	0	19	0	0	0	0	0	18	0	0	0	0	0	0	0	0	0	0	0	0	0	0	0	0	0	0	0	0	0	0	0	0	0	0	0	0	0	0	0	0	0	0	0	0	0	0	18	0	0	0	0	0	4	2	0	0	0	0	0	0	0	0	0	0	0	0	0	0	0	0	0	0	27	11	13	11	0	10	30	24	0	0	0	0	0	0	0	0	0	0	0	0	0	0	0	0	0	0	0	0	0	0	0	0	17	0	0	0	13	0	0	13	0	0	0	0	0	0	0	0	11	0	0	0	0	0	0	0	0	0	18	15	0	0	18	0	0	0	0	9	0	0	0	19	0	0	10	0	0	0	0	0	0	0	0	0	0	12	0	0	16	0	0	6	12	0	0	0	0	0	0	0	0	0	0	0	0	0	0	0	0	0	0	0	0	0	0	0	0	0	0	0	0	0	0	0	0	0	16	12	0	0	0	13	13	0	19	0	0	0	0	0	0	0	0	0	0	0	0	0	0	13	11	0	0	0	0	0	0	0	9	0	0	0	17	0	17	0	0	0	0	0	0	0	0	0	0	0	11	0	0	0	0	0	0	0	0	0	0	0	0	0	0	0	0	0	0	0	0	0	0	0	5	0	10	0	0	0	0	0	0	0	0	0	0	0	0	0	0	0	0	0	0	0	0	0	0	0	0	14	0	0	0	0	0	13	0	0	0	0	0	0	7	0	9	0	0	0	0
0	0	0	0	0	0	0	0	0	0	0	15	27	0	0	0	11	44	13	0	0	0	0	0	0	0	0	0	0	0	0	0	10	0	0	0	0	0	0	0	14	0	0	0	0	0	0	0	0	0	10	14	0	10	0	0	0	0	22	12	0	0	0	0	0	0	12	15	0	0	0	0	0	0	0	0	0	0	0	0	0	0	0	0	0	0	0	0	0	0	0	0	0	0	0	0	0	13	14	0	20	0	0	0	0	17	0	0	6	0	0	0	17	21	0	0	0	0	0	0	0	0	0	0	0	0	8	0	0	0	0	0	0	0	0	0	0	0	0	0	0	0	12	11	20	23	0	0	5	11	0	0	0	0	13	0	17	0	0	0	17	0	0	0	0	0	0	0	0	0	0	0	11	0	0	0	0	0	0	0	0	0	0	0	0	0	10	0	0	0	0	0	0	0	0	0	0	0	0	0	0	0	0	0	0	0	0	0	0	0	0	0	0	0	0	0	19	16	0	0	0	0	0	0	0	0	0	0	0	0	16	0	0	0	0	0	0	0	0	0	0	0	0	0	16	17	0	0	0	17	0	0	0	0	0	17	15	0	0	0	0	0	0	0	0	0	0	0	0	29	33	0	0	0	0	0	0	0	0	0	0	0	0	0	11	0	0	0	0	0	0	0	0	0	17	0	0	0	0	0	0	12	12	0	0	0	0	0	0	0	0	0	0	16	0	0	0	0	0	0	0	0	0	0	17	0	0	0	17	0	0	0	0	0	0	0	0	0	0	0	0	0	0	0	0	0	0	0	0	0	16	20	14	0	0	8	0	0	0	0	0	0	0	0	10	0	0	0	0	0	0	0	0	0	0	0	0	0	0	0	0	0	0	0	0	0	0	0	0	0	0	0	0	0	0	7	4	19	0	0	0	0	0	0	0	0	0	0	0	0	0	0	0	0	12	14	0	0	0	0	0	9	15	0	0	0	0	0	0	0	0	0	0	0	0	0	0	0	0	19	0	11	14	0	0	0	0	12	0	0	0	0	0	0	18	0	0	0	0	0	0	18	9	0	0	0	0	0	0	0	9	0	0	9	0	0	0	0	0	0	0	9	0	0	0	0	0	0	0	0	0	0	0	0	0	0	0	0	0	0	0	0	0	17	0	0	14	14	0	0	0	0
0	0	0	0	0	0	0	0	0	0	0	0	0	0	0	0	17	0	22	0	0	0	0	0	0	0	0	0	0	0	0	0	0	0	0	0	0	0	0	0	0	0	0	0	0	0	0	0	0	0	0	0	0	0	0	0	0	0	0	0	0	0	0	0	13	0	0	0	0	0	0	16	0	18	0	0	0	0	13	0	0	10	12	14	0	0	0	0	0	0	0	0	0	0	0	0	0	0	0	0	9	0	0	0	0	0	0	0	0	16	0	0	14	0	0	0	0	0	0	0	0	0	13	13	0	0	0	0	0	0	0	0	0	0	0	0	0	15	10	16	0	10	14	0	12	12	0	0	25	26	0	0	6	0	0	0	0	0	0	0	0	10	0	0	0	0	0	0	0	0	0	0	0	0	0	18	0	0	0	8	9	17	0	0	0	0	28	0	0	0	0	0	0	0	0	0	0	0	0	0	0	0	0	0	0	6	31	0	0	0	10	0	0	0	0	0	0	9	0	6	0	0	0	0	0	0	0	0	0	0	0	0	0	0	0	0	34	0	0	0	0	16	0	0	0	0	0	0	0	0	0	0	0	0	0	0	10	0	0	0	0	0	0	0	0	0	0	39	33	23	0	0	0	0	0	0	0	0	25	14	12	0	0	0	12	0	12	0	0	0	0	0	17	0	0	0	0	0	0	0	0	24	11	0	0	0	0	0	0	0	0	0	0	0	0	0	0	0	0	0	0	0	0	0	15	15	10	0	9	0	0	0	0	0	0	0	0	0	0	0	0	0	0	0	0	0	0	0	0	0	0	11	17	17	0	7	0	0	0	0	0	0	0	17	0	0	0	0	0	0	0	0	0	0	0	0	0	0	0	0	0	17	0	0	16	0	0	0	0	0	0	0	0	0	0	0	0	15	28	0	0	0	0	0	0	0	0	0	0	0	0	0	12	15	0	0	0	0	0	0	0	0	0	0	0	0	0	0	0	0	0	17	0	18	0	0	14	0	0	12	18	0	0	0	0	0	0	13	0	3	0	0	0	0	0	0	0	0	0	15	0	0	0	0	0	0	16	0	16	0	0	0	15	12	13	0	0	0	0	14	9	0	0	0	0	0	0	0	11	9	0	0	0	16	0	0	0	0	11	0	0	10	0	0	0	0	0	0	0	22	0	0
0	0	0	0	0	0	16	0	0	0	0	0	12	0	0	0	0	14	0	0	0	0	0	0	0	0	0	0	0	0	0	0	0	0	0	0	0	0	0	0	0	0	0	16	0	0	0	0	15	15	0	0	0	0	0	15	10	0	0	15	0	0	0	0	7	0	0	0	0	0	0	0	0	0	13	8	0	0	11	0	0	0	9	0	0	0	0	0	0	0	0	0	0	0	0	0	0	0	0	0	0	0	0	0	6	9	0	0	0	15	0	0	0	0	14	0	15	7	0	14	14	0	0	0	0	0	0	0	0	0	0	0	0	0	0	0	0	10	0	0	0	0	0	0	0	0	0	0	16	0	0	0	40	26	0	0	17	0	0	0	0	0	0	0	0	0	0	0	0	0	0	0	0	10	0	0	17	0	14	5	10	6	0	0	16	0	14	10	0	0	0	0	0	0	0	0	0	0	0	0	0	0	0	0	0	0	9	0	0	0	0	0	16	0	0	0	0	0	6	16	0	0	0	6	0	0	17	0	13	0	0	0	0	0	0	0	0	0	0	0	0	26	10	0	0	0	0	0	0	0	0	10	0	0	10	10	0	0	0	0	0	0	0	0	4	18	37	39	0	0	0	0	0	0	0	0	0	0	10	30	37	0	0	0	0	0	0	0	0	0	0	0	10	0	0	0	0	0	0	7	0	0	0	0	0	0	0	0	0	0	0	0	0	0	0	0	0	0	11	0	0	0	0	0	7	0	19	28	0	0	0	0	0	0	0	0	0	0	0	0	0	12	0	0	0	0	0	0	0	0	0	0	0	0	0	0	0	16	0	0	0	0	0	16	0	0	0	0	11	0	0	0	0	0	0	0	10	16	0	0	0	17	0	0	0	0	0	0	0	0	19	0	16	0	0	0	0	26	18	0	0	0	0	0	0	17	0	0	0	0	0	14	0	9	11	0	0	0	0	0	0	0	9	12	0	0	0	0	0	0	0	0	0	0	0	0	13	10	0	0	17	0	11	24	0	0	0	0	0	13	8	0	0	0	0	12	15	22	0	0	16	0	0	0	0	0	0	0	0	0	0	0	0	0	16	0	0	0	0	7	0	0	0	15	0	0	0	0	7	0	0	0	0	0	0	0	0	0	11	0	0	0	0	0	0	0	0	0	16	71	14	0
0	0	8	0	0	0	0	0	0	0	0	0	0	0	0	0	0	0	0	0	0	0	10	0	0	0	0	0	0	0	0	0	0	0	0	16	0	0	0	0	0	0	0	0	0	0	0	0	14	0	0	0	0	0	10	0	0	18	0	10	0	0	0	0	0	0	0	0	0	0	0	0	0	0	0	0	0	0	19	0	0	16	27	0	0	0	11	0	0	0	0	0	0	0	0	0	0	0	0	10	0	0	0	0	12	15	0	0	0	0	0	0	0	0	0	0	0	0	0	0	0	0	0	0	0	0	0	0	0	0	0	7	0	0	14	11	0	0	0	0	0	0	0	0	0	0	0	0	0	31	17	18	20	15	0	0	0	0	0	16	0	0	0	0	0	0	0	0	13	0	0	0	0	0	0	0	0	27	17	0	0	15	8	0	0	0	0	0	9	13	0	0	0	19	0	0	0	0	0	10	0	0	0	0	0	0	0	0	0	0	0	0	0	12	0	0	0	0	0	0	0	0	0	0	0	0	0	0	5	0	0	0	0	0	0	0	0	15	0	0	0	0	0	0	0	0	20	16	0	0	0	12	0	0	13	29	0	0	0	0	0	0	7	0	11	33	11	0	0	0	35	10	0	0	0	11	0	17	0	0	0	0	0	0	0	0	0	0	0	0	0	0	0	0	0	0	0	0	0	0	0	0	17	0	0	0	0	0	0	0	0	0	0	0	0	0	0	0	0	0	0	0	0	0	0	0	0	18	12	0	0	0	0	0	0	0	0	0	0	0	0	0	0	0	0	0	0	0	0	0	0	0	0	0	0	0	0	0	0	0	0	0	0	0	0	0	16	17	0	0	0	0	5	13	0	0	17	0	0	0	0	0	0	0	0	0	0	19	0	0	0	0	0	0	0	0	0	0	16	0	0	0	0	0	0	0	0	0	0	0	0	11	18	0	12	5	0	0	0	0	0	0	0	0	0	0	0	0	0	0	0	0	0	0	0	0	0	0	0	0	0	0	5	0	0	0	0	0	35	13	0	0	0	0	0	0	0	0	0	0	0	0	0	0	0	0	0	0	0	0	0	0	0	0	0	14	0	0	0	0	0	0	0	0	0	0	0	0	0	33	0	9	0	0	0	0	0	0	0	0	0	0	0	0	0	0	18	0	0	0	0	0
0	0	0	0	0	11	0	0	0	0	0	0	0	0	0	0	0	0	0	0	16	11	0	0	0	0	0	0	0	0	0	0	0	0	0	0	0	0	0	13	9	0	0	0	0	0	0	0	15	0	0	0	0	0	0	10	12	0	0	0	0	0	0	0	0	0	15	0	0	0	0	0	0	0	0	0	0	0	0	0	10	0	39	27	17	0	0	0	0	0	0	0	0	0	0	0	0	0	0	14	0	0	0	0	16	0	0	0	15	0	0	0	17	0	0	0	0	10	0	0	0	0	0	0	0	0	0	0	0	0	0	0	0	0	0	0	0	0	0	0	0	0	0	0	16	0	0	0	0	18	0	0	0	0	0	13	0	0	0	0	0	0	0	0	0	0	11	16	15	0	0	0	0	0	0	0	0	10	0	0	0	0	0	0	0	0	0	0	0	0	0	0	0	0	0	12	0	0	0	15	0	0	0	0	0	0	0	0	19	0	0	16	0	10	0	0	0	0	0	11	14	0	0	0	0	0	7	0	0	0	13	15	10	0	0	20	0	0	0	0	18	0	9	0	0	0	0	5	0	15	0	0	0	0	0	0	0	0	0	0	0	0	16	15	12	0	0	14	0	13	12	0	0	0	0	0	0	11	0	14	12	11	0	7	8	0	0	0	0	0	0	0	0	0	0	0	0	0	0	0	0	0	16	0	0	0	0	0	0	0	0	0	0	0	0	0	15	10	0	0	0	0	0	0	0	0	0	0	17	21	0	0	0	0	0	0	0	0	0	0	0	0	0	0	0	0	0	0	0	0	0	20	0	0	0	0	0	0	0	0	0	0	0	0	0	9	0	17	0	8	18	0	18	0	0	0	0	0	0	0	0	0	0	0	0	0	0	0	0	0	9	0	0	0	0	0	0	0	12	5	0	0	0	0	0	0	0	0	13	0	0	0	0	0	0	9	0	0	15	0	10	0	0	0	0	0	0	0	0	0	15	0	16	0	0	13	0	0	0	0	0	0	0	0	0	0	0	0	22	9	14	0	0	0	0	0	0	0	0	0	0	27	16	0	0	6	0	0	0	0	0	0	0	0	0	0	0	0	0	0	0	0	0	0	16	0	0	0	0	0	0	0	0	0	0	0	0	16	0	0	0	0	0	0	0	0	0	0	0	0	0	0
0	0	0	0	0	27	0	0	0	0	0	0	0	0	0	0	0	0	0	0	0	0	0	0	0	0	9	11	0	0	0	0	0	0	0	0	10	0	0	0	0	0	0	0	0	0	0	0	0	0	0	11	0	0	0	0	0	0	0	0	0	0	0	0	0	14	11	11	0	0	0	16	0	10	0	0	0	0	0	0	14	0	0	0	0	18	0	0	0	0	0	10	0	0	0	0	6	0	0	0	0	0	0	0	0	0	0	0	0	0	0	0	18	30	16	0	0	0	0	0	0	0	0	0	0	0	18	0	0	0	0	0	0	0	10	14	0	0	0	0	0	0	0	0	0	0	0	0	0	26	0	0	0	0	0	0	0	0	0	13	0	0	0	0	18	17	0	0	13	11	0	0	0	0	0	0	0	0	0	0	0	0	0	0	0	0	0	0	0	0	0	0	0	0	0	0	0	0	0	12	0	0	0	0	12	0	0	0	0	0	0	7	0	0	0	0	0	0	0	0	0	0	0	0	0	0	2	0	0	0	0	0	0	0	13	16	0	0	0	0	8	0	15	11	0	0	0	0	0	0	0	0	0	0	0	18	0	0	0	19	0	14	27	12	0	0	0	15	0	0	0	0	0	0	0	0	0	12	0	0	0	0	0	0	0	0	0	18	0	15	1	13	0	14	13	0	0	0	0	0	0	0	0	0	0	0	0	0	0	0	0	0	0	0	0	0	0	0	0	0	0	0	6	0	0	0	0	0	0	17	20	4	0	0	0	0	0	0	0	0	0	14	15	19	0	0	0	0	0	0	0	0	0	0	0	0	0	0	0	0	0	0	0	0	0	0	6	0	0	0	0	0	12	7	0	0	0	0	0	0	0	0	0	0	0	0	0	0	0	0	0	0	0	0	0	0	0	0	0	15	0	0	0	0	0	14	0	0	15	0	0	7	0	0	0	0	0	0	0	0	0	0	0	0	0	0	0	0	0	0	0	0	5	0	0	12	0	0	0	0	18	0	0	0	0	0	0	0	24	0	0	0	0	0	0	0	0	12	0	0	0	0	12	0	9	0	0	0	0	0	0	0	0	0	0	0	0	0	0	0	0	0	0	0	0	11	0	0	0	0	0	0	0	0	0	0	9	12	0	0	0	0	0	0	0	0	10	13	0	0	15	0
0	13	11	0	13	9	15	0	0	0	0	0	0	0	0	0	13	0	0	0	0	0	0	0	17	0	0	22	14	0	0	0	0	0	0	0	0	0	0	0	0	0	0	17	0	17	0	0	0	0	0	0	0	0	0	0	0	0	0	0	0	0	0	0	0	0	0	14	19	0	0	0	0	0	0	0	0	0	8	16	20	0	9	14	0	0	0	0	0	0	0	0	0	0	0	0	16	0	0	20	0	0	0	0	0	14	0	11	0	0	0	0	18	0	0	0	0	0	0	0	0	0	0	0	0	0	0	0	0	0	0	0	0	0	0	9	0	0	15	0	0	0	0	0	0	0	0	0	0	22	0	0	0	0	0	8	0	17	0	0	14	0	0	0	0	13	0	0	18	6	0	0	5	0	9	0	0	0	0	0	0	0	0	0	15	0	0	17	0	0	0	0	0	0	0	0	0	0	0	0	0	0	0	0	0	0	0	0	0	0	0	0	0	0	0	5	10	0	0	0	0	0	0	0	0	0	0	0	0	0	0	0	0	0	0	0	0	0	0	0	0	0	0	0	0	0	0	0	0	0	0	0	0	0	0	0	0	0	0	14	17	10	0	0	0	0	17	0	0	0	17	0	0	0	0	0	0	0	0	0	0	0	0	0	19	9	18	0	0	11	0	0	0	0	0	8	0	0	0	0	0	0	0	0	0	16	11	7	0	0	0	0	0	0	0	0	0	0	0	0	0	0	0	18	0	0	0	0	0	0	36	24	4	0	0	0	0	0	0	0	0	0	0	0	0	0	0	0	0	0	0	9	5	0	0	0	0	0	0	0	0	0	0	19	0	0	0	0	0	0	0	5	51	15	0	9	0	10	0	0	0	0	0	0	0	0	0	0	0	0	15	0	0	0	0	8	0	0	0	16	0	0	0	0	0	0	0	0	0	0	0	0	0	0	14	0	0	8	15	0	0	0	0	19	0	0	0	16	0	9	0	0	15	0	0	0	0	0	6	0	0	0	0	0	0	16	0	0	20	0	0	0	0	0	0	0	0	0	0	0	11	0	0	0	13	15	0	0	0	0	0	0	0	0	0	0	0	25	0	0	0	0	0	0	0	15	0	0	0	0	0	0	0	0	0	0	0	0	8	0	0	0	0	0	0	0	0	7	0	0	0	0
0	0	0	0	14	0	0	0	13	16	17	0	0	14	0	0	15	0	0	16	6	0	0	0	11	0	0	0	0	6	0	0	0	0	0	0	0	0	0	0	0	0	0	0	0	0	7	0	0	0	0	0	0	0	0	0	12	0	0	0	0	0	0	0	0	0	0	0	0	19	14	0	0	17	0	0	0	0	0	0	17	0	0	0	0	0	0	15	0	0	0	0	0	0	0	0	0	0	6	0	0	0	0	0	0	31	0	0	17	0	0	0	0	0	0	0	0	0	0	0	0	0	0	0	0	0	0	0	0	0	0	0	0	0	0	0	0	0	10	0	0	0	0	0	0	0	0	18	0	0	0	0	0	0	0	0	0	0	0	0	0	0	0	0	0	0	3	12	0	16	0	0	0	0	0	0	0	0	0	0	8	15	0	0	0	0	10	0	0	0	0	0	0	0	0	0	0	0	0	0	0	0	0	0	0	12	13	0	0	0	0	0	0	0	0	7	10	0	0	6	0	0	0	0	0	0	0	0	10	0	7	0	0	0	0	0	0	0	0	0	17	0	0	0	17	0	0	0	0	0	0	0	0	0	0	9	0	0	30	16	0	0	0	0	0	0	0	12	16	13	0	0	0	0	0	0	0	18	0	9	15	0	0	0	0	0	0	0	0	0	0	0	0	0	0	0	0	0	0	0	0	0	0	0	0	0	0	0	0	0	0	0	0	0	17	0	12	0	0	0	8	16	0	0	12	0	16	9	0	0	0	0	19	11	10	0	0	0	0	0	0	0	0	0	0	0	0	0	0	0	0	11	3	0	0	0	0	0	0	0	0	0	0	0	18	0	0	0	0	0	0	0	20	16	0	0	0	16	0	0	0	0	0	0	11	9	0	0	0	0	9	12	0	0	0	18	0	0	0	10	10	0	0	0	0	0	0	0	0	0	0	0	0	0	14	0	0	0	0	0	0	0	0	0	0	0	0	0	0	0	0	0	0	0	0	0	0	0	0	0	0	17	0	0	0	0	0	20	13	0	0	0	0	0	0	0	0	0	0	0	0	0	16	0	0	12	0	6	0	0	0	0	0	0	4	0	0	31	16	0	0	0	0	0	10	0	0	0	0	0	0	0	0	0	0	0	0	0	14	0	0	0	0	0	0	0	0	0	0	0	0	0
0	0	0	0	0	0	0	0	0	0	0	0	0	0	0	0	0	0	0	0	0	0	0	0	0	0	0	0	0	0	0	7	9	0	0	0	0	0	0	0	0	0	0	7	0	0	15	0	12	0	0	0	0	0	0	0	11	0	0	0	0	0	0	0	0	0	0	0	0	0	23	19	0	0	0	0	0	0	0	0	0	0	0	0	0	0	0	0	0	0	0	17	0	0	10	0	29	32	42	15	0	0	0	0	0	0	12	0	0	0	0	0	19	19	0	0	0	0	0	0	0	0	20	0	0	17	0	0	0	14	11	0	0	0	0	0	0	0	0	0	10	0	0	0	0	12	0	0	0	0	0	18	0	0	0	16	0	0	0	0	0	0	0	0	0	0	0	10	0	12	11	0	0	0	0	0	16	0	0	9	0	12	0	0	0	0	0	0	0	0	0	0	0	0	0	0	0	0	0	0	0	0	0	0	0	0	0	0	0	0	0	0	0	0	0	0	0	0	11	14	0	0	17	33	4	0	0	0	9	0	3	0	0	0	0	0	0	0	0	0	0	0	0	0	14	0	16	0	0	0	0	17	0	0	17	0	0	12	0	0	0	0	0	0	0	12	0	0	0	19	21	12	0	0	0	17	9	0	0	10	0	0	0	0	0	0	0	0	0	0	0	0	0	0	0	0	0	0	0	0	0	0	0	0	16	0	0	0	7	0	0	0	0	0	22	9	11	0	0	0	11	0	0	0	15	0	0	0	0	0	0	0	0	15	15	0	0	0	0	0	0	0	0	0	0	0	0	0	0	0	0	0	0	0	0	0	0	0	0	0	0	0	0	0	0	0	0	0	0	9	0	18	11	20	0	0	0	0	0	0	0	0	0	0	0	0	0	16	0	0	0	0	0	0	0	0	0	0	16	0	18	0	0	0	0	0	9	15	15	0	0	0	0	0	0	0	11	0	0	0	7	0	0	0	0	0	0	0	0	0	0	0	0	0	0	0	0	18	0	11	0	0	0	0	0	18	16	19	0	0	0	0	0	0	0	0	0	0	0	0	0	0	0	17	0	0	0	0	17	0	0	0	0	0	17	0	0	0	0	0	0	0	0	10	15	0	0	0	0	0	0	0	0	0	0	0	0	0	0	0	0	0	0	0	0	0	0	0	0	0	0	0
0	0	0	0	0	12	0	0	0	0	0	0	0	0	0	0	0	0	0	0	12	0	0	0	0	0	0	0	0	0	0	9	19	0	0	0	0	0	0	0	0	0	0	0	0	0	0	0	0	0	13	13	0	0	0	0	15	0	0	0	0	0	0	0	0	0	0	0	0	0	14	9	17	16	17	17	0	0	0	0	0	0	0	0	0	0	0	0	0	0	0	0	13	12	0	0	0	10	19	14	0	0	0	0	23	0	0	0	0	0	0	0	0	0	0	10	0	0	0	0	0	0	0	0	0	0	0	0	37	37	0	0	0	0	0	0	0	0	0	0	0	0	0	0	0	13	0	0	0	0	0	0	9	0	0	0	0	0	0	0	0	0	0	0	0	0	0	0	0	0	17	0	0	0	0	0	0	0	0	0	0	0	0	0	0	0	0	0	0	0	0	0	0	0	0	0	0	0	0	0	0	0	0	0	0	0	0	0	0	0	0	0	0	10	6	7	0	0	0	0	0	0	13	32	30	21	0	0	0	0	0	0	0	0	0	0	0	0	0	0	0	0	18	16	0	0	12	0	0	0	0	0	0	0	0	0	0	0	0	0	0	0	18	0	0	0	0	0	0	20	23	22	0	0	0	0	0	0	0	15	0	0	0	0	0	0	0	7	0	0	0	0	0	0	0	0	0	0	0	0	0	0	0	0	0	0	0	0	0	13	22	0	12	0	0	0	0	0	0	0	14	0	0	0	0	0	0	0	0	0	14	13	0	0	15	16	6	0	0	0	0	0	0	0	0	0	0	0	0	0	0	0	0	0	0	0	0	0	0	0	0	0	0	0	0	0	0	0	0	14	0	0	0	0	0	0	0	0	0	0	0	11	0	0	0	0	0	0	0	0	0	0	0	0	0	0	0	0	0	0	16	0	0	0	0	0	15	0	12	15	0	0	0	0	13	0	17	8	15	20	0	0	0	0	0	0	0	0	0	0	0	0	0	0	0	0	0	16	0	7	0	0	0	0	0	18	16	0	17	0	0	0	11	0	20	0	0	0	0	0	0	0	0	0	0	0	0	0	0	0	0	0	0	0	0	0	0	0	0	0	0	0	0	0	0	0	11	0	0	0	0	0	0	0	0	0	0	0	0	0	0	0	0	0	15	0	13	7	0	0	0	0
0	0	0	0	7	14	11	0	0	0	0	0	0	0	0	0	15	6	0	0	10	0	0	0	11	33	16	11	0	0	0	0	16	0	0	0	0	0	0	0	0	0	0	0	0	0	0	15	0	0	0	0	0	0	0	0	11	0	0	0	0	0	0	0	0	0	0	0	0	0	0	0	0	16	19	0	12	15	0	0	0	0	0	0	0	0	0	0	0	0	0	0	15	0	0	0	0	0	0	0	0	0	0	0	17	0	0	0	0	5	0	0	0	0	0	0	0	0	0	0	0	0	0	0	0	0	0	0	17	9	0	0	0	0	0	0	0	0	0	0	17	10	0	0	0	14	13	0	0	0	0	16	16	0	0	0	0	0	0	0	0	0	17	0	0	0	0	0	0	16	0	0	0	11	0	0	0	0	0	0	0	0	0	0	0	0	0	0	0	0	0	0	13	0	0	0	13	0	0	0	16	0	0	17	0	0	0	0	0	0	0	0	0	0	0	11	0	0	0	0	0	0	0	4	7	0	0	0	0	0	0	0	0	0	0	0	0	0	0	0	0	0	0	0	0	0	0	13	35	0	0	0	0	0	0	0	0	0	0	0	0	0	0	0	0	0	0	0	0	0	25	22	16	0	0	19	0	0	0	0	0	0	9	0	0	0	0	0	0	0	0	0	16	0	0	0	0	0	0	0	28	13	0	0	0	11	19	0	0	12	17	0	0	0	0	0	0	0	0	0	0	0	0	0	0	12	0	0	0	0	0	0	0	0	6	3	15	8	0	0	16	24	0	0	0	0	0	0	0	0	0	0	0	0	0	0	0	0	0	14	0	0	0	0	18	0	0	0	0	16	0	0	0	0	0	0	0	0	0	0	16	0	0	0	0	0	0	0	0	0	0	0	0	14	22	16	0	0	9	0	15	13	0	0	19	17	0	0	0	0	0	0	0	0	0	0	0	0	10	0	12	0	0	0	0	0	0	0	0	0	0	0	0	0	0	0	0	0	0	0	0	0	0	0	0	11	0	0	0	0	0	0	16	0	12	0	9	0	0	0	0	0	0	0	0	0	11	16	0	0	0	12	0	0	0	0	0	0	0	0	0	0	0	0	0	0	15	0	0	0	10	0	0	0	0	0	0	0	0	0	0	0	0	0	5	0	0	16	0	8	0	0
0	0	0	0	0	17	18	0	0	0	0	0	0	0	0	0	0	0	0	11	11	0	0	0	0	17	18	33	0	0	0	0	0	0	0	0	0	0	0	0	0	0	0	16	0	0	0	0	0	0	0	0	0	0	0	0	0	0	0	0	0	0	0	0	0	0	0	0	0	0	0	0	0	0	13	15	0	0	15	11	0	0	0	0	0	0	0	0	0	0	0	0	12	15	13	0	0	15	0	0	0	0	0	0	0	0	0	0	0	0	0	0	0	0	0	0	0	0	0	0	0	0	0	0	14	0	0	0	0	0	0	0	0	0	0	0	0	0	0	0	0	0	0	0	0	0	0	0	0	0	0	12	11	0	13	0	0	0	0	0	0	0	0	0	0	0	10	0	0	0	0	0	0	11	0	0	0	6	0	0	0	15	0	0	0	0	0	16	0	0	0	13	13	0	0	0	0	0	0	0	11	0	0	12	0	0	0	0	8	0	0	0	0	5	35	0	0	0	0	0	19	0	0	0	0	0	0	0	7	0	0	0	17	0	0	22	0	0	0	0	0	0	0	0	0	0	0	0	0	17	0	0	0	0	0	0	0	0	0	0	0	0	0	0	0	0	0	14	0	0	0	15	9	0	0	0	0	0	0	0	0	5	0	0	0	0	16	12	32	0	0	17	0	0	0	0	0	0	0	0	11	11	0	0	0	0	0	0	0	0	0	16	0	9	0	0	0	0	0	0	0	0	0	0	0	14	0	0	0	0	0	0	0	0	9	10	0	16	13	0	0	13	0	0	0	0	16	0	0	0	0	0	0	0	0	0	0	0	0	0	0	0	0	0	0	0	0	0	0	0	0	0	0	0	0	0	0	0	0	0	0	0	0	0	0	0	0	0	0	0	0	0	0	0	0	0	0	0	0	0	7	24	0	0	11	9	0	0	0	0	0	0	0	0	0	0	0	0	0	0	5	0	0	15	7	0	0	0	0	0	0	0	8	30	0	0	0	0	0	0	0	20	18	9	0	0	0	11	17	9	0	0	0	0	0	0	0	14	0	0	0	0	0	0	0	0	0	0	0	0	0	0	0	0	0	0	0	0	0	15	10	0	0	17	0	17	0	0	0	0	0	0	8	0	0	0	0	0	0	0	0	0	0	0	0	0	0	0	0	0	0	0
0	0	11	0	0	0	0	0	0	0	0	0	0	2	16	0	0	0	0	10	0	0	0	0	0	0	0	4	0	0	0	0	0	0	0	0	0	0	0	0	0	0	0	0	0	0	0	0	0	0	0	9	0	11	0	0	0	0	17	0	0	0	0	0	0	0	0	0	0	0	17	0	0	0	0	0	0	0	0	0	0	0	10	16	0	16	0	0	14	0	17	0	0	3	0	0	0	7	0	0	0	0	0	0	0	0	0	0	0	0	0	0	0	0	0	0	0	0	0	0	0	0	0	0	0	0	0	0	0	0	13	9	0	0	16	0	0	0	0	0	0	16	10	0	0	0	0	0	0	0	0	18	0	0	15	0	0	0	0	0	0	0	2	17	0	0	0	0	0	0	0	0	0	0	0	0	0	0	0	0	0	0	0	0	0	0	0	0	0	15	0	15	0	0	0	0	18	0	0	0	0	0	0	13	8	0	0	0	24	0	0	0	0	0	0	0	0	0	0	0	0	0	0	0	0	0	14	0	0	0	0	0	0	0	0	14	0	0	0	0	10	0	0	13	0	16	0	0	0	0	0	0	0	0	0	0	16	0	0	0	0	0	0	0	0	0	0	12	0	0	0	0	0	0	0	0	0	18	0	0	0	16	0	0	0	0	9	0	0	0	0	0	0	0	0	0	9	1	0	0	0	0	0	0	0	0	0	0	0	0	0	0	0	14	0	0	0	0	2	0	0	0	0	0	0	0	0	0	0	0	0	0	15	7	0	0	0	0	15	16	0	0	0	0	0	0	0	0	0	0	0	0	0	0	0	0	0	0	0	0	4	0	0	0	0	7	0	0	0	0	14	0	0	0	0	0	0	0	0	0	0	0	0	0	11	13	15	0	0	0	0	0	0	0	22	0	0	0	0	8	16	16	0	0	0	0	0	11	5	0	0	0	0	0	0	16	0	0	17	0	0	0	0	16	0	0	0	0	0	27	0	0	0	0	0	0	0	0	0	13	22	2	0	14	0	0	0	0	0	14	12	0	0	0	10	18	0	33	0	0	0	0	0	0	0	0	0	0	0	0	0	0	0	0	0	0	0	0	0	0	0	0	0	0	0	0	0	0	0	0	0	0	0	0	0	0	0	0	0	18	0	0	0	0	0	0	0	0	0	0	0	0
0	0	11	18	0	0	0	0	0	0	0	0	0	0	0	0	0	0	0	0	0	0	0	0	16	0	0	0	0	0	15	0	0	0	0	0	17	0	0	0	0	0	17	0	0	0	0	0	0	0	0	0	0	16	0	0	0	0	0	0	0	0	0	0	18	0	0	0	10	10	0	0	0	0	9	0	0	0	20	0	0	0	0	0	0	0	0	0	14	0	0	0	0	0	16	0	0	0	0	0	12	0	0	0	0	0	0	0	15	23	15	0	0	0	0	0	0	0	0	0	7	0	0	31	9	0	0	0	0	0	0	0	0	0	0	0	0	0	0	0	0	0	0	0	0	2	0	17	15	0	0	0	0	0	0	0	0	0	0	0	0	0	0	0	0	0	0	0	0	0	0	0	0	0	0	0	0	0	0	0	0	0	2	6	0	0	0	0	0	8	0	0	17	0	8	0	0	0	0	0	0	0	0	5	14	0	0	0	0	0	0	0	0	10	0	0	10	0	0	0	0	0	0	17	0	0	0	0	0	0	0	0	0	11	0	13	0	0	0	0	16	0	0	0	0	0	0	0	0	19	0	8	0	9	0	0	0	0	0	0	0	0	0	0	0	0	0	0	0	0	0	0	0	54	12	12	0	0	0	0	0	0	0	0	0	0	10	15	0	0	0	0	0	18	0	0	0	0	18	0	0	0	0	0	0	0	9	0	16	0	17	0	0	0	0	0	0	0	8	0	0	0	0	0	0	0	11	0	0	0	0	0	0	0	0	0	0	0	0	12	16	0	0	18	0	0	0	0	0	0	0	15	0	0	0	0	0	0	0	15	38	20	18	0	0	23	0	0	18	0	0	0	0	0	0	0	0	0	0	0	6	0	14	16	14	15	16	0	0	0	0	0	0	0	0	0	0	0	0	0	0	18	0	0	0	0	0	20	9	0	0	0	0	0	0	10	0	10	0	0	0	0	0	0	0	0	0	15	0	0	0	0	0	0	0	10	0	6	15	24	28	0	0	0	0	0	0	0	0	0	7	0	0	0	0	0	0	0	10	0	0	0	0	0	0	0	0	0	0	0	0	0	0	0	18	0	33	0	0	0	0	0	0	0	0	15	0	9	0	0	0	0	0	8	0	0	0	0	0	0	0	0	0	15	0	0	0	0	19	13	0	0
0	0	0	0	0	0	0	0	0	34	0	0	0	9	0	0	0	0	0	0	2	0	0	0	0	0	0	17	13	15	7	0	0	0	0	0	0	0	0	19	0	0	0	0	0	0	0	0	0	0	0	0	0	0	0	0	0	13	0	0	0	0	0	0	0	0	0	0	20	8	0	0	0	0	0	0	0	0	0	0	0	0	0	0	12	0	0	0	0	0	0	0	0	0	0	0	0	0	0	0	0	0	0	0	10	0	15	24	0	0	0	0	11	0	0	0	0	0	0	0	0	0	0	0	0	0	0	0	0	0	0	0	0	0	0	0	0	0	0	0	0	0	0	0	0	0	0	0	0	0	0	0	0	0	0	0	0	0	0	0	0	0	0	0	0	0	0	0	14	0	0	0	13	17	0	19	10	0	0	0	0	0	22	23	7	0	0	0	0	0	0	0	0	0	0	0	13	18	0	0	0	0	0	0	0	8	0	0	0	8	8	0	0	0	0	0	11	0	0	0	0	0	0	0	0	0	0	0	0	0	0	0	0	0	0	16	0	0	0	0	0	0	0	0	0	0	0	0	0	0	6	0	0	9	0	0	0	0	0	0	0	15	12	0	0	0	0	0	0	0	0	0	0	0	0	0	9	0	0	0	0	0	0	0	0	0	19	0	0	0	0	13	0	0	0	0	0	0	4	0	0	0	0	0	0	0	0	0	0	0	0	0	0	13	14	0	0	0	0	0	20	0	0	0	0	0	0	0	0	0	0	0	0	0	0	0	0	17	0	0	0	16	25	0	0	0	0	0	9	0	0	0	9	8	0	0	0	0	0	0	0	0	10	0	0	0	0	0	0	0	16	0	20	0	0	0	0	0	0	0	24	18	33	17	0	0	0	0	0	0	0	0	0	0	19	16	0	0	0	0	0	18	0	0	0	0	18	0	0	0	17	0	0	0	0	0	0	16	0	0	0	0	0	5	12	0	13	0	10	0	0	0	15	0	9	3	19	28	13	23	16	0	0	0	0	10	0	0	11	0	0	0	0	0	0	0	0	0	16	0	0	0	0	0	0	0	15	7	0	0	0	0	0	0	0	0	0	0	0	0	0	18	0	0	0	0	0	15	0	0	0	0	15	10	0	17	11	10	0	0	0	0	0	30	9	0	0	0	0	0	0	0
0	0	0	0	18	0	0	0	0	0	0	0	0	0	0	0	0	0	0	0	0	0	0	0	0	0	0	0	0	0	0	0	16	13	0	9	15	0	0	0	0	0	0	0	0	0	0	0	0	0	0	0	0	0	0	0	0	0	0	0	0	0	10	9	0	0	0	0	0	0	0	0	0	0	0	0	0	0	0	0	0	0	0	0	0	0	0	0	0	0	0	0	0	0	0	0	0	0	0	0	3	0	0	0	0	0	0	0	0	0	0	0	0	0	0	0	0	0	0	16	9	0	0	11	17	18	0	0	0	0	0	0	0	0	0	0	0	0	0	0	0	0	0	0	0	0	0	0	0	0	0	0	0	0	0	16	0	0	0	0	0	0	0	0	0	0	0	0	11	0	18	0	0	0	0	0	8	0	0	0	0	0	0	0	0	19	16	0	0	0	0	0	0	17	0	0	9	0	0	0	0	19	0	0	0	0	0	0	0	10	10	0	23	16	0	0	0	0	16	0	0	0	0	0	0	0	0	0	0	0	0	0	0	0	0	0	0	0	0	0	0	0	6	0	0	0	15	0	0	0	0	0	0	0	0	0	0	19	0	17	0	20	0	0	0	0	0	0	0	0	0	0	0	0	0	0	8	0	0	0	0	0	0	0	0	0	0	0	0	0	0	0	0	0	0	0	0	0	0	0	9	0	0	0	10	0	0	8	0	0	0	0	0	0	0	0	0	0	0	10	0	0	0	0	0	11	0	0	0	0	0	0	0	0	0	0	9	9	0	0	0	0	17	14	0	0	0	0	0	0	0	0	27	24	0	0	17	0	0	0	0	0	0	0	0	0	0	0	0	0	0	0	10	0	0	21	0	0	14	16	14	0	0	0	0	0	0	0	0	0	0	0	0	0	0	0	0	22	0	0	0	15	12	0	0	0	0	0	0	0	0	0	0	0	0	0	0	0	0	13	14	0	0	0	10	0	12	0	14	0	0	0	0	0	14	17	25	9	18	0	0	0	0	0	14	0	0	0	13	0	17	0	0	0	18	0	0	0	0	0	0	0	0	0	0	0	0	0	0	0	0	0	0	0	0	17	0	0	0	0	0	0	0	0	0	0	0	9	0	0	11	0	0	30	15	9	0	0	0	0	0	0	0	0	0	0	0	0	17	0	0	0
0	13	0	0	0	0	0	0	0	0	24	0	0	0	0	0	0	16	0	0	0	16	0	0	0	0	0	0	0	0	0	0	0	0	15	0	0	0	0	0	0	0	0	0	0	0	0	0	0	0	0	0	0	0	0	0	11	0	0	0	0	0	16	16	0	0	0	17	0	0	0	0	0	15	0	16	0	0	0	0	0	0	0	0	0	0	14	0	0	0	0	0	0	0	0	0	0	0	0	11	13	0	0	0	0	0	0	0	0	0	0	0	13	0	0	0	0	0	0	0	0	0	11	0	0	0	0	0	0	0	0	0	0	0	0	0	0	0	10	10	0	0	0	0	0	0	0	0	0	0	0	0	0	0	0	0	0	0	0	0	0	0	0	0	9	0	0	0	0	0	0	0	0	0	0	0	0	16	0	0	0	16	0	0	18	0	0	0	0	0	0	0	12	14	0	0	0	0	0	0	0	0	0	0	0	0	0	0	0	0	0	0	14	7	0	0	0	0	0	0	0	0	0	0	0	0	0	11	0	0	0	0	0	0	9	0	0	0	0	0	0	0	0	0	14	13	18	9	0	0	0	0	0	0	0	13	0	0	0	0	0	9	0	0	0	0	0	0	0	0	13	0	0	0	0	15	0	0	16	0	0	0	0	0	0	0	0	0	0	0	0	0	0	0	0	0	0	0	0	0	15	0	0	0	11	0	0	0	0	0	0	0	0	0	0	0	11	0	0	0	0	0	0	0	0	0	0	0	0	0	0	0	0	0	0	0	0	0	0	0	0	13	0	12	16	0	0	0	0	0	0	0	0	9	15	0	0	0	0	0	0	0	0	0	0	0	0	0	0	0	0	0	0	0	14	33	14	18	15	0	0	0	0	0	0	0	0	0	0	11	0	0	0	0	0	0	0	20	17	10	0	0	15	0	0	0	0	0	0	0	0	0	0	0	0	0	0	0	0	8	0	0	0	0	0	0	0	0	0	0	0	0	9	12	13	0	0	11	20	0	0	0	16	0	0	0	0	0	0	0	0	0	0	0	0	0	0	0	0	0	0	0	0	0	0	0	0	0	0	0	0	0	0	0	0	0	0	0	0	0	5	0	10	0	0	0	0	0	0	0	0	0	13	13	0	0	0	0	0	0	9	19	0	0	10	0	0	0	0	0	0	0
0	10	0	8	0	0	0	0	0	0	11	0	0	0	18	0	0	0	0	0	0	0	0	0	0	0	0	0	0	0	0	0	0	0	12	0	0	0	0	0	0	0	0	0	0	0	0	0	0	0	0	0	0	0	0	0	0	0	0	13	0	0	0	0	0	0	0	0	16	0	20	0	0	0	0	9	0	0	9	0	0	0	0	0	0	0	30	0	0	0	0	11	0	0	0	19	0	0	0	17	0	0	0	0	0	0	0	0	0	0	0	0	13	0	0	0	0	0	0	0	0	0	0	14	10	0	0	0	0	0	0	0	0	0	9	0	0	0	0	7	0	18	0	0	0	0	0	0	0	0	0	0	0	0	0	0	17	0	0	0	0	0	0	0	3	0	0	0	0	0	0	7	6	0	0	0	0	8	0	0	0	0	15	13	0	0	15	0	0	0	0	0	0	0	0	16	0	0	0	17	0	0	0	26	10	0	0	0	0	0	0	0	0	17	0	0	0	0	0	0	0	0	17	0	0	0	0	14	9	0	0	0	0	0	13	0	0	0	0	0	0	0	0	15	16	0	0	0	0	0	0	0	0	0	0	0	0	11	0	0	0	0	0	0	0	0	0	0	0	0	13	0	16	0	0	13	10	0	0	0	0	0	0	0	0	0	0	0	0	0	0	0	0	0	0	0	15	0	0	0	0	0	0	0	0	0	0	0	0	0	0	0	0	0	0	0	0	0	15	0	17	0	0	0	0	0	0	17	0	15	0	0	16	0	0	0	0	0	0	14	0	0	0	0	7	22	0	0	0	0	0	0	0	0	13	6	0	0	0	0	0	10	0	0	0	0	0	17	0	0	0	0	0	0	0	0	0	0	8	0	0	0	0	0	0	0	0	0	0	0	0	0	0	0	0	0	11	0	0	1	6	0	16	12	0	0	0	0	0	0	0	18	9	0	0	0	0	0	18	0	0	0	0	0	0	0	16	13	0	0	0	0	0	17	13	0	0	21	29	9	0	0	0	10	0	0	10	27	0	0	0	0	0	0	0	0	0	0	18	0	0	0	0	0	0	0	0	0	0	0	0	0	0	11	0	0	0	0	0	0	0	16	4	0	0	0	0	0	0	0	13	33	5	0	0	0	14	12	0	0	0	0	0	0	7	0	0	0	0	0	0	0
0	0	0	19	0	0	0	17	11	0	0	15	0	0	0	17	0	0	0	0	0	6	0	0	0	0	0	18	0	0	10	0	0	17	0	0	0	0	0	0	0	0	12	11	0	0	0	0	0	0	0	0	0	0	0	0	0	0	0	0	0	0	0	0	0	7	0	0	0	0	0	0	0	0	0	0	0	0	17	0	0	0	0	0	0	0	0	0	0	18	0	0	0	0	0	0	0	0	0	0	0	0	0	14	0	0	0	0	0	0	0	0	0	0	0	14	0	0	0	0	0	16	0	0	0	0	0	0	0	0	0	0	0	0	0	0	14	11	0	0	0	0	0	0	0	0	0	0	0	0	0	0	0	0	0	0	0	0	0	0	0	0	0	0	0	0	0	0	0	17	0	0	6	0	0	0	0	0	0	0	0	0	0	0	0	0	5	0	0	0	0	11	0	0	0	9	0	0	0	16	0	0	0	0	0	0	0	17	0	0	0	0	0	19	16	0	0	0	0	0	0	0	0	0	0	0	0	8	15	0	0	0	10	16	0	0	0	0	0	0	13	27	20	13	0	0	0	18	0	0	0	0	0	0	0	0	0	0	0	0	16	0	0	0	0	0	0	0	0	0	0	0	11	0	0	16	13	0	0	0	0	0	0	0	29	3	0	0	0	0	0	0	0	0	0	0	12	0	0	14	0	0	0	0	0	0	0	16	12	0	15	0	0	0	0	0	0	0	0	0	14	0	0	0	0	0	0	8	0	0	0	0	0	0	0	0	0	0	0	11	0	0	0	0	0	0	17	13	0	0	0	0	0	8	8	7	0	0	16	14	0	0	0	0	16	0	0	0	0	0	0	0	0	0	11	0	0	0	30	0	0	0	0	0	0	0	0	0	0	0	0	7	11	0	0	0	0	0	0	0	0	0	15	10	0	0	0	0	0	0	0	0	0	0	0	18	0	0	0	0	0	17	19	0	2	0	21	14	0	6	15	0	0	0	0	0	9	19	27	18	0	0	0	16	0	0	0	0	0	0	0	0	0	0	0	0	0	9	0	0	0	0	7	0	0	0	0	0	0	0	0	0	0	0	0	0	0	0	0	0	11	9	4	0	0	0	0	0	0	16	18	0	0	0	0	0	0	0	0	0	0	0	0	0	0	0	0	0	0	0	0	0
12	14	13	0	0	10	0	0	0	0	8	20	0	0	0	17	0	0	0	0	0	15	0	20	0	0	0	0	0	0	0	0	0	0	0	16	0	0	0	0	0	0	0	0	0	0	0	0	0	0	0	0	0	0	0	0	0	0	0	0	0	0	0	0	0	0	0	0	0	0	0	0	0	0	0	0	3	0	0	0	0	0	34	15	0	0	0	0	0	0	0	0	0	0	0	0	0	0	0	0	0	0	0	14	0	0	0	0	0	7	0	0	0	0	0	15	0	0	0	0	0	0	0	0	0	0	19	0	0	0	0	0	0	0	0	0	14	0	0	0	0	8	0	0	0	16	0	0	0	0	0	0	8	17	0	11	2	0	0	0	0	0	0	11	12	0	0	0	17	0	0	0	6	0	0	0	0	0	0	0	0	13	0	0	0	0	0	0	0	0	0	14	0	9	16	0	0	0	0	0	0	0	0	0	0	0	0	0	0	0	0	0	0	14	32	0	0	0	0	0	0	0	0	0	0	0	0	0	0	0	0	0	0	0	0	0	0	0	0	0	0	0	0	5	9	0	0	0	0	0	11	0	0	13	20	0	0	0	0	0	0	0	0	0	0	0	0	0	0	0	0	0	0	0	0	9	0	0	18	0	0	13	0	14	14	0	0	0	0	0	0	0	0	0	0	0	0	4	0	0	0	0	0	0	0	0	0	0	10	0	12	0	0	12	0	0	0	0	0	0	0	0	0	0	0	0	0	0	0	0	0	16	0	0	0	0	0	0	17	0	0	0	0	0	16	17	16	15	16	0	0	0	16	0	5	27	0	0	0	0	0	0	0	0	8	18	8	0	0	0	0	15	0	0	0	0	0	0	0	0	0	0	0	0	0	0	0	0	0	0	0	0	0	0	12	0	0	16	0	0	0	0	0	18	0	0	0	0	0	15	0	0	0	0	0	0	0	0	0	0	0	0	0	0	0	0	15	0	0	0	0	0	0	0	0	0	0	0	0	12	15	0	0	13	0	0	0	0	0	0	0	0	0	0	0	0	0	0	0	0	0	0	0	0	0	0	0	0	0	12	0	0	8	0	0	0	18	0	0	0	0	12	10	0	0	17	0	16	17	0	0	0	0	0	7	0	0	0	0	0	0	0	9	0	0	0	0	12	0	0	0	0
0	0	20	0	0	0	0	0	13	0	0	12	0	0	0	0	0	0	0	0	0	0	13	13	0	0	0	0	0	0	0	0	0	0	0	0	0	0	0	0	0	0	0	0	0	0	0	0	0	0	0	0	0	16	0	0	0	5	0	0	0	0	0	10	15	0	0	0	0	0	0	0	0	0	0	0	0	0	0	0	0	0	17	0	0	8	9	0	0	0	0	12	0	0	0	0	0	8	0	0	0	17	0	0	0	0	0	0	0	13	7	0	0	0	0	0	0	0	0	8	0	9	0	32	0	0	0	0	0	16	0	0	16	0	0	0	0	0	0	0	0	0	0	0	0	0	0	0	0	8	0	0	0	9	0	0	0	35	0	11	16	0	0	0	0	0	0	0	0	0	0	0	0	0	0	0	0	0	0	9	15	16	0	0	0	0	0	0	0	0	0	0	0	0	0	0	0	0	0	0	0	16	0	0	9	0	0	0	0	0	0	0	0	0	14	0	10	0	16	0	0	0	0	0	0	0	0	0	0	0	0	0	0	0	0	0	0	0	0	0	0	0	0	0	12	18	0	20	7	0	10	0	0	0	16	0	10	0	0	0	0	0	3	0	30	10	0	0	0	0	0	16	0	0	18	0	0	0	0	0	0	0	0	18	0	0	0	0	0	0	0	0	0	9	0	0	0	9	0	0	0	0	0	0	0	0	0	0	0	0	0	0	0	0	0	0	0	57	15	0	0	0	0	0	0	0	0	12	0	0	0	16	0	0	0	0	0	0	0	0	0	0	0	0	0	0	0	0	0	16	0	17	0	0	0	7	0	0	14	16	8	0	0	0	0	0	0	0	0	0	0	9	0	0	11	16	0	0	0	0	0	0	11	0	0	0	22	14	0	0	0	0	0	0	15	0	0	0	0	11	16	0	0	15	14	0	0	0	4	0	0	16	7	0	0	0	0	0	0	9	0	0	0	0	7	0	0	0	0	0	0	0	0	0	0	0	0	0	0	0	16	0	0	0	0	0	0	0	0	0	0	0	13	0	0	0	0	0	0	0	0	0	11	0	0	0	0	0	0	15	0	11	28	0	0	0	0	0	0	0	0	0	0	8	16	0	16	15	0	0	0	0	0	0	0	0	11	0	0	0	12	0	0	0	0	0	0	0	0	0	0	0
0	0	0	0	0	0	0	0	0	0	0	0	0	0	0	0	0	0	0	0	0	0	0	0	0	0	0	0	0	0	0	0	0	0	0	0	0	0	15	0	0	0	0	0	0	0	0	0	0	13	12	8	0	0	0	0	0	0	0	0	0	0	0	17	30	0	0	0	0	0	0	0	0	0	0	0	0	0	11	0	0	0	0	19	0	0	19	21	0	0	0	16	0	0	0	0	0	0	0	0	0	0	0	6	0	0	0	0	0	0	17	0	0	0	0	0	10	0	0	11	0	0	0	15	0	0	0	0	0	0	0	0	0	18	0	0	0	0	0	0	0	0	0	0	0	0	0	0	0	0	0	0	0	19	0	0	0	0	0	0	0	0	0	16	0	0	0	0	17	0	15	0	0	0	0	0	0	0	0	0	13	0	0	0	0	0	0	0	0	0	0	0	0	0	0	0	0	0	0	0	0	0	0	0	0	0	16	1	0	0	0	0	0	0	13	12	0	0	0	0	15	10	0	0	0	0	0	0	0	0	0	0	0	0	0	0	0	0	0	0	0	0	0	0	0	0	0	0	0	0	0	12	15	0	0	0	13	0	0	0	0	0	0	0	0	0	0	0	0	17	0	0	0	15	0	0	0	0	0	0	16	0	0	0	0	0	0	0	0	0	0	0	0	0	31	0	0	0	0	0	0	0	0	0	0	0	0	0	0	0	0	0	0	0	0	0	7	12	0	11	11	0	0	0	0	0	0	0	0	0	0	0	0	0	0	0	0	13	0	0	0	0	0	0	0	0	0	0	0	7	14	0	0	0	0	0	0	0	10	8	8	12	0	0	11	10	0	0	0	0	0	0	0	0	0	0	0	0	0	0	0	0	0	0	0	0	0	0	0	0	0	0	0	0	0	0	0	0	0	0	18	0	0	17	3	0	0	26	48	29	0	0	0	0	0	0	0	0	0	11	0	0	0	0	0	0	0	0	0	0	0	0	0	0	11	7	0	0	0	0	17	27	28	0	0	0	0	0	0	0	0	0	0	0	0	0	0	0	0	0	0	0	0	0	0	0	0	0	0	0	18	0	10	0	0	0	0	0	0	0	0	0	0	0	15	14	0	0	0	0	0	13	7	0	0	0	0	0	0	0	15	0	0	0	0	0	18	0	0	7	8	0
0	0	0	0	0	0	16	0	0	0	0	0	0	0	0	0	0	0	0	0	0	0	0	0	0	0	9	17	0	17	0	0	0	0	0	0	0	0	0	0	0	0	0	0	9	0	0	0	0	0	0	0	0	6	13	17	0	0	0	0	0	14	0	15	0	0	0	0	0	0	0	0	0	0	0	0	0	0	14	0	0	0	0	0	0	0	0	15	22	7	0	0	0	0	0	0	0	0	19	0	0	0	0	0	0	0	0	0	0	0	0	0	0	0	0	0	5	0	0	11	0	0	0	16	0	0	0	0	0	0	11	0	0	0	0	0	0	0	0	0	0	0	0	0	0	0	16	0	0	0	0	0	0	0	0	0	0	0	10	0	0	15	0	0	0	0	0	0	0	6	0	0	0	0	0	0	0	14	0	0	0	0	0	0	0	0	0	0	0	0	0	15	0	0	0	0	0	0	0	0	0	0	12	0	16	15	0	0	0	0	0	0	0	0	0	17	0	0	8	14	7	0	0	0	0	0	0	0	0	0	0	0	0	0	0	0	15	0	0	0	19	0	0	0	0	0	0	0	0	0	0	0	0	0	0	0	0	0	0	0	0	0	0	0	0	0	0	41	26	24	12	0	0	0	0	0	0	8	0	0	0	0	0	0	19	0	0	0	0	0	0	14	0	0	0	0	0	0	0	0	0	0	0	13	0	0	0	0	0	0	0	0	0	15	0	0	0	0	0	0	0	0	0	0	0	0	0	0	0	0	0	0	18	0	0	0	0	7	0	0	0	0	0	0	0	0	0	0	0	0	0	0	0	16	0	0	0	0	0	0	0	0	0	0	0	0	0	12	0	0	0	0	0	0	0	0	0	0	17	0	0	0	0	0	0	0	0	30	0	9	1	0	0	0	0	0	0	0	0	0	0	0	0	14	22	0	0	17	25	12	0	14	12	0	0	13	0	0	0	0	0	0	0	0	0	0	0	0	0	0	10	0	0	0	10	8	0	0	14	0	0	9	14	0	0	0	0	0	0	0	0	0	0	0	0	0	0	4	0	0	0	0	0	0	0	0	0	0	0	19	0	0	14	0	0	0	0	0	0	11	0	0	4	18	12	0	0	11	0	0	0	0	0	0	0	0	15	0	0	10	0	0	0	4	8	0	0	0	0	0	0	0
0	0	0	0	0	0	0	0	0	0	0	0	0	0	0	0	0	0	0	0	0	0	0	6	0	0	0	0	0	0	0	0	0	0	0	0	0	0	0	0	0	0	0	0	16	0	0	0	0	14	0	12	11	0	23	0	0	11	0	0	0	0	0	0	0	0	0	0	0	0	0	0	0	0	0	0	0	0	0	0	0	0	0	0	0	0	5	0	5	13	16	8	10	0	0	0	0	0	0	0	0	0	0	0	0	0	0	0	0	0	0	0	0	0	17	0	17	0	6	0	0	11	0	0	0	0	0	0	0	0	8	16	0	0	0	0	0	0	0	17	16	0	0	0	0	18	0	0	0	0	18	0	0	0	0	0	0	0	0	0	0	15	0	0	0	0	0	0	0	0	0	0	0	7	0	0	0	4	7	11	0	15	0	0	0	0	0	0	0	0	0	16	27	0	15	0	0	0	0	0	0	0	0	0	0	0	0	0	0	0	9	0	0	0	0	18	10	0	0	10	11	14	0	17	0	0	0	0	0	0	0	0	0	0	0	0	0	0	0	0	27	0	0	0	0	0	0	0	0	0	9	7	0	7	16	0	10	0	0	0	0	0	0	5	9	0	19	22	13	16	20	0	0	0	0	0	0	0	0	12	0	0	16	0	0	0	0	0	0	16	0	0	0	0	7	0	0	0	3	0	0	0	0	0	0	0	0	0	0	0	0	0	0	0	0	0	0	0	0	0	0	0	0	0	0	0	0	0	0	0	0	0	0	0	0	0	0	0	0	0	0	0	0	2	0	0	18	0	0	7	22	13	0	0	0	0	0	0	0	19	0	0	0	0	0	0	0	9	0	0	0	0	0	0	0	0	0	0	0	0	0	0	0	0	0	15	0	0	0	0	0	0	0	0	0	13	14	0	0	0	10	0	0	0	17	16	19	13	0	0	0	0	0	0	0	16	0	0	0	0	17	0	0	0	0	0	11	0	0	0	15	18	0	0	0	0	0	0	0	0	0	0	11	11	0	17	18	7	0	0	0	0	0	0	17	0	0	8	21	0	12	0	0	0	0	0	0	0	0	0	0	0	0	0	0	0	0	0	0	0	0	15	14	0	0	0	0	0	0	0	0	0	0	0	0	0	0	0	0	0	15	0	10	0	0	15	0	0	0	0	0	0
0	14	0	0	0	0	0	0	0	0	0	17	12	0	0	0	0	0	0	0	0	0	0	9	0	14	11	0	0	0	0	0	0	0	0	0	0	0	0	0	0	15	0	18	0	0	0	0	0	11	0	19	0	0	0	0	0	12	0	0	0	0	0	0	0	0	17	0	0	0	0	17	0	0	0	17	0	0	0	10	0	0	0	0	0	27	11	0	7	0	0	0	0	0	0	0	0	8	0	0	0	0	0	0	0	7	0	0	0	0	0	0	0	0	13	14	0	0	2	0	0	0	0	0	0	0	0	0	0	0	0	0	0	0	0	0	0	0	0	0	0	0	0	0	0	0	0	0	0	0	0	0	0	0	0	0	0	0	0	0	7	15	0	0	0	0	0	0	0	0	0	0	0	12	0	0	0	0	0	0	0	0	0	0	0	0	0	0	0	0	22	0	13	0	12	0	0	16	26	15	0	0	2	9	0	0	0	0	0	0	0	0	0	0	0	18	9	0	0	0	0	0	0	12	15	18	0	2	0	0	7	0	0	9	0	0	0	0	0	0	17	0	0	0	0	0	0	0	0	0	0	0	0	0	0	0	12	15	0	0	0	0	0	0	0	0	12	14	0	0	22	8	10	0	0	0	0	0	0	8	0	0	0	0	0	0	0	0	15	0	0	13	14	21	15	17	20	32	31	14	0	0	0	0	0	0	3	0	0	11	0	0	0	0	0	0	0	0	0	0	0	0	0	0	16	7	0	0	0	0	0	0	18	0	0	0	0	0	0	0	0	15	0	18	0	0	16	10	0	0	0	0	0	0	9	0	0	0	0	0	0	0	9	0	0	0	0	0	0	0	0	0	19	0	17	0	0	0	0	10	0	0	0	0	0	16	10	0	0	0	0	0	0	0	0	0	0	7	0	0	0	0	0	8	44	20	0	0	0	0	0	0	0	16	15	0	14	0	0	0	0	0	0	15	0	0	12	0	0	0	0	0	0	0	0	0	0	0	0	0	0	0	0	0	0	0	0	0	0	0	11	0	0	0	0	0	0	0	0	0	0	0	0	0	0	0	0	0	0	0	0	0	0	0	0	0	0	0	0	12	19	10	0	0	0	0	0	0	0	0	0	0	0	19	0	0	0	0	0	0	0	0	0	0	0	0	0	0	0	0	0	0
0	0	0	12	0	0	0	0	0	0	0	0	0	0	0	0	0	0	16	2	0	0	0	0	18	0	10	0	0	0	0	0	0	0	0	9	0	0	0	0	0	0	0	0	0	11	0	0	0	6	15	0	0	0	0	0	0	0	0	0	0	0	0	0	0	0	7	32	3	0	0	0	0	17	0	0	19	0	0	0	0	0	0	0	0	0	0	0	0	0	0	0	0	0	0	15	0	32	0	0	0	12	14	0	0	0	0	0	0	0	0	0	0	0	0	8	0	12	0	0	0	0	0	13	0	0	0	0	0	0	0	0	0	0	0	0	0	0	0	0	0	0	0	0	0	0	0	0	0	0	0	0	0	0	0	0	0	0	0	0	0	0	0	0	0	0	0	0	0	0	0	0	0	0	0	0	32	0	0	12	13	0	0	0	13	0	0	0	0	0	0	0	0	11	0	0	0	0	17	17	6	0	8	11	0	0	0	0	0	0	0	0	0	0	0	9	16	0	0	0	0	18	0	0	22	15	0	15	0	14	6	0	10	19	8	0	0	0	0	0	16	8	0	0	0	0	0	0	10	0	10	0	0	0	0	0	0	14	0	0	0	0	0	0	0	0	10	0	0	17	35	17	0	0	0	0	0	0	0	0	0	0	0	0	0	0	0	0	0	0	0	14	0	25	0	0	0	0	0	0	0	0	0	0	0	0	2	0	0	0	0	0	0	0	0	0	0	0	0	0	0	0	0	0	0	0	0	11	0	0	0	0	9	0	0	0	0	0	0	0	0	0	0	0	14	11	0	0	0	0	0	0	0	13	0	0	0	0	0	0	0	0	0	0	0	0	0	0	0	0	0	8	17	10	18	7	16	0	0	0	0	9	0	0	0	0	16	6	0	0	0	0	0	0	9	0	0	0	0	0	0	0	0	12	32	3	0	0	0	0	0	0	0	0	0	0	12	0	0	0	0	10	0	11	0	0	0	0	0	0	0	0	0	0	0	0	0	0	19	15	0	0	0	0	0	7	0	0	0	0	0	0	0	0	0	0	18	1	15	0	0	0	0	0	0	11	0	0	0	0	0	0	0	0	0	0	0	0	18	31	0	0	0	0	0	0	0	3	0	0	0	0	0	0	0	9	0	0	0	0	15	0	0	0	0	17	0	0	0	0	0	0
0	0	0	0	0	0	0	0	0	0	0	0	0	0	0	0	0	0	0	0	0	0	0	0	11	0	0	0	0	0	10	0	0	0	0	13	8	0	0	0	0	0	0	0	0	5	0	0	0	0	0	0	0	0	0	0	0	0	0	0	0	0	0	13	11	0	0	0	0	0	13	0	0	0	0	0	7	0	0	0	16	0	0	18	0	0	17	0	0	0	0	0	0	0	0	0	0	0	0	0	0	0	0	0	0	0	0	0	0	0	0	0	0	0	10	8	11	12	0	0	0	7	31	24	0	0	0	0	0	0	0	0	0	12	20	17	0	0	0	0	0	0	0	0	0	0	11	0	0	0	16	7	0	0	0	0	0	0	0	0	0	0	0	0	0	0	0	0	0	0	0	0	0	0	0	0	0	0	0	0	0	0	0	0	9	0	0	0	0	0	15	0	0	0	0	0	0	0	0	0	0	0	0	0	0	19	0	0	0	0	11	0	0	16	0	0	15	17	0	0	10	8	18	0	16	18	0	0	0	0	0	0	10	0	0	0	0	0	11	0	1	0	0	0	0	0	0	0	0	17	12	5	0	0	15	0	0	0	9	14	0	0	0	0	0	16	13	0	0	0	0	0	0	0	0	17	0	0	0	0	0	0	0	0	0	0	17	0	0	0	0	0	0	0	0	0	0	0	19	9	0	0	0	0	0	0	0	0	0	0	0	0	0	0	18	0	0	13	0	0	0	12	0	0	0	16	0	0	12	0	0	0	0	9	6	5	0	0	0	0	7	0	0	0	0	0	0	0	0	19	10	0	0	13	0	8	11	0	0	0	0	0	0	0	0	0	0	14	0	0	0	0	0	16	0	0	0	0	0	7	0	0	17	0	0	0	0	0	0	0	0	0	0	0	18	0	0	0	0	0	0	5	13	0	18	30	11	0	0	0	0	0	0	18	10	0	0	0	0	0	17	10	0	0	0	0	0	0	0	0	0	0	0	0	19	0	0	0	0	0	0	0	0	0	0	31	21	13	0	0	0	0	0	0	16	11	0	15	10	0	0	0	0	0	18	0	0	0	0	0	0	0	0	10	14	0	10	18	12	23	0	0	0	0	0	0	0	17	0	0	0	17	0	0	0	0	0	0	0	0	8	0	0	26	0	0	13	0	0	16	0	0
0	0	0	0	0	0	0	0	0	0	0	0	0	0	0	9	0	0	0	0	0	0	0	0	0	0	0	0	0	0	0	0	18	0	0	0	33	9	0	0	14	0	0	13	10	0	0	0	0	0	0	17	0	0	0	0	0	0	0	0	5	0	0	0	0	0	0	0	0	4	6	0	0	0	0	0	0	6	0	0	0	0	0	0	0	0	0	13	0	0	0	0	0	0	0	0	0	0	0	0	0	0	0	0	0	0	17	0	0	0	0	0	15	0	0	0	15	24	13	0	0	0	0	0	0	0	0	17	0	0	0	7	3	0	0	0	0	17	0	16	18	16	0	18	9	0	0	0	0	0	0	16	0	0	0	0	0	0	0	16	0	0	0	0	17	0	11	0	15	0	0	0	0	0	13	0	0	0	9	0	0	0	0	0	0	0	0	0	0	0	0	0	0	0	0	5	0	0	0	12	0	0	0	0	0	0	0	0	0	0	23	0	0	0	0	0	16	0	0	0	0	10	9	0	25	23	0	0	0	8	0	0	0	0	0	0	0	0	0	0	9	0	17	0	0	0	0	0	0	0	0	0	0	0	0	0	0	0	0	0	0	0	0	0	0	0	0	19	0	0	0	0	0	0	0	0	0	0	0	0	0	0	0	0	0	0	6	0	0	0	0	0	0	13	0	0	0	0	0	0	0	0	0	0	8	16	0	0	0	0	0	0	15	0	0	0	0	13	0	0	0	13	0	0	17	4	0	0	15	0	0	0	0	0	0	4	0	0	0	0	0	0	15	18	0	0	0	0	0	0	0	0	8	0	0	0	0	0	0	0	0	11	0	0	0	0	0	0	0	0	0	0	0	8	0	0	0	0	0	0	0	0	0	0	13	0	10	0	16	16	0	0	13	0	0	0	0	0	0	12	0	16	13	0	0	18	0	0	0	0	0	0	0	0	0	0	0	0	0	0	0	0	0	0	0	6	0	0	8	0	0	0	0	0	0	0	0	11	0	0	0	0	0	0	0	0	0	11	0	0	0	0	0	13	0	15	0	0	0	16	10	0	0	0	0	0	8	0	0	0	0	0	0	13	10	17	14	0	0	0	0	0	16	0	0	0	0	0	0	0	0	11	0	0	0	0	0	0	0	0	0	0	0	3	0	0	0	0	0	11	0	0
0	0	0	0	0	0	0	0	0	0	0	0	0	0	0	0	14	14	0	0	0	0	5	0	0	0	11	0	0	0	0	0	0	0	14	16	0	0	0	0	0	0	5	9	0	13	13	13	16	0	0	10	0	0	0	0	0	0	0	0	0	0	0	0	0	0	0	16	0	0	0	0	0	0	0	0	0	0	0	0	0	0	0	0	0	16	0	13	0	0	0	0	16	0	0	0	0	0	0	0	0	0	0	0	7	0	0	0	0	0	0	0	14	0	0	0	0	0	0	0	0	0	18	0	0	0	0	0	0	10	0	0	0	0	0	0	0	16	0	17	18	0	0	0	15	0	0	0	9	0	0	0	0	0	0	0	0	0	0	16	0	0	12	0	0	0	0	17	0	0	0	0	0	10	0	0	0	0	0	0	11	0	0	0	0	0	12	0	16	0	0	0	0	0	0	0	0	0	17	0	17	0	0	0	0	0	0	0	0	0	7	0	0	0	0	0	0	0	0	0	0	0	0	0	14	0	0	0	0	0	11	0	0	0	1	2	2	1	0	0	0	0	0	0	0	0	0	0	0	0	0	0	0	0	0	19	0	0	0	0	0	0	0	0	0	0	0	0	0	0	0	0	0	16	0	0	0	0	0	18	0	0	11	0	16	0	0	0	0	14	9	0	0	8	0	0	0	0	0	0	0	0	0	0	0	0	0	0	0	0	0	3	13	0	0	0	0	0	0	0	0	0	0	0	0	0	0	0	0	0	0	0	0	0	0	0	17	0	0	0	0	0	15	11	0	0	0	24	0	0	0	16	0	0	0	9	0	0	0	0	0	0	0	0	0	0	0	10	0	0	0	0	0	0	0	0	14	0	0	0	16	0	0	0	0	0	0	0	0	4	4	0	8	0	0	0	0	0	0	0	16	0	0	0	0	29	0	0	10	0	0	0	0	0	16	0	0	0	0	0	0	0	0	0	0	13	6	0	0	0	0	0	0	0	0	0	0	0	16	11	0	17	0	0	0	0	0	13	11	12	16	0	0	6	0	0	0	17	0	0	0	0	0	0	0	0	0	0	0	0	0	0	0	36	15	8	0	0	0	11	16	0	0	0	0	0	0	0	0	0	0	0	0	0	0	0	0	0	0	0	0	0	0	0	0	0	0	0	0	17	36	0
0	0	0	9	0	15	10	0	0	0	0	0	15	9	0	11	0	0	0	0	0	0	0	0	0	0	0	0	0	0	29	1	0	0	0	0	0	0	0	0	17	0	0	0	0	0	0	0	10	0	0	0	0	0	0	0	0	15	14	0	0	0	0	0	0	0	14	0	0	0	0	0	0	0	0	13	0	0	0	0	17	0	0	0	0	0	0	0	0	0	0	0	0	0	0	12	14	0	0	0	0	0	0	0	0	0	0	10	0	0	0	0	0	0	0	0	11	0	19	0	0	0	0	0	0	0	0	0	0	0	0	19	0	0	0	0	0	0	0	0	0	0	0	0	11	0	0	0	0	0	0	0	0	0	0	0	0	0	0	0	10	0	13	0	0	0	0	0	0	0	0	35	0	0	0	0	11	0	0	0	8	14	0	0	0	11	0	0	0	0	0	0	0	29	0	0	0	0	0	0	0	0	0	0	8	0	0	0	0	0	0	0	0	0	0	0	0	0	0	0	0	0	0	16	10	13	9	0	0	11	11	0	0	15	15	4	3	4	3	1	0	0	0	0	0	0	10	0	0	18	0	0	0	0	0	0	17	0	0	0	0	0	0	0	0	0	0	0	0	0	0	0	0	0	0	0	0	0	0	0	0	0	0	0	0	0	13	15	0	0	0	19	0	9	0	0	0	29	23	0	0	0	0	0	0	0	0	0	0	0	0	14	8	0	0	0	0	0	0	0	0	0	11	0	0	0	0	0	0	0	0	0	0	0	0	0	0	0	18	0	0	0	0	0	0	0	0	0	0	0	0	0	0	0	0	15	9	0	0	0	0	0	0	0	8	0	0	0	9	0	0	0	13	11	0	0	17	0	0	0	0	13	14	0	0	0	0	0	0	0	10	0	0	0	0	0	0	0	0	0	0	0	0	0	0	17	0	0	0	0	0	0	0	0	0	0	0	0	0	0	11	0	0	0	0	0	0	0	0	0	0	0	0	0	18	0	0	0	0	0	0	0	0	0	0	0	0	9	0	0	0	10	0	17	0	0	0	0	0	0	0	0	0	0	0	0	0	0	0	0	14	26	14	15	0	0	0	0	0	18	0	0	0	0	0	0	0	0	0	0	5	14	0	0	0	0	0	0	0	0	0	0	0	0	0	0	0	0	0	0	16	0
17	0	0	14	17	0	0	0	0	0	0	0	0	0	0	15	0	0	0	0	0	0	0	0	0	0	0	0	0	10	12	24	0	0	0	0	0	0	0	0	0	0	0	0	0	17	0	7	30	0	0	0	0	0	0	17	18	0	0	0	0	0	0	0	0	0	0	0	0	0	0	0	0	0	0	0	0	0	0	0	0	0	11	0	0	0	0	0	0	0	0	0	0	12	8	0	6	0	0	17	0	0	0	0	0	0	0	0	0	0	0	0	30	14	0	0	0	0	0	0	0	20	12	11	0	17	0	0	17	27	0	0	0	0	0	0	11	0	0	0	0	0	0	5	14	0	0	0	7	17	0	0	17	0	0	0	0	21	17	0	0	0	0	0	0	0	0	0	0	0	0	0	0	0	16	0	18	11	0	16	0	0	0	0	0	0	11	15	0	0	0	0	0	0	0	0	15	0	0	0	14	4	0	0	16	14	0	0	0	4	18	0	0	8	0	6	0	0	0	0	0	0	0	0	0	0	0	0	0	11	0	0	0	3	5	4	6	5	4	3	0	0	0	0	0	0	0	0	0	0	0	0	0	0	0	43	0	0	0	0	0	0	0	0	0	16	0	0	0	12	0	9	16	0	0	5	0	0	0	0	0	0	0	11	0	0	0	0	0	0	0	0	0	0	0	0	0	0	14	12	0	0	0	0	0	0	0	10	14	0	0	0	0	0	16	0	0	0	19	0	0	0	10	0	17	0	0	19	0	0	17	0	0	0	11	0	0	0	0	0	0	0	0	0	0	0	0	0	0	0	0	0	0	0	0	0	0	0	0	0	0	0	0	0	32	0	0	0	17	0	0	0	0	0	0	0	13	28	31	0	0	0	17	0	9	10	0	0	15	0	0	0	0	0	0	0	0	0	0	0	0	0	0	0	0	14	13	0	0	0	0	0	0	0	0	0	0	0	0	0	16	0	0	0	0	11	0	0	0	0	0	0	0	0	0	0	0	0	0	0	0	0	0	0	0	0	0	0	0	0	0	0	0	0	0	0	0	0	0	0	0	17	0	0	0	0	0	0	13	16	25	42	0	0	0	0	0	0	0	0	0	0	13	0	13	15	0	0	0	0	19	0	0	0	0	0	4	0	0	0	0	0	9	0	0	0	0	0	16	0	0	0
28	20	2	0	9	0	0	0	0	0	0	0	0	0	0	0	0	17	0	0	0	0	0	0	0	0	0	0	0	2	8	0	0	0	0	0	0	0	0	0	0	0	0	0	15	0	0	0	0	0	0	15	28	0	0	0	0	0	0	0	0	0	0	0	19	0	0	0	10	0	0	0	0	0	0	0	0	16	0	0	0	0	0	0	0	0	0	0	0	0	0	0	0	0	0	0	4	0	0	0	0	0	0	10	0	0	0	0	0	0	0	0	32	0	16	0	0	0	0	0	0	0	0	0	0	0	0	0	0	1	0	0	0	16	0	14	24	0	0	0	0	0	0	0	0	0	0	0	0	0	0	0	12	0	0	0	0	29	0	0	0	0	0	0	0	0	0	0	12	0	17	0	0	0	30	0	0	0	0	0	0	0	0	0	0	0	0	0	0	0	0	0	0	0	0	0	5	0	0	0	0	0	0	0	0	0	0	0	0	9	0	0	23	14	0	18	0	16	0	0	15	13	16	0	0	0	0	0	12	17	0	0	3	4	6	39	98	42	6	4	3	0	0	0	0	0	0	0	0	0	0	0	0	0	0	0	0	0	0	13	0	0	10	0	0	0	0	0	0	39	0	0	0	0	0	16	15	0	0	0	0	0	0	0	0	0	0	0	0	0	0	0	0	0	0	0	0	18	0	0	0	0	0	0	0	18	0	0	0	0	0	0	0	0	0	0	0	0	0	0	0	0	0	0	0	14	10	0	0	0	0	7	15	0	0	18	0	0	0	0	0	0	0	0	0	0	0	0	0	0	0	0	0	0	9	0	0	0	0	0	0	0	0	0	0	0	0	0	0	0	0	0	0	0	4	0	0	23	25	0	0	0	0	0	0	14	0	15	0	0	0	0	0	0	0	0	0	0	0	0	0	0	0	0	0	18	16	0	0	0	18	0	0	0	0	0	0	0	0	0	11	0	0	0	0	0	0	0	18	17	13	16	0	0	0	0	14	12	0	9	0	0	0	0	0	9	0	0	0	0	0	8	0	0	0	0	0	0	0	15	26	0	0	0	18	10	0	0	8	17	13	16	0	0	0	0	0	0	0	22	14	0	18	8	38	0	0	0	0	0	16	0	0	0	0	0	4	0	0	0	0	0	0	0	0	0	0	0	0	0	0	0
13	17	23	15	0	0	0	0	0	0	0	0	0	0	0	0	0	15	0	15	20	0	0	0	9	0	0	0	0	0	0	0	0	0	0	0	0	0	0	0	0	0	0	0	0	0	0	14	0	0	0	0	0	0	0	0	0	0	0	0	0	0	0	0	0	0	14	8	0	0	0	0	0	0	0	0	0	0	0	0	0	7	17	27	18	12	5	0	0	0	14	0	12	0	0	14	15	0	0	0	0	0	0	14	0	0	0	0	0	0	0	0	35	0	12	13	14	0	0	0	0	0	0	0	0	0	0	0	0	0	0	15	0	0	0	0	0	0	0	0	0	0	0	0	0	0	0	0	0	0	0	0	0	0	0	0	0	0	9	0	0	0	0	0	0	0	0	0	0	0	0	0	0	0	0	0	0	0	0	15	9	0	0	0	0	0	0	0	0	0	0	0	0	0	0	0	23	11	0	0	0	0	14	0	0	0	0	0	0	0	0	0	0	0	0	0	0	0	0	0	0	0	0	0	0	0	0	0	14	0	0	1	4	4	28	236	774	243	27	4	4	1	0	0	0	0	0	0	0	0	0	0	0	0	0	0	0	17	0	0	0	0	0	0	0	0	0	0	18	7	0	0	0	0	0	0	14	0	0	0	14	0	0	0	0	0	0	0	0	0	0	0	0	0	0	0	0	0	0	0	0	0	0	0	0	0	0	0	0	13	15	0	0	0	0	0	0	0	0	0	0	0	0	0	0	13	0	0	0	0	0	0	10	0	0	0	0	0	0	0	9	0	0	0	0	0	0	0	0	0	0	0	0	11	0	0	0	0	0	0	0	0	0	0	0	0	0	0	0	0	0	0	0	0	0	0	5	32	18	15	6	0	0	0	0	0	0	8	0	0	0	0	0	12	10	0	0	0	0	0	0	0	0	0	0	13	6	0	0	0	0	0	0	0	0	0	8	15	0	0	16	0	0	0	0	0	0	16	0	0	0	0	0	0	16	0	0	9	0	0	0	0	0	0	0	0	0	0	0	0	0	0	0	0	0	0	0	0	0	0	19	0	0	15	9	0	0	22	16	17	0	0	0	0	0	0	0	14	0	16	9	0	0	0	16	0	0	0	0	0	0	0	0	0	0	0	0	0	0	0	0	0	0	19	11	0	0	0	13	0	0	0
0	0	0	8	0	0	0	0	10	0	12	0	18	0	0	0	11	8	0	0	0	0	0	0	0	0	0	0	0	0	0	0	0	0	0	0	0	0	0	0	0	0	17	0	0	0	0	0	0	0	0	0	0	0	0	0	0	0	0	0	0	0	0	0	0	0	0	0	0	0	0	0	0	0	0	0	0	0	0	0	0	0	0	0	14	0	0	0	0	16	12	0	14	0	0	0	0	0	0	36	0	0	0	0	18	0	0	0	0	0	0	0	15	0	0	0	0	0	0	0	0	0	17	0	0	0	0	0	0	0	0	30	0	14	11	0	0	0	0	0	0	0	0	0	0	0	0	0	0	14	11	0	0	0	0	0	0	0	15	0	0	0	0	0	0	0	0	0	0	0	0	0	17	0	0	0	0	0	0	0	0	0	0	0	0	0	0	0	0	0	0	0	17	0	0	0	0	0	0	0	0	0	0	0	0	0	0	0	0	15	8	0	0	0	0	0	10	0	0	0	0	0	0	0	0	0	0	0	0	0	0	1	3	4	32	286	1,012	266	29	5	3	0	0	0	20	0	0	0	0	0	0	0	0	0	0	0	0	0	0	0	0	0	0	0	0	0	0	0	0	0	0	0	0	0	0	0	0	0	0	0	0	0	0	0	18	0	0	0	0	0	0	0	0	0	16	0	11	0	0	0	0	0	0	0	0	7	0	0	0	0	0	0	0	0	0	0	0	0	0	0	0	0	0	0	0	0	0	0	0	0	12	0	0	0	0	0	0	0	10	0	0	0	0	0	0	0	0	0	0	0	11	0	0	0	0	0	0	0	0	0	0	0	0	0	0	0	0	0	0	0	0	0	0	0	0	0	0	14	13	13	18	18	16	0	11	15	0	0	0	0	0	0	0	0	0	0	0	0	0	0	0	12	27	0	0	15	12	9	9	0	0	0	0	0	0	0	0	0	0	0	0	0	0	0	10	0	0	0	0	0	0	0	0	0	0	0	0	0	13	0	0	1	0	0	15	0	0	0	0	0	0	0	0	0	0	0	0	0	17	0	0	0	0	0	0	0	16	18	0	15	0	0	0	0	0	16	13	15	0	0	0	0	0	0	0	0	0	0	0	0	0	0	0	0	0	0	0	0	0	0	0	0	0	0	0	0	0	0	11	0	0	0
0	0	0	0	0	0	0	0	24	8	13	0	0	0	0	0	0	0	0	0	0	0	0	0	0	3	0	0	0	0	0	0	0	0	17	0	0	0	0	0	0	0	0	0	0	0	0	0	0	0	0	0	0	0	0	0	0	0	0	0	0	0	0	13	10	14	14	0	0	0	0	19	0	0	0	0	0	0	0	0	19	0	0	0	15	0	0	0	0	12	0	0	0	0	0	16	0	0	0	0	0	0	0	0	0	0	0	14	0	0	0	0	0	0	0	0	0	0	0	0	0	0	0	0	0	0	0	0	11	16	14	0	0	8	12	0	0	0	0	0	0	18	0	0	0	0	0	0	0	0	0	0	0	0	0	0	0	0	0	0	0	0	0	0	0	0	0	0	0	0	0	0	0	0	0	0	0	0	0	0	0	0	0	0	5	0	0	0	0	0	0	0	14	0	0	0	0	0	0	0	0	0	0	0	0	0	0	0	0	0	12	0	0	0	0	0	0	0	0	9	0	0	0	0	0	0	0	0	0	0	0	0	4	3	8	69	153	63	9	4	3	0	0	11	0	0	0	0	0	0	0	0	0	0	0	0	0	0	17	0	0	0	0	0	0	19	0	0	0	0	0	0	0	0	0	0	0	0	0	0	0	0	0	0	0	0	18	0	0	16	15	0	0	10	0	0	0	0	0	0	0	9	0	0	0	0	0	11	17	17	0	0	0	1	0	0	0	0	0	0	0	0	0	0	0	0	0	0	0	18	0	0	0	0	0	0	0	0	8	0	0	0	0	0	0	0	0	0	0	0	0	0	0	0	0	0	0	0	11	10	0	0	0	0	0	16	15	0	0	0	0	0	0	0	0	0	0	0	0	16	0	0	11	0	0	0	0	0	0	0	0	0	11	0	12	0	0	0	0	0	0	0	0	0	0	29	12	9	9	0	0	0	13	0	0	0	0	0	9	0	0	0	17	0	17	0	0	0	0	0	0	0	0	20	0	0	0	0	0	13	0	0	0	1	0	0	0	0	0	0	8	0	0	0	0	0	0	0	0	0	0	0	0	0	27	16	16	8	16	12	0	0	12	4	0	0	0	0	11	0	9	0	0	0	0	0	0	0	0	0	0	0	0	0	0	0	0	0	0	0	14	0	0	0	0	0	0	0	0	0	0	10
10	0	0	0	0	0	0	0	0	0	0	0	0	0	0	0	0	0	0	0	0	0	0	0	0	0	0	0	0	0	0	0	0	0	0	0	0	0	0	0	0	0	15	31	9	0	0	0	0	0	0	0	0	0	0	0	0	0	0	0	0	15	6	0	0	0	0	0	33	0	16	14	7	0	0	0	0	0	0	0	0	0	0	0	0	0	0	0	0	17	0	0	17	0	0	0	0	0	0	0	0	0	0	0	0	0	20	28	0	0	0	19	16	0	0	0	16	0	0	0	0	9	0	0	0	0	0	0	7	0	0	0	0	9	12	0	0	0	0	0	0	0	0	0	0	0	20	0	0	0	0	0	0	0	0	0	0	0	0	0	10	0	0	0	0	0	0	0	0	0	0	0	0	0	0	0	0	0	0	0	0	9	12	0	0	0	0	0	0	0	0	0	0	0	0	0	0	18	0	0	0	0	0	0	0	9	30	0	0	0	0	0	0	0	0	0	0	0	0	8	0	0	0	0	0	0	0	0	17	0	11	0	3	4	4	6	9	6	4	4	3	0	0	0	0	11	15	0	0	0	12	0	0	0	0	0	2	11	0	0	0	0	0	0	0	0	0	0	0	0	0	14	0	0	0	0	0	0	0	0	0	0	0	0	0	0	0	0	0	0	0	0	0	0	0	12	0	0	0	0	0	15	0	0	0	0	0	0	0	0	0	8	0	7	0	0	0	0	0	0	0	0	0	0	0	0	0	0	0	0	0	0	0	0	0	0	0	0	15	0	0	0	0	10	0	0	0	0	0	0	0	0	0	0	0	0	5	0	0	0	14	0	0	0	0	0	26	0	0	0	0	16	0	17	0	0	0	0	0	0	0	0	0	0	0	0	0	0	0	0	0	0	15	0	0	0	0	0	0	0	0	0	0	0	0	25	17	0	0	0	0	0	14	0	0	0	10	0	0	0	0	0	0	0	0	0	0	0	0	0	0	0	0	13	0	0	0	0	0	15	0	0	0	0	0	0	0	0	13	15	15	0	0	0	0	0	11	0	11	0	0	0	5	17	26	0	0	0	0	0	0	0	13	9	0	0	0	0	0	9	15	12	0	0	0	0	11	0	0	0	24	0	0	0	0	0	0	0	0	0	0	0	0	0	0	0	0	0	0	0	0	0
0	0	0	10	0	0	0	0	0	0	0	0	0	0	0	0	0	11	23	18	0	0	0	0	0	0	0	0	0	16	0	0	10	0	0	0	0	0	0	0	0	0	0	13	0	0	0	0	0	0	0	0	0	0	26	0	0	0	0	0	0	0	5	0	0	0	0	14	0	0	0	0	0	0	0	0	0	0	0	0	0	5	0	0	0	0	0	0	0	0	0	0	0	0	0	0	0	0	0	0	0	0	0	0	0	0	0	12	0	14	11	9	6	11	0	0	0	0	0	0	0	7	0	0	0	0	0	0	0	12	0	0	0	0	0	0	0	0	0	0	0	0	0	10	0	0	17	0	0	0	0	0	12	0	0	0	0	0	0	0	0	0	0	0	0	0	0	0	18	0	0	0	0	0	0	0	0	0	0	0	0	0	0	0	0	0	0	0	0	0	0	0	0	0	0	0	0	10	0	0	0	9	0	0	0	0	0	0	0	0	0	0	17	0	0	0	0	0	0	0	0	0	0	0	0	0	0	0	0	0	0	0	0	3	4	4	5	4	18	2	0	0	0	0	0	0	0	0	0	0	0	0	0	11	0	0	0	14	0	0	0	0	0	0	7	0	9	15	0	0	0	17	0	0	15	0	0	16	10	0	0	10	0	17	11	0	0	0	0	0	0	0	0	0	0	16	0	6	0	0	0	0	0	0	0	0	0	13	0	0	0	15	0	0	0	0	0	0	0	0	0	0	0	0	0	0	14	0	0	0	0	0	0	0	0	0	0	0	0	0	0	0	0	0	0	0	12	0	0	0	0	0	0	0	10	0	27	0	0	0	0	16	0	0	0	0	0	0	0	0	0	0	0	0	0	0	0	0	0	11	0	0	0	0	0	0	0	15	16	0	8	14	0	0	0	0	0	10	0	0	0	0	0	0	0	0	14	0	0	14	0	17	0	0	0	11	17	0	0	11	0	0	0	0	0	0	0	0	0	0	0	0	0	12	0	0	0	0	0	0	0	0	0	0	0	0	0	0	0	26	17	38	0	0	6	0	0	0	16	0	9	21	17	0	0	0	0	13	14	0	0	0	0	10	0	0	0	0	15	0	0	13	0	0	0	0	15	11	0	0	12	0	0	0	0	0	0	0	0	0	0	0	0	0	0	0	0	0	0	0	0	0
0	0	0	0	0	0	0	0	9	0	0	0	9	0	0	0	0	0	0	0	0	0	0	9	0	0	0	0	11	9	0	0	0	0	0	0	0	0	0	0	0	0	0	0	0	0	0	0	0	0	0	0	0	0	0	11	0	0	0	0	0	0	0	0	0	0	0	10	0	0	0	0	0	0	0	0	0	0	0	0	0	16	0	0	0	7	0	0	0	0	0	0	0	7	0	0	0	0	0	0	0	0	0	0	0	0	0	0	0	0	0	0	0	0	0	0	0	0	0	9	18	7	0	15	0	0	0	0	17	0	0	0	18	0	17	3	0	0	0	13	0	0	2	13	16	0	0	0	0	0	0	0	10	0	0	16	0	0	0	0	0	0	0	0	0	10	13	0	0	0	0	0	0	0	0	0	18	0	0	0	0	11	0	0	0	18	13	15	0	0	0	0	0	0	0	0	0	18	0	11	0	0	0	0	0	0	0	13	12	0	0	0	0	11	0	15	0	0	0	0	0	0	0	0	0	0	0	17	0	0	0	0	29	0	2	2	2	2	9	0	0	0	0	0	0	0	0	0	0	0	0	0	0	0	0	0	10	0	0	0	0	0	0	0	0	34	16	12	0	17	0	0	0	0	0	0	0	0	0	0	0	0	0	0	13	0	0	0	0	0	0	0	0	0	0	0	0	7	0	0	10	7	0	0	0	0	0	31	0	0	0	0	0	0	0	0	0	0	0	0	0	0	0	0	0	0	0	0	0	0	0	0	0	0	0	0	0	0	0	0	0	0	0	0	10	0	0	0	0	0	0	0	0	11	17	0	0	0	0	0	0	0	0	0	0	0	0	0	0	0	0	0	0	0	0	0	0	0	0	0	0	0	0	0	0	0	0	14	0	0	0	0	0	0	0	0	0	0	0	0	0	0	0	0	0	0	0	0	0	0	0	0	0	0	0	0	0	0	0	0	0	0	0	0	0	0	0	0	0	0	0	0	0	0	0	0	0	0	0	0	0	0	0	0	0	11	0	0	0	0	0	30	15	10	7	0	0	0	0	15	17	0	0	0	0	0	0	0	11	0	0	0	0	0	0	15	11	0	7	0	0	0	0	0	0	0	18	0	0	10	14	0	0	18	0	0	0	0	0	0	0	0	10	0	0	0	15	0	0	0	0	0
15	0	0	0	15	0	0	0	13	0	0	0	0	0	0	0	0	0	0	0	0	0	0	4	0	9	0	0	0	0	0	13	0	0	0	18	0	0	0	0	0	0	0	0	0	0	0	0	0	0	0	0	0	0	0	0	0	0	0	0	0	0	9	0	0	0	0	0	11	30	0	0	0	0	0	0	0	0	0	0	0	0	0	0	0	0	0	0	0	0	0	0	0	18	0	0	0	0	0	0	0	0	8	0	0	0	0	0	0	0	0	0	0	0	0	6	0	0	0	15	0	0	0	0	0	0	0	0	0	0	0	0	0	0	17	13	0	10	0	14	0	0	0	0	3	0	0	15	0	0	0	0	0	0	0	0	0	14	0	0	0	0	0	0	0	0	0	0	10	11	16	0	16	0	0	0	0	0	0	0	0	0	0	0	0	14	13	6	0	0	0	0	0	0	0	17	0	0	0	0	15	0	0	0	0	0	0	0	0	0	0	0	0	0	12	15	0	0	0	0	0	25	0	8	0	0	0	0	0	0	0	0	0	0	0	0	0	0	0	0	0	0	0	0	0	10	6	0	0	0	0	0	10	0	0	0	0	16	0	0	0	0	0	0	0	0	9	19	7	0	0	0	0	0	0	0	0	0	0	0	0	0	0	0	0	0	0	0	0	0	0	0	0	0	0	0	0	0	0	0	0	0	0	12	15	0	0	0	0	0	0	0	10	0	0	0	12	0	0	12	0	0	0	0	0	0	19	0	0	0	0	0	0	0	0	0	0	0	0	0	16	0	0	0	14	0	0	0	0	0	0	0	0	0	9	0	0	18	0	17	0	0	0	0	0	0	0	0	0	0	0	0	0	0	0	0	0	0	0	0	0	0	0	0	0	0	0	0	0	0	0	0	0	0	0	0	0	10	10	0	8	0	0	0	0	0	0	0	0	0	0	0	0	0	0	0	15	15	7	0	0	0	0	0	0	0	0	0	0	5	0	0	0	0	0	0	0	0	0	0	10	0	0	0	0	8	0	0	0	0	0	28	0	28	17	34	0	0	13	14	0	17	0	0	0	0	22	0	0	0	0	0	0	0	0	9	0	0	0	0	0	0	0	0	0	0	0	17	16	11	0	0	0	0	0	0	13	16	0	0	0	0	14	11	0	0	0	0	0	0	0	0
0	0	0	0	0	0	0	0	0	0	0	0	0	0	0	0	17	7	0	12	0	0	0	0	0	0	0	0	0	0	0	0	0	0	0	0	0	0	0	0	0	0	0	10	0	0	0	0	0	0	0	0	0	0	0	0	0	0	0	0	0	16	15	0	0	8	14	0	0	0	14	0	16	0	0	0	17	0	0	0	0	0	0	0	0	0	0	0	0	0	0	0	5	3	0	0	0	0	0	0	14	9	0	0	0	0	0	0	0	0	0	0	0	0	0	13	0	0	16	0	0	0	0	0	0	17	0	0	0	0	0	0	0	0	0	0	0	0	0	0	0	0	0	0	0	0	0	12	14	0	0	18	0	0	0	0	0	16	0	0	0	0	0	0	0	6	16	0	0	0	16	6	16	0	17	0	0	0	0	0	0	0	0	0	0	0	0	0	0	0	0	0	0	0	11	18	0	17	0	6	14	0	0	0	0	0	0	0	0	0	0	0	0	0	9	0	0	17	0	0	11	18	0	6	0	0	0	0	0	0	0	0	0	0	0	0	0	0	0	0	0	0	0	0	0	0	0	0	0	17	0	0	0	0	0	0	0	0	0	0	0	0	0	0	0	0	12	0	18	16	10	17	18	0	0	0	0	16	0	0	0	0	0	0	0	0	0	0	0	0	0	18	0	0	0	0	0	0	0	0	0	0	0	0	0	0	0	0	12	0	0	0	15	9	0	0	0	0	0	15	0	0	13	0	0	0	0	0	0	0	0	0	0	15	13	12	0	0	0	0	0	0	0	11	0	0	0	0	0	0	0	0	0	0	0	15	16	16	0	0	0	0	0	0	0	0	0	0	0	0	0	0	0	0	0	18	0	0	0	0	0	0	0	0	0	0	0	0	0	0	0	0	0	9	0	0	21	22	9	0	0	0	18	19	0	0	0	14	12	0	0	0	0	0	0	0	0	0	24	5	0	0	0	0	0	0	0	0	0	0	0	0	0	0	0	0	0	0	0	0	0	0	0	0	2	0	0	0	0	0	0	13	0	0	0	27	16	9	0	0	0	0	0	16	0	0	0	0	0	0	0	0	0	0	0	0	0	0	0	0	11	0	0	0	0	0	0	0	0	0	0	16	0	0	0	0	0	0	0	0	0	0	0	0	0	14	0	0	0	14	0	0
0	0	0	0	0	0	0	0	0	9	0	0	0	0	0	0	0	20	16	0	15	37	37	18	0	0	0	0	17	0	0	0	0	0	0	0	0	0	13	11	0	0	0	0	0	0	0	0	0	8	0	0	0	0	15	0	0	0	0	0	0	0	0	0	0	0	0	0	0	0	0	0	0	0	0	0	0	16	0	0	0	0	0	0	0	0	0	0	0	0	0	0	5	4	0	0	0	0	0	9	13	0	0	0	0	0	34	0	0	0	0	0	0	0	0	0	0	0	0	0	0	0	0	0	0	0	0	0	0	0	0	0	0	0	0	0	0	8	0	0	0	0	10	0	0	0	0	0	0	0	0	35	0	0	0	0	0	0	0	0	0	0	0	0	0	0	0	0	0	0	0	0	0	0	0	0	0	0	14	12	0	0	0	0	0	12	6	0	0	12	0	0	0	0	0	33	0	0	0	0	9	0	0	17	0	0	0	0	0	0	0	0	0	0	0	0	0	0	0	0	0	0	0	0	0	0	0	0	0	0	0	0	0	0	0	0	16	0	0	0	0	0	0	0	0	0	0	0	0	0	0	13	0	0	0	0	0	0	0	0	0	0	0	0	0	0	0	0	0	12	17	13	0	0	0	0	0	0	0	0	0	0	0	0	0	0	0	0	0	0	0	0	0	20	0	0	0	0	0	10	0	0	0	0	0	0	0	0	0	0	0	0	26	32	0	0	0	0	0	0	0	0	0	0	0	0	0	0	0	0	0	0	0	0	13	0	0	0	0	0	0	0	0	0	0	0	18	0	13	14	0	0	0	0	0	0	0	0	0	0	0	0	16	19	0	16	0	12	8	8	0	0	0	0	0	0	0	0	0	0	0	0	0	0	0	0	0	0	0	0	0	0	0	0	0	0	18	11	0	0	0	0	0	0	0	0	0	0	0	0	0	0	0	0	0	6	17	0	15	11	0	0	0	0	0	17	0	0	0	12	0	5	0	0	0	0	0	0	0	0	0	0	10	15	0	0	0	0	0	0	0	19	7	0	0	0	0	15	13	0	0	0	0	4	0	0	0	0	0	0	0	0	0	0	0	0	19	0	14	0	0	17	10	18	0	0	0	0	0	0	0	0	0	0	0	0	0	0	0	0	0	9	16	9	10	0	0	0	0	4	0	0
0	0	16	0	0	0	0	18	15	0	0	0	0	0	0	0	9	0	0	0	0	0	0	0	0	0	0	0	16	0	0	0	0	0	0	0	0	0	0	0	0	0	0	0	14	11	0	0	0	0	0	0	0	0	15	13	0	0	0	0	0	0	0	15	0	0	0	0	0	0	0	0	0	0	0	0	0	0	0	0	0	0	0	0	0	0	0	0	0	0	0	7	0	0	0	0	0	0	0	0	5	0	0	0	0	0	0	14	9	0	16	0	0	0	0	0	0	0	0	0	11	0	0	0	15	14	0	0	16	16	9	0	0	0	8	0	0	28	0	0	0	0	0	0	11	14	0	0	11	0	0	14	0	16	0	0	0	11	0	0	7	38	9	19	14	0	0	0	0	0	0	0	0	0	0	0	17	0	18	0	0	16	0	0	0	0	0	0	0	0	0	0	0	0	0	0	0	9	0	0	0	0	0	0	0	0	0	0	0	0	0	0	0	8	0	0	0	0	0	0	14	0	0	0	0	0	0	0	0	0	0	0	0	0	0	0	0	0	0	0	15	11	14	20	11	0	0	0	0	0	0	52	17	0	21	0	0	0	0	0	0	0	0	0	0	0	0	0	0	0	0	4	0	14	0	0	0	0	0	0	0	0	0	0	0	0	16	0	0	0	0	0	16	0	0	0	0	0	0	0	0	17	0	0	0	0	0	0	0	0	0	0	0	0	0	0	0	0	0	0	0	0	0	0	0	0	0	0	0	0	0	0	0	0	11	12	0	0	0	0	0	0	0	0	11	0	0	0	0	0	0	0	0	0	0	0	0	0	0	8	0	0	0	2	0	10	0	0	0	13	16	9	0	0	15	0	0	0	0	0	0	0	0	0	0	0	0	0	0	0	0	0	0	0	0	0	0	0	0	20	0	0	0	0	0	0	0	0	0	0	0	0	0	0	0	0	0	0	0	0	0	0	0	17	21	12	0	0	0	0	15	33	0	0	0	0	0	0	7	12	0	0	0	0	0	0	0	0	0	0	0	10	15	17	0	0	9	0	14	17	9	0	0	0	0	5	0	0	0	0	0	0	0	0	0	0	0	0	0	0	0	5	0	0	0	0	0	0	0	0	0	0	0	0	0	0	0	0	0	0	10	18	0	16	0	0	0	0	0	0	0	0
0	0	0	0	0	0	0	0	0	0	0	0	0	0	16	0	13	12	0	0	0	0	0	0	0	0	0	0	0	0	0	0	0	0	0	0	0	0	0	0	18	0	0	0	0	0	9	15	0	0	0	0	0	0	0	0	0	0	0	0	0	0	0	0	20	0	0	0	0	0	0	0	0	0	0	0	0	0	0	0	0	0	0	0	6	16	0	0	0	0	0	0	0	0	18	0	0	0	0	16	0	0	17	0	0	16	0	16	16	0	0	0	0	0	0	0	0	0	0	0	15	22	0	0	0	0	0	0	13	11	0	0	0	0	13	0	16	0	0	0	0	0	0	0	0	0	0	0	9	7	0	0	0	0	16	15	0	0	0	0	0	0	0	0	0	0	0	0	0	0	0	0	0	0	0	0	0	0	0	0	0	16	0	0	0	0	0	0	0	0	0	0	0	11	0	0	0	0	0	0	0	0	0	0	17	0	0	0	0	0	16	0	0	0	0	0	0	0	0	0	11	11	0	0	0	0	0	0	0	0	0	0	14	11	10	0	0	0	0	0	0	0	0	0	0	0	0	0	0	13	7	11	0	0	17	13	0	0	0	0	0	0	0	0	0	0	0	18	0	0	0	0	0	0	0	0	0	0	18	10	0	0	0	0	0	0	8	0	14	5	0	9	12	0	0	0	25	0	0	0	12	14	0	0	0	16	0	0	0	16	11	0	0	0	0	0	0	0	0	0	0	0	16	0	0	0	0	0	10	0	0	0	0	11	0	0	0	0	0	0	0	0	0	0	0	0	0	0	0	0	0	0	14	10	0	0	0	0	0	16	0	0	0	0	0	0	0	0	0	13	16	0	0	0	17	0	18	0	0	0	0	0	0	0	0	0	0	0	18	0	0	0	0	8	0	0	0	0	0	0	0	0	0	0	0	0	0	0	0	0	0	0	0	0	0	0	0	0	0	0	0	0	11	17	0	0	0	0	0	0	0	0	14	0	0	0	0	0	9	0	0	0	0	0	0	0	0	0	0	0	0	0	19	0	0	0	0	0	10	0	15	17	24	0	0	0	0	0	0	0	0	0	0	0	0	0	0	0	0	0	0	0	0	0	0	0	0	0	0	0	11	0	0	0	0	17	0	0	0	0	16	0	0	0	0	0	0	0	0	10	0	0
0	0	13	19	0	0	0	0	0	0	0	0	0	0	11	0	0	0	0	0	0	19	0	0	18	0	0	0	0	0	0	0	0	0	0	0	0	0	0	0	0	0	0	0	0	0	0	0	0	0	0	0	0	0	0	0	0	0	0	0	0	0	0	0	17	0	16	0	0	0	0	0	0	35	0	0	0	0	0	0	0	0	0	9	0	0	0	0	0	0	0	0	0	0	0	0	0	0	0	0	0	0	0	0	8	12	0	0	0	0	0	0	0	17	0	0	0	0	0	0	0	0	0	0	0	0	0	0	10	9	0	0	0	0	0	0	0	12	0	0	0	0	0	0	0	0	0	0	10	13	0	0	0	9	0	0	0	0	0	0	0	0	0	0	0	0	0	0	0	0	0	0	0	0	0	0	0	15	12	0	0	0	0	0	0	0	0	9	0	0	0	0	0	0	0	0	12	0	0	0	0	0	0	0	17	0	0	0	0	0	6	0	0	0	0	0	0	11	0	0	0	16	0	0	0	0	9	0	0	0	0	13	0	0	2	0	0	0	10	0	11	0	0	0	0	0	0	0	0	0	0	0	0	0	0	8	0	0	0	0	0	0	18	14	11	0	0	0	0	0	12	0	0	0	0	0	0	0	0	0	0	0	0	0	0	0	12	0	6	7	0	0	0	0	0	8	10	7	0	0	0	0	0	0	0	0	0	0	0	0	0	0	0	0	0	0	17	11	0	0	0	0	0	0	0	11	11	0	12	9	0	0	0	0	0	0	0	0	12	11	0	0	0	20	0	0	0	0	0	0	0	0	0	0	0	0	0	0	0	0	0	0	0	9	0	0	0	0	5	16	0	0	11	0	0	0	0	0	10	0	0	0	0	0	0	0	0	0	0	0	0	0	0	0	0	0	0	0	0	0	11	7	0	0	19	0	0	0	0	0	0	0	0	0	0	0	0	0	0	0	0	0	0	0	0	8	12	0	0	0	0	0	0	0	0	0	17	0	0	0	0	0	0	0	0	0	0	18	0	0	0	0	18	0	0	11	0	0	0	0	0	0	18	31	13	0	12	0	17	0	0	0	0	0	0	5	0	0	0	0	0	0	17	0	0	0	0	0	0	17	0	0	0	18	11	0	0	0	0	0	0	0	11	0	0	0	0	0	0	16	0	0
0	0	0	12	8	0	0	0	8	10	0	0	0	0	0	0	13	13	0	0	0	0	0	0	12	0	0	0	0	9	17	0	0	0	0	15	8	0	0	6	0	0	0	0	0	0	0	0	0	0	0	0	0	0	15	0	0	0	0	0	0	0	0	0	16	0	0	0	0	0	0	0	0	0	0	0	0	0	0	0	0	0	0	15	0	0	0	0	0	0	0	14	0	0	0	0	0	8	0	0	0	0	0	0	0	0	19	0	0	0	0	12	11	0	0	0	0	0	0	0	0	0	0	0	0	0	0	9	0	0	0	0	0	0	0	0	0	0	0	0	0	0	17	20	0	0	0	0	0	0	18	15	10	14	0	0	0	0	16	0	0	0	0	0	0	0	0	0	0	0	0	0	0	0	0	0	0	0	0	0	0	18	26	0	0	0	14	0	0	0	0	0	0	0	0	0	0	0	0	0	0	0	0	0	0	0	0	0	0	0	11	10	0	0	13	0	0	0	0	0	0	0	0	0	0	0	0	0	0	0	0	8	16	0	0	0	2	0	0	0	11	0	0	0	0	0	0	0	0	0	0	0	0	0	0	0	15	0	0	15	0	0	0	0	0	0	0	0	0	0	0	0	0	0	0	0	0	0	0	0	14	0	20	15	0	0	0	16	12	11	0	8	0	18	0	12	29	10	0	0	0	0	0	0	15	0	0	0	0	0	15	0	0	0	0	0	10	15	0	0	0	0	0	0	0	18	0	0	0	0	0	0	0	5	0	0	17	0	0	13	0	0	0	32	0	0	0	0	0	0	0	0	0	0	0	0	0	0	0	0	0	0	0	0	0	0	0	5	15	0	0	16	0	0	0	0	0	0	0	0	0	0	0	0	0	0	0	0	0	0	21	0	4	0	0	0	14	0	0	18	24	0	0	0	0	0	0	0	0	0	13	0	0	0	0	0	0	0	0	0	0	0	0	0	0	0	0	0	17	13	0	0	0	0	0	0	0	0	0	0	0	0	0	0	0	0	6	0	0	0	6	5	23	11	0	0	0	0	0	0	0	0	0	0	17	14	0	12	0	0	0	0	0	0	0	0	0	0	0	0	0	0	0	0	0	15	0	0	0	18	0	0	0	0	13	0	0	0	0	0	0	0	0	0	0	0	0	0	0	17	0	0
0	0	0	0	0	10	0	0	0	18	0	0	13	0	0	0	0	0	0	0	0	0	0	0	14	0	0	0	8	11	12	0	0	17	0	0	0	0	11	12	0	0	0	0	0	13	0	0	0	0	16	0	0	0	0	0	0	0	0	0	9	0	0	0	15	27	0	0	0	0	0	0	0	0	0	0	0	0	0	0	0	0	0	0	0	0	0	0	0	0	0	0	0	0	0	0	0	15	0	0	0	0	0	0	0	0	0	0	0	0	0	0	0	0	0	0	0	0	0	0	0	0	0	0	0	0	0	0	0	0	0	0	0	0	0	0	0	0	0	0	0	0	0	0	0	0	0	0	0	0	0	0	0	0	0	0	0	0	0	0	0	0	0	0	0	8	17	0	0	0	0	0	0	0	0	0	0	0	0	0	19	0	0	0	0	11	13	0	0	0	0	0	0	0	0	0	0	0	0	0	0	0	0	0	0	0	0	0	0	10	14	16	19	0	16	0	0	0	13	7	0	15	9	0	0	0	0	0	0	0	0	11	0	0	0	0	8	0	0	17	0	0	0	0	0	0	0	0	0	0	0	0	0	0	0	0	18	0	0	16	0	0	0	0	0	18	0	0	0	0	15	0	16	0	0	16	12	9	0	0	7	16	0	15	0	0	0	0	0	0	0	17	0	0	0	0	0	0	0	0	9	0	0	0	0	0	0	0	0	0	15	0	0	0	0	0	0	10	0	0	0	0	0	0	0	0	0	0	0	0	0	0	0	0	0	0	0	14	0	11	0	0	19	0	0	0	0	14	0	0	0	0	0	0	0	0	0	0	0	0	16	11	0	0	0	0	0	0	0	0	0	6	0	0	0	0	0	0	19	0	0	0	0	0	0	0	0	0	0	0	0	0	0	0	0	0	0	0	0	10	3	0	0	0	16	0	0	0	0	0	15	0	16	0	0	0	0	0	0	0	0	0	0	0	0	17	0	0	0	0	0	0	0	0	0	0	0	0	0	0	0	0	0	0	0	16	14	0	0	0	0	0	14	5	0	0	0	0	0	0	0	0	0	0	0	11	29	24	0	0	0	0	0	0	0	0	0	0	0	0	0	0	0	0	10	0	0	0	0	0	0	7	0	0	11	0	0	0	0	0	0	0	0	0	0	0	0	0	0	0	29	0
0	0	0	0	7	0	14	0	0	12	16	0	11	0	0	0	0	0	18	0	0	0	0	0	11	16	0	0	6	25	6	0	0	0	0	0	5	0	0	0	0	0	0	0	0	12	0	0	12	0	0	0	0	0	0	11	0	26	28	14	0	0	0	0	7	12	0	0	0	0	0	13	36	10	0	0	0	0	0	0	0	0	0	0	0	7	12	0	0	9	0	0	0	0	0	0	0	0	0	0	0	0	0	0	0	0	10	0	0	0	0	0	0	0	0	0	0	0	0	0	0	0	0	0	0	0	8	15	0	0	0	0	0	0	0	0	0	12	0	17	0	0	0	0	0	0	0	0	0	0	0	16	8	0	0	0	0	0	0	0	0	0	15	0	0	0	17	0	0	0	0	0	0	0	0	0	0	0	0	0	0	0	0	0	0	0	0	0	0	0	0	0	0	0	0	0	26	0	0	0	0	0	0	0	7	27	12	0	0	12	22	17	0	0	0	0	0	0	0	0	0	9	0	0	0	0	0	0	0	0	0	0	0	0	0	0	0	0	0	6	0	0	0	0	0	0	0	0	0	13	28	0	0	0	0	0	0	16	12	0	0	0	0	0	0	0	0	0	0	0	0	9	34	16	18	36	36	20	12	0	0	0	0	0	0	0	0	0	0	0	0	0	0	0	0	0	0	11	0	0	0	0	11	0	6	0	0	15	0	0	16	26	0	0	0	0	0	0	0	15	26	0	0	0	9	13	19	0	0	0	0	0	0	0	0	14	0	0	0	18	0	0	0	0	0	0	0	0	0	0	0	0	0	11	0	0	0	0	0	17	0	0	15	0	0	0	0	0	0	0	0	15	14	0	0	0	0	0	0	0	0	9	0	0	0	13	0	0	0	0	10	0	0	0	0	0	0	8	16	0	0	0	0	0	11	25	0	0	0	0	0	16	0	0	0	0	0	0	0	0	0	0	0	0	0	5	0	0	0	0	0	0	0	0	0	0	0	0	0	0	16	0	0	0	0	0	0	0	0	0	0	0	0	0	0	0	0	0	0	0	0	0	0	0	12	0	0	14	15	11	0	0	0	10	0	0	0	0	8	0	0	0	0	0	0	0	0	0	0	0	0	0	0	0	15	0	0	0	0	0	0	0	0	0	0	0	13	0	0	0	0	0
0	0	0	0	0	0	0	0	0	12	10	0	0	0	11	14	0	0	0	10	0	0	0	0	0	0	0	0	0	0	0	0	0	12	0	0	0	0	0	0	0	0	0	0	0	0	0	6	0	0	0	0	0	0	0	55	15	0	0	12	10	15	0	0	0	15	0	0	0	0	0	0	0	0	0	0	0	0	0	0	0	0	0	16	8	0	0	0	0	17	0	0	0	11	0	0	0	0	0	0	0	0	0	12	0	0	0	0	0	0	0	0	15	0	0	0	0	0	0	0	0	0	0	16	0	0	0	13	0	11	9	0	0	0	0	0	0	0	0	0	17	16	0	0	0	0	11	0	0	0	0	0	0	0	0	0	0	0	0	0	0	15	24	14	15	0	0	0	0	15	0	0	0	0	16	0	0	0	0	0	10	0	16	0	0	0	16	0	0	0	0	0	0	0	0	0	0	0	0	0	0	0	0	0	0	8	0	0	0	0	0	0	0	0	0	0	0	0	0	0	0	0	0	0	0	0	0	0	0	0	18	0	16	0	0	0	0	0	10	10	0	0	0	0	0	0	0	0	0	0	0	0	0	0	0	10	13	0	0	0	0	16	0	0	0	0	0	0	0	0	0	9	25	19	29	21	0	0	20	0	0	0	0	0	0	0	0	0	0	0	15	0	0	0	16	0	0	0	0	12	0	0	0	0	5	0	0	0	0	0	16	15	0	0	0	0	0	0	0	0	8	0	17	0	0	17	0	0	0	0	0	0	0	0	0	0	7	0	0	0	0	0	19	0	0	0	0	0	0	0	17	0	0	0	0	17	9	0	0	0	0	0	0	0	15	19	0	0	0	9	5	28	0	0	0	0	0	0	0	0	0	15	0	0	0	0	0	0	0	0	0	0	0	0	8	0	0	0	0	0	0	0	0	0	0	0	0	0	0	11	9	0	0	10	0	0	0	0	0	9	0	0	0	0	0	0	0	0	0	0	0	0	0	0	0	0	0	0	0	0	0	0	0	0	0	0	0	0	16	0	0	0	0	0	0	0	0	18	0	0	0	0	0	0	0	0	0	0	0	18	17	1	0	0	0	0	0	0	0	0	0	8	7	0	0	0	0	0	0	0	0	0	0	0	0	0	0	0	0	0	10	0	0	0	0	0	0	0	0	0	0	0
0	0	0	0	0	0	0	16	0	0	0	0	0	0	0	0	0	0	0	0	0	0	0	0	0	0	0	18	0	0	0	0	0	0	0	0	0	0	0	8	0	0	0	0	0	0	14	0	0	0	0	0	0	0	28	19	17	20	0	0	0	0	0	0	18	14	0	0	0	0	0	0	0	0	0	0	0	0	0	15	0	0	17	39	15	0	0	10	14	0	0	10	0	0	0	18	0	0	0	0	0	0	0	0	0	0	0	12	13	0	0	0	0	0	0	0	0	0	0	0	0	0	0	0	0	0	0	0	0	0	0	0	0	0	0	0	26	12	0	0	0	9	0	0	0	0	11	0	0	0	0	0	0	0	0	0	0	0	8	0	0	0	0	0	0	0	0	0	0	10	0	0	0	0	0	0	0	0	0	0	14	0	0	0	0	0	0	9	0	0	0	0	0	0	0	0	0	0	0	0	0	0	0	0	0	0	0	0	7	0	0	0	0	0	0	0	0	0	0	0	10	0	0	0	0	0	0	0	11	0	0	14	0	0	0	0	0	0	0	7	0	0	19	0	0	0	0	0	0	0	17	0	0	0	0	0	0	0	0	0	0	0	0	0	0	0	0	0	0	0	0	0	0	21	19	0	0	0	0	0	0	0	0	0	0	0	0	0	0	0	0	0	0	0	0	0	0	0	0	14	0	0	10	0	0	0	5	16	0	0	0	0	0	0	0	0	0	0	0	13	23	12	15	0	0	0	9	10	0	0	0	0	0	0	0	0	0	0	0	16	0	0	0	0	0	17	0	11	0	0	0	0	0	0	0	0	0	0	0	0	0	0	0	0	0	0	0	0	11	0	0	0	0	0	14	6	0	0	16	0	0	0	17	0	0	13	13	0	0	0	0	0	0	0	9	0	0	0	0	0	0	0	0	0	18	0	0	0	0	19	7	19	0	10	0	0	0	0	0	0	15	0	0	0	0	0	6	0	8	9	0	0	0	0	0	0	11	0	0	0	0	0	0	0	0	0	0	0	24	0	0	17	0	0	0	0	0	0	0	0	0	0	0	0	0	6	17	0	0	0	11	20	17	0	0	0	0	0	0	0	9	0	7	0	0	0	0	0	0	0	0	0	18	18	0	0	0	0	0	0	14	0	0	0	0	0	0	13	24	0	0	0
0	0	0	0	0	0	31	13	0	0	0	0	19	17	0	0	0	0	0	0	0	0	0	0	18	0	0	0	0	18	0	0	0	0	0	0	0	0	8	0	14	9	0	0	0	16	13	0	0	0	0	0	0	0	0	0	0	0	0	0	0	0	0	0	0	14	0	0	0	0	0	0	0	16	24	0	0	0	0	12	0	15	29	26	0	0	0	0	0	0	0	0	0	0	0	0	0	0	0	0	0	0	0	0	0	0	0	0	0	0	0	0	0	0	0	18	0	0	0	0	0	0	0	0	0	0	0	0	0	0	0	0	0	15	0	0	10	18	0	0	0	0	0	0	0	0	0	0	12	15	0	0	0	0	0	9	0	11	0	0	0	0	0	0	0	0	0	0	0	0	0	0	0	0	0	0	0	0	0	0	0	12	0	0	0	10	0	15	0	0	0	17	0	9	0	0	0	0	0	0	0	0	0	0	0	0	0	0	0	27	0	0	0	0	0	17	0	0	0	0	0	0	0	0	0	0	0	0	0	15	5	0	0	0	0	0	0	0	16	0	0	0	0	0	0	0	0	0	16	0	0	0	10	0	15	0	0	0	0	0	0	0	0	0	0	0	0	0	0	0	0	0	0	0	0	0	0	0	0	0	0	13	0	0	18	0	13	27	8	17	0	0	0	15	0	0	0	0	0	0	0	0	0	18	0	0	0	0	0	0	0	0	0	0	0	0	0	0	0	20	35	29	0	0	13	0	9	0	0	0	0	0	0	0	0	0	0	0	0	14	0	0	0	0	0	13	12	0	0	23	22	0	0	0	0	0	0	0	0	0	0	0	0	0	12	0	0	0	0	11	0	0	0	0	0	0	0	10	0	0	35	0	0	0	0	0	0	0	0	0	0	16	0	0	0	0	24	0	0	0	0	12	0	11	0	0	0	0	15	0	24	0	0	0	8	0	0	0	0	6	15	0	0	0	0	0	0	0	16	0	0	0	0	0	0	8	17	0	0	0	0	0	0	0	0	0	0	0	0	16	0	16	12	20	0	0	0	16	0	0	0	0	0	0	0	0	0	0	0	0	0	0	9	6	0	0	0	0	0	0	0	0	0	0	0	0	0	0	0	0	0	0	0	0	0	0	0	0	0	0	0	0	0	0	0	0	0	19	0	0	0	0
0	0	0	0	0	0	11	0	0	0	0	0	0	0	0	0	0	0	0	0	0	0	11	0	0	0	0	0	0	0	0	0	0	0	0	0	0	0	13	9	0	13	0	0	0	0	0	0	0	0	0	0	0	0	0	0	0	0	11	0	0	0	0	0	0	16	0	0	0	0	0	0	0	10	0	0	16	0	0	0	0	0	0	0	0	0	0	0	10	9	0	0	11	15	0	0	0	0	6	11	0	0	0	0	18	0	0	8	0	0	18	0	0	0	0	0	0	0	0	10	0	0	0	0	0	0	0	0	0	0	0	0	0	12	0	0	0	9	0	0	0	0	0	0	0	0	0	0	0	11	0	0	0	0	0	14	0	0	0	0	0	0	16	0	0	0	0	17	0	0	0	19	0	0	0	0	0	0	0	0	0	5	0	0	0	0	0	0	0	0	0	0	0	19	0	0	0	0	0	0	0	0	0	0	0	12	0	0	0	15	13	13	0	0	0	0	0	0	0	0	0	0	0	0	0	0	0	0	0	0	0	10	0	0	0	0	0	0	0	11	12	0	0	0	0	0	0	0	0	0	0	0	0	0	0	0	0	0	0	0	0	0	16	17	0	0	0	0	0	0	0	0	0	0	0	0	0	0	0	0	0	0	0	0	5	0	0	0	0	9	0	0	7	0	0	0	0	0	0	0	0	0	0	0	0	0	0	0	0	0	0	0	0	0	0	0	0	0	0	19	2	0	0	0	0	0	0	0	0	0	0	0	0	0	0	17	0	0	0	15	0	0	0	0	0	0	0	0	0	0	0	0	0	9	29	13	13	0	0	0	0	0	0	0	0	10	0	0	12	0	0	0	0	0	0	0	0	0	0	0	16	0	0	0	0	0	0	0	0	0	0	0	0	0	0	0	11	13	0	0	0	0	0	0	0	0	0	0	10	0	0	0	0	0	0	0	0	0	0	0	0	0	0	0	0	0	0	0	0	8	24	8	16	0	0	0	0	0	0	0	0	0	0	0	0	1	1	0	0	0	0	0	0	15	0	0	0	13	0	1	0	0	16	0	0	0	0	0	0	0	0	0	0	0	0	0	0	0	0	0	0	0	0	0	0	0	0	0	0	0	0	0	0	0	0	0	0	0	0	0	0	0	0	0	0	3	14	0	14	0	0	0
0	0	11	0	0	0	0	0	0	0	0	0	0	0	0	0	0	0	0	0	0	0	14	0	0	0	0	0	0	0	0	0	0	0	0	0	0	0	0	0	0	0	0	0	0	0	0	0	0	0	0	0	0	11	0	0	0	0	14	0	0	0	0	0	0	18	0	0	0	0	0	0	18	0	0	0	0	7	15	0	0	0	0	0	0	0	0	0	16	15	0	0	0	14	0	0	0	0	64	19	0	0	0	0	0	0	0	0	0	0	7	0	0	0	0	0	0	0	0	0	0	15	0	0	0	0	0	0	0	0	4	0	0	0	0	0	0	0	0	0	0	0	0	0	18	0	0	0	0	0	0	0	36	0	0	0	0	0	20	0	18	0	0	0	12	0	0	0	0	0	0	0	0	0	0	12	0	0	0	0	0	0	12	14	0	0	0	0	0	0	0	0	0	0	0	0	0	0	0	0	0	0	0	0	0	12	10	15	0	0	0	3	10	0	0	0	0	10	0	0	15	11	0	0	8	0	12	0	0	0	0	0	0	0	0	0	0	0	0	0	0	0	0	0	0	10	18	0	0	0	0	0	0	0	0	0	0	0	0	0	0	0	0	0	0	0	0	0	0	0	0	0	0	0	0	0	0	0	0	17	0	0	0	0	0	0	0	0	0	0	18	4	17	0	0	0	0	0	0	0	0	0	0	0	0	11	14	0	0	0	0	0	0	0	17	0	0	0	0	16	9	0	0	0	0	0	0	0	0	0	0	0	0	0	0	0	16	0	9	12	0	0	0	0	9	0	0	0	0	0	0	0	0	6	4	0	0	0	0	0	0	0	0	0	0	0	9	0	0	0	0	14	15	18	0	18	0	0	0	0	0	0	0	0	0	0	0	0	0	0	0	0	0	0	0	0	0	12	0	0	0	0	0	0	8	0	0	0	0	0	0	0	0	0	0	0	0	0	0	0	0	0	0	0	0	0	0	0	0	12	10	0	0	0	0	0	0	0	10	0	0	0	0	0	0	0	0	10	0	0	15	5	16	0	0	0	16	3	4	3	4	2	0	0	0	0	0	0	0	16	0	0	0	0	0	0	13	16	0	0	0	0	0	0	0	0	0	0	0	0	0	26	13	0	0	0	0	0	0	0	0	0	0	0	0	0	16	0	0	0	0	0
0	0	0	0	0	17	14	14	0	0	0	0	0	0	0	0	0	0	0	0	0	0	0	0	0	0	0	0	0	0	0	0	0	18	0	0	0	0	0	0	12	0	0	0	0	0	11	0	0	9	0	0	0	0	0	0	0	0	0	0	0	0	0	0	0	0	0	17	0	0	0	0	0	0	0	0	0	0	0	0	0	0	0	0	0	0	0	0	0	0	16	0	0	0	0	0	0	0	16	0	0	20	0	0	0	0	16	0	0	0	0	0	0	0	0	0	0	0	0	0	0	0	0	0	0	14	0	0	0	0	0	0	0	0	0	0	0	0	0	0	0	0	0	0	0	0	0	0	0	0	0	0	0	0	0	6	0	28	0	0	0	0	0	0	9	0	0	0	0	13	13	0	0	0	0	16	0	0	0	0	0	0	0	0	0	0	13	0	0	0	0	0	0	0	0	0	0	0	9	14	0	16	0	0	0	0	0	0	0	0	0	0	0	0	0	16	0	16	0	0	0	0	3	0	0	0	12	0	0	0	9	0	0	0	0	0	16	0	0	0	0	0	0	0	0	33	53	0	0	0	0	0	0	0	0	11	0	0	0	0	0	0	0	0	0	28	18	0	17	14	0	0	0	11	0	9	0	0	0	0	0	0	0	0	0	0	0	0	0	0	0	0	0	0	0	8	0	0	0	0	0	8	0	0	0	0	0	0	0	0	0	0	0	0	0	0	0	0	0	0	18	9	0	1	0	0	0	13	13	11	16	0	0	8	0	0	37	0	0	0	0	0	0	15	0	0	0	0	0	0	0	0	0	0	0	0	0	0	0	0	0	0	0	0	17	11	0	0	0	0	0	0	0	0	0	0	0	0	10	0	8	0	0	0	0	0	0	0	0	0	0	0	0	0	0	0	0	16	0	0	0	12	0	0	0	0	0	0	0	0	0	0	0	13	7	0	0	0	0	0	0	0	0	0	0	0	0	0	0	0	0	0	0	0	0	12	0	0	0	0	9	0	19	0	0	0	34	0	0	14	27	0	0	0	20	2	3	4	5	4	4	4	3	0	0	11	0	0	0	0	8	0	0	0	0	0	0	0	0	0	0	0	0	0	0	0	0	15	15	0	0	0	0	0	0	0	0	0	0	19	0	0	0	0	0	0	0	0	0	0	0	0
15	0	0	0	0	0	0	0	0	0	0	0	0	0	0	0	0	0	0	0	0	0	0	0	0	0	0	14	0	0	0	0	0	11	0	0	0	0	0	0	16	0	0	0	0	0	0	0	0	0	0	0	0	0	0	0	0	0	0	0	0	0	0	0	0	16	0	0	0	0	0	0	0	0	8	0	0	16	11	0	0	12	0	0	0	0	0	0	0	17	10	0	0	0	0	0	0	0	0	0	0	0	0	0	0	0	0	0	0	0	10	0	11	12	0	0	0	0	0	0	0	0	0	0	0	0	0	0	0	0	0	0	7	0	33	0	0	0	0	0	12	0	0	0	0	11	0	0	0	0	6	0	0	0	0	5	0	10	17	0	0	0	0	0	0	0	0	0	0	5	0	0	0	0	0	0	0	0	0	0	0	13	14	7	0	0	0	3	17	0	0	0	0	0	0	0	0	0	0	0	0	0	0	6	10	0	15	0	0	0	0	0	0	17	0	13	0	0	0	0	0	0	0	0	0	0	0	0	0	0	0	0	0	0	0	0	0	0	13	0	27	4	0	18	15	0	1	0	17	0	0	0	16	0	0	0	0	0	0	0	0	0	0	18	0	0	0	0	0	0	14	0	0	12	0	0	0	0	0	0	0	0	0	0	0	0	0	0	0	0	0	0	0	18	0	0	0	0	0	0	0	0	0	0	0	0	0	0	0	0	0	5	0	0	0	0	0	0	0	0	11	27	21	16	0	0	0	0	0	0	0	0	0	15	6	0	0	0	0	0	0	0	0	0	0	0	0	0	0	0	0	0	0	0	0	0	0	0	0	0	0	0	5	0	0	0	21	0	0	0	0	0	0	0	0	0	0	0	0	0	37	14	0	0	0	0	0	0	0	0	0	0	0	0	18	0	0	0	0	0	0	0	0	0	0	0	0	18	0	0	0	0	0	9	14	11	0	0	0	19	0	0	0	0	0	0	0	0	0	0	0	0	0	0	24	0	0	0	17	0	0	0	0	0	0	0	0	0	0	13	16	18	0	0	0	3	4	7	43	49	8	4	34	1	0	0	0	0	0	0	0	0	0	0	0	0	17	10	0	16	0	0	0	0	10	0	0	0	0	0	0	14	14	0	0	0	0	0	0	0	9	0	16	0	0	0	0	0	0	0	0	0
0	0	0	0	0	0	0	0	0	0	0	0	0	0	0	0	0	0	0	0	0	0	0	0	0	0	0	0	0	0	0	0	0	0	0	0	0	0	0	0	0	0	0	0	0	0	0	0	0	0	0	0	0	0	0	0	17	0	0	0	0	0	0	0	0	0	0	0	0	0	0	0	0	0	14	0	16	0	17	9	0	0	0	0	7	14	0	11	0	0	0	0	0	0	0	0	0	0	16	0	0	0	0	16	0	0	0	7	0	0	0	0	0	0	0	9	0	0	0	0	0	0	0	0	0	0	9	0	0	0	0	0	0	0	0	0	0	0	0	0	0	8	12	0	0	0	0	0	0	0	0	0	17	0	0	0	0	0	0	0	0	0	0	0	0	13	0	0	0	4	14	0	0	0	0	0	0	0	0	0	0	8	0	0	0	0	9	0	0	0	0	0	10	0	0	0	0	0	0	0	0	0	0	1	18	23	11	13	31	33	0	0	0	0	11	14	0	0	0	0	0	0	0	0	0	0	0	0	0	0	0	0	0	0	0	20	0	0	12	0	0	15	5	0	0	0	0	0	0	0	0	11	11	0	0	0	0	19	11	13	0	0	0	0	0	0	0	0	0	0	9	0	0	0	0	0	0	11	0	0	0	0	0	1	0	0	0	0	0	0	0	0	0	0	17	0	0	0	0	0	0	0	6	16	0	0	0	0	0	0	0	0	0	0	0	0	0	0	0	0	6	16	0	14	0	0	0	0	0	0	0	0	0	0	0	0	0	0	12	0	0	0	10	0	0	8	0	0	0	0	0	0	17	0	0	0	0	17	0	0	0	0	0	0	0	15	3	0	0	0	0	9	16	0	0	0	0	15	0	0	13	0	0	0	0	0	0	0	0	17	0	0	0	0	0	0	0	0	0	0	0	0	9	0	0	0	0	0	0	0	0	8	0	0	11	15	0	0	0	0	0	0	15	11	0	0	0	0	0	0	0	0	0	0	0	17	0	0	10	0	0	0	0	0	0	0	0	0	0	10	0	0	0	15	0	4	4	57	477	602	80	4	3	3	0	19	0	0	0	0	0	0	0	0	0	0	0	0	0	7	0	0	0	0	0	0	0	0	0	0	0	0	0	0	0	0	0	0	0	0	0	0	8	5	0	0	0	0	0	0	0	15
16	8	7	0	0	0	0	0	0	0	0	10	0	0	0	0	0	0	0	0	0	0	0	9	0	0	0	0	0	0	0	0	0	0	0	0	0	0	0	0	0	0	0	0	0	0	0	0	0	0	0	0	10	0	0	0	0	10	0	0	0	16	0	0	0	0	0	0	0	0	0	0	10	0	0	0	0	0	0	0	0	0	0	0	0	12	0	0	0	0	9	0	0	0	0	0	0	0	0	0	0	0	0	0	0	0	0	0	0	0	0	0	0	0	0	0	0	0	0	0	0	0	0	0	0	0	0	0	0	0	0	0	0	0	6	0	0	0	0	0	0	15	13	0	0	0	0	0	0	0	18	0	0	0	0	0	16	11	0	0	16	0	0	0	0	12	18	0	0	16	0	9	0	13	0	0	0	0	0	0	0	0	0	0	0	0	0	0	0	0	0	12	13	0	0	0	0	0	0	0	0	0	0	11	10	2	0	0	15	6	16	0	0	0	0	0	0	0	0	0	0	0	17	0	0	0	0	0	0	0	0	0	11	0	0	0	0	0	0	0	0	7	0	0	0	0	0	0	0	0	0	0	0	0	11	10	0	0	0	0	0	0	0	11	0	0	0	0	0	0	0	0	0	0	0	0	0	7	0	0	0	0	0	0	11	0	0	12	11	0	0	0	0	0	10	0	0	0	0	0	0	0	0	16	0	6	0	0	16	0	0	0	0	0	0	0	0	0	0	0	0	0	0	14	0	0	0	0	14	0	0	0	0	14	0	0	0	0	0	0	0	0	0	0	0	18	0	0	14	0	0	0	0	0	0	0	0	0	0	11	0	0	0	0	0	0	0	0	0	0	12	0	0	0	0	0	11	16	0	0	9	0	0	0	8	0	10	0	0	0	0	0	0	0	0	0	0	0	0	12	0	0	16	0	0	0	0	0	0	0	0	0	0	0	0	0	0	0	0	11	23	0	0	9	10	0	0	0	0	0	0	0	0	0	0	0	10	0	0	0	0	0	0	0	0	0	0	0	0	0	0	0	0	15	1	3	4	95	811	760	144	10	44	3	0	0	0	0	0	0	0	0	0	0	0	0	0	0	0	0	0	0	0	0	0	0	0	0	17	15	8	0	0	0	0	13	15	0	0	0	0	0	0	0	0	5	0	7	0	0	0	0
20	6	0	0	0	0	0	0	0	0	0	0	16	0	0	0	0	13	16	0	0	0	0	13	0	0	0	0	0	0	0	0	12	0	0	16	0	0	0	0	0	0	0	0	0	13	0	0	0	0	0	0	16	0	17	0	0	0	0	0	0	0	0	0	0	0	0	0	0	13	0	0	15	0	0	0	12	0	0	0	0	0	0	0	0	0	0	0	0	0	0	18	7	0	0	0	0	0	0	0	0	0	0	0	0	0	0	0	0	0	0	0	0	0	0	0	0	13	0	0	0	0	0	0	0	0	0	0	0	14	0	0	0	0	0	0	0	14	11	0	0	0	0	19	0	0	0	10	0	0	0	0	0	0	0	0	0	0	0	0	0	0	0	17	0	0	0	0	0	0	0	0	0	16	0	0	0	0	0	0	0	0	0	0	0	0	0	0	0	0	0	0	0	0	0	0	0	0	0	0	0	0	0	0	0	11	0	0	0	0	15	0	0	0	0	0	0	0	0	0	0	0	0	14	16	0	0	0	0	0	0	0	11	0	0	0	0	0	0	0	0	0	0	0	0	0	0	18	0	0	0	0	0	0	0	0	0	18	0	0	0	0	11	0	0	0	0	0	0	0	0	0	0	0	0	0	0	0	0	0	0	0	0	0	14	0	0	16	0	0	0	16	0	0	0	14	0	0	17	0	0	0	0	0	17	16	0	0	16	0	0	0	0	0	0	0	0	0	0	0	0	0	0	0	0	0	0	0	0	0	0	0	0	0	0	15	15	0	0	0	0	0	0	0	0	17	0	0	0	0	0	10	0	17	0	0	0	0	0	0	0	0	0	0	0	0	0	0	0	19	15	0	0	0	0	0	0	0	8	0	0	0	0	0	0	0	0	0	0	0	0	0	0	0	0	0	0	0	0	0	9	0	0	0	0	0	0	0	0	8	44	6	0	0	0	0	0	0	0	16	24	0	0	0	0	0	0	0	0	0	32	19	0	0	0	0	0	0	0	17	10	0	0	0	0	0	0	18	0	16	0	0	0	0	0	4	5	22	173	222	57	5	4	3	0	0	0	0	0	0	0	0	0	0	17	0	0	11	0	0	0	0	0	0	0	0	0	0	0	0	0	0	0	0	0	0	0	0	0	0	0	0	0	0	6	6	0	8	0	0	0	0
14	0	0	0	0	0	0	0	0	0	0	13	0	0	0	0	12	0	0	0	0	0	0	9	0	0	0	11	0	5	18	0	0	0	0	0	0	0	0	0	0	0	17	0	9	10	0	0	0	0	0	0	13	0	0	0	0	0	17	11	0	0	0	0	0	0	0	0	0	0	0	0	0	0	0	0	0	0	0	7	0	0	0	0	0	0	0	0	16	20	0	0	16	0	0	0	0	0	0	16	0	0	0	23	19	0	0	0	0	0	0	0	0	8	13	0	0	0	0	0	0	0	0	0	0	0	0	0	0	0	0	0	0	0	0	0	21	0	0	0	0	0	0	0	0	0	0	16	0	0	0	0	0	0	0	0	14	12	0	0	0	8	0	0	0	0	0	0	0	0	0	0	0	0	0	0	0	0	0	0	0	0	0	0	0	0	0	0	0	0	0	0	0	0	0	0	0	7	0	0	8	0	9	0	0	14	8	0	0	0	15	28	0	0	0	0	0	0	0	0	0	0	0	0	15	0	0	0	0	0	13	0	0	0	0	0	11	0	0	0	0	0	0	0	0	9	15	0	0	0	17	0	0	0	12	12	0	0	0	0	13	7	0	0	0	0	0	0	0	0	0	0	0	0	0	0	0	0	0	0	0	9	0	0	0	0	0	0	0	0	13	24	0	0	0	5	0	0	0	0	0	0	0	0	0	0	0	0	0	0	0	0	0	0	0	0	0	7	0	0	0	17	15	0	0	0	0	0	0	0	0	0	0	11	0	0	0	0	0	0	0	0	0	16	6	0	0	17	0	0	0	0	0	0	0	0	0	0	0	0	0	0	27	36	0	0	0	0	0	0	0	0	0	0	0	0	0	0	0	0	10	0	0	0	0	0	0	0	0	0	0	0	0	15	0	0	15	0	0	0	13	8	0	0	0	0	13	0	0	0	16	0	0	0	14	15	0	0	0	0	0	0	0	0	0	0	0	0	0	0	0	0	0	0	0	17	0	0	26	0	0	0	0	0	0	0	0	16	0	11	0	0	0	0	0	4	4	6	13	19	5	4	3	0	0	0	0	0	0	5	12	0	0	0	5	0	0	0	17	0	0	0	0	0	0	0	0	0	0	0	0	18	0	0	0	0	0	0	8	16	0	18	0	0	0	0	10	33	0	0	0	0
0	0	0	0	0	0	14	0	0	0	0	13	0	21	0	0	0	0	0	0	0	0	0	0	0	0	0	0	0	0	0	0	0	0	0	13	0	0	0	0	0	12	0	0	0	17	0	0	0	0	17	0	0	0	0	0	0	9	0	0	0	0	0	0	0	0	0	0	0	0	0	0	0	0	0	0	0	0	16	0	0	0	0	0	7	0	0	0	0	0	0	0	0	0	0	0	0	0	0	0	0	0	0	4	0	0	0	0	0	0	0	0	0	0	0	0	0	0	0	0	0	0	0	0	0	0	0	0	0	17	0	0	0	0	10	0	32	7	0	0	0	0	0	9	0	0	0	0	0	0	0	0	0	0	0	0	0	0	0	9	17	0	0	0	0	0	0	0	0	0	0	0	0	0	0	0	0	0	0	0	0	0	0	0	0	0	0	0	0	16	0	0	15	7	0	0	3	14	0	0	0	0	14	0	0	0	0	0	0	10	12	12	0	0	0	0	0	0	0	0	0	0	9	0	11	0	0	0	0	0	0	0	0	21	17	0	0	0	9	0	0	0	0	0	0	0	0	0	0	0	0	0	0	0	0	0	0	0	0	0	0	0	0	0	0	13	17	0	0	0	12	0	0	0	0	18	0	0	0	0	0	11	15	0	18	11	13	0	0	0	0	0	17	0	0	0	0	0	0	0	0	0	0	0	0	0	0	0	0	0	0	0	0	0	0	0	0	10	0	0	0	0	0	0	0	0	0	0	0	0	0	0	0	0	0	0	0	0	0	0	0	14	11	15	18	0	0	0	0	0	19	13	0	0	0	10	0	0	0	0	0	0	0	0	0	0	0	0	0	0	0	0	0	0	0	0	0	0	0	0	0	0	0	0	0	0	0	0	0	0	0	0	0	0	16	0	0	0	0	0	0	10	0	0	0	0	8	0	0	0	0	0	0	0	0	0	0	0	15	0	0	0	0	0	13	0	0	0	0	8	0	0	8	0	0	0	0	0	0	0	0	0	0	0	15	8	0	0	0	0	28	0	10	0	0	0	3	4	11	4	4	3	2	0	13	8	0	0	0	0	0	9	0	0	0	0	0	0	0	0	0	0	0	0	0	0	0	0	0	0	0	0	0	0	0	0	0	0	0	0	0	0	0	0	0	0	0	0	0	0	0	0
0	0	0	0	9	0	0	36	0	0	0	0	0	0	0	0	0	0	0	0	0	0	0	10	0	0	0	0	0	0	0	0	0	22	0	0	0	0	0	0	0	11	0	0	0	0	0	0	0	18	0	0	0	0	0	0	0	11	0	12	0	0	0	0	0	0	0	0	0	0	0	0	0	0	0	0	0	17	0	0	0	0	0	0	0	0	0	0	0	0	0	0	0	0	0	0	0	0	0	0	0	10	0	0	0	0	0	0	0	0	0	0	0	0	0	0	0	7	0	0	0	0	0	0	0	0	9	0	11	8	0	0	0	0	0	0	0	0	0	0	0	0	0	0	0	0	0	0	0	0	0	0	0	0	0	0	18	0	0	16	0	0	0	0	0	10	2	0	0	0	14	0	16	0	0	0	0	0	0	0	0	0	0	0	0	0	12	0	0	0	0	0	0	0	0	0	0	0	0	0	32	5	0	0	0	0	0	0	0	16	0	0	8	0	0	0	0	0	0	0	0	0	0	0	0	0	0	11	8	7	13	6	16	15	3	17	20	15	0	0	0	0	0	0	0	0	0	13	0	0	0	0	0	0	0	16	0	0	0	0	0	0	0	0	0	16	0	0	0	0	0	0	0	0	0	0	0	0	0	0	0	0	11	0	4	15	0	0	0	0	0	0	0	0	0	0	0	0	0	0	0	0	11	0	0	0	0	0	8	0	16	0	0	0	0	0	0	0	0	0	19	0	0	0	0	0	0	16	0	0	0	0	0	0	17	11	0	0	11	0	0	10	12	0	0	0	17	0	0	0	0	0	0	1	0	13	0	0	0	0	0	0	0	0	0	17	0	0	0	0	10	0	0	12	12	0	0	0	0	0	0	0	0	0	0	0	0	0	0	0	0	5	0	0	0	0	0	0	0	16	0	35	13	0	0	0	0	0	0	0	0	0	0	0	0	0	0	0	0	0	0	0	0	0	0	0	0	0	0	15	0	0	17	9	0	0	0	0	0	0	8	0	0	0	0	0	0	0	0	0	0	0	0	0	0	0	0	3	18	3	3	2	0	0	0	0	12	0	0	0	0	0	14	26	0	0	0	0	7	16	0	0	0	0	0	0	0	0	0	0	0	0	12	0	0	0	0	0	0	0	15	14	14	0	0	0	17	0	0	0	0	0
0	0	0	0	0	0	0	16	0	0	0	0	0	0	0	0	0	0	0	0	0	13	0	11	0	0	17	0	0	0	0	0	0	0	17	0	0	0	0	0	0	0	0	0	0	0	0	0	0	0	0	0	0	0	0	0	0	12	0	0	0	0	0	0	0	0	0	0	0	0	0	0	0	0	0	0	0	0	0	0	21	0	0	0	0	0	0	0	0	0	14	0	0	0	16	0	0	0	10	0	0	0	0	0	0	0	0	0	0	0	0	0	0	0	0	0	0	9	0	0	0	0	0	0	0	0	14	5	0	0	0	0	15	9	0	0	16	0	0	0	0	0	17	9	0	0	0	0	0	0	0	0	0	0	0	0	0	0	18	0	0	0	0	0	0	0	0	0	0	9	0	0	0	0	0	0	0	0	0	0	0	0	0	0	0	0	0	0	0	8	0	0	0	0	0	0	0	0	0	9	9	0	0	0	0	0	0	0	16	26	0	0	0	0	0	0	0	0	0	0	0	0	13	21	0	0	0	0	12	9	0	0	18	26	0	0	9	43	25	0	12	19	16	10	0	0	0	0	0	0	0	13	0	13	0	9	0	0	0	0	0	0	11	0	0	14	0	0	0	0	0	0	0	0	15	0	0	0	0	0	0	0	0	0	0	0	16	4	0	0	0	19	0	0	0	0	0	0	0	0	0	0	0	0	0	0	0	0	0	0	0	25	0	0	0	0	0	0	0	0	0	0	0	0	0	0	0	16	0	0	16	0	0	0	0	0	0	0	0	0	0	0	0	0	4	10	0	0	0	0	0	0	0	0	0	5	0	0	0	0	0	0	0	0	0	0	0	0	0	0	0	0	0	0	7	0	0	0	0	0	0	0	0	14	0	0	0	0	0	8	12	16	0	0	0	0	0	0	0	12	0	0	9	0	16	0	16	0	0	0	0	0	0	0	0	0	0	0	0	0	14	0	0	0	0	0	0	0	0	0	0	0	0	0	0	0	0	0	0	0	0	0	0	0	0	0	0	0	0	0	0	0	0	0	0	0	0	0	0	0	0	0	0	14	10	0	21	0	0	0	0	0	0	0	0	0	0	0	0	0	0	0	0	0	0	0	0	0	0	0	0	0	15	0	0	0	0	20	13	0	0	0	0	0	0	0	0	0	0	0	0	0
0	0	0	0	0	0	0	0	0	0	0	0	0	0	0	0	0	0	0	0	0	16	0	0	0	0	0	0	0	0	0	0	0	0	0	0	0	0	0	0	0	0	0	0	0	0	0	15	0	0	0	16	0	0	0	0	0	0	18	13	0	0	0	0	0	0	0	0	0	0	0	0	0	0	0	0	0	0	7	5	49	0	0	0	0	0	0	0	0	0	9	0	0	0	13	11	0	15	25	0	0	0	0	0	0	0	0	0	0	0	0	23	10	0	0	0	0	0	18	0	0	0	0	0	20	0	0	0	0	0	0	0	0	0	0	0	0	0	0	0	0	0	17	0	0	0	0	0	0	0	0	0	0	11	0	0	0	0	0	0	0	0	0	0	0	0	0	0	0	0	15	0	0	0	0	0	0	0	0	0	0	0	0	0	0	0	6	0	0	14	0	0	0	0	0	0	0	0	0	0	0	14	15	0	0	0	0	0	19	0	0	0	0	0	0	0	0	0	0	0	0	0	0	0	0	16	0	0	0	0	0	0	0	0	0	0	0	0	13	14	17	0	0	14	19	14	0	0	0	0	0	0	0	0	0	0	0	0	0	0	17	0	0	0	0	0	0	0	0	0	0	0	0	0	0	0	0	17	0	0	0	0	0	0	0	0	0	0	0	0	0	0	0	0	0	0	0	0	0	0	0	0	0	0	0	0	0	0	0	0	0	0	0	0	0	0	0	0	0	0	0	0	0	0	0	0	0	0	0	0	0	12	0	0	0	0	0	0	0	0	0	0	0	11	0	0	0	0	0	0	0	0	0	0	0	16	0	0	0	0	0	0	0	0	0	0	0	0	0	0	0	0	0	14	11	0	0	0	0	0	0	0	0	11	0	0	0	0	0	0	11	0	17	0	0	11	0	0	0	0	0	0	15	0	0	15	10	0	0	0	0	0	0	0	4	16	0	0	0	0	12	0	8	0	0	0	0	10	0	0	0	0	0	0	0	0	0	0	0	0	0	0	0	0	0	0	0	0	0	0	0	0	0	0	0	12	0	16	1	0	0	0	0	0	0	0	0	0	0	0	10	10	0	11	0	0	0	0	0	0	0	0	0	0	0	8	0	0	0	3	0	0	0	0	0	0	15	0	17	11	0	0	0	0	0	0	0	0	15	0	0	0
0	0	0	0	0	0	0	0	11	0	0	0	0	0	0	15	0	19	0	0	0	0	0	0	0	0	12	15	0	0	0	0	0	0	0	0	0	0	0	0	0	0	17	0	6	0	0	0	0	0	0	0	15	15	0	0	0	0	0	0	0	16	0	0	0	8	12	0	0	0	0	0	0	0	0	0	0	0	17	13	31	29	0	0	0	0	0	0	0	0	0	0	0	0	2	15	0	0	0	0	0	0	0	0	0	15	0	0	0	0	0	0	0	0	16	3	0	0	0	0	0	16	0	0	0	0	11	0	0	0	0	0	0	0	0	0	0	0	0	0	0	0	0	0	0	0	12	14	0	0	0	0	0	0	0	0	0	0	0	0	0	0	0	0	0	0	0	0	0	0	14	0	0	0	0	0	0	0	0	0	0	0	0	0	0	0	0	0	0	0	0	15	11	0	0	0	0	0	0	0	18	0	0	0	0	0	0	18	8	0	0	0	0	0	0	0	0	17	0	0	0	0	0	0	0	0	18	0	0	0	0	0	0	0	0	0	0	0	0	13	12	0	0	0	0	16	15	0	17	15	30	11	0	0	0	16	0	0	0	0	0	0	9	11	22	18	11	17	0	0	0	18	0	0	33	0	0	0	0	0	0	0	16	0	0	0	0	0	0	0	0	0	0	0	0	0	0	0	0	0	0	28	10	0	15	1	0	0	0	0	16	0	0	0	0	0	0	0	0	0	32	0	0	0	0	0	0	0	0	0	0	0	0	0	0	0	0	0	0	0	0	0	0	14	0	0	0	0	0	0	0	0	0	15	0	0	0	0	0	0	0	0	0	0	0	0	13	13	0	0	0	0	18	9	26	16	21	27	18	13	0	0	17	0	0	0	0	0	0	0	0	0	0	0	0	0	0	0	0	0	13	0	0	12	0	0	0	0	0	0	0	9	0	0	21	8	0	0	0	17	0	0	0	0	0	0	0	0	0	0	0	0	0	0	0	0	0	0	0	13	0	0	0	13	0	0	0	0	0	0	0	0	0	0	11	0	0	8	0	0	0	20	0	0	0	0	0	0	0	0	0	0	0	0	0	0	0	0	0	0	0	0	9	0	0	0	0	0	0	11	0	0	0	0	0	0	0	0	0	0	0	0	0	0	0	0	18	0	10	0	0	0
0	0	0	0	0	0	0	0	0	0	0	0	0	0	0	0	0	0	0	0	0	0	0	0	0	0	0	0	0	0	0	0	0	0	0	0	0	0	0	0	0	0	0	0	16	0	0	17	16	0	0	0	0	0	0	0	0	0	0	0	0	0	0	0	0	0	9	0	0	0	0	0	0	0	0	0	0	0	20	16	10	33	17	30	0	0	0	0	0	0	0	0	0	0	0	0	0	0	0	0	0	0	0	0	0	0	10	0	0	0	0	0	0	0	0	0	0	0	0	0	0	0	0	20	0	8	0	0	0	0	0	0	0	0	0	0	0	0	0	0	0	0	0	9	0	0	0	0	0	0	0	0	0	0	0	0	0	0	0	0	0	0	0	0	0	0	0	0	0	0	12	0	0	0	9	0	0	0	0	0	0	0	0	10	0	0	0	0	0	0	0	0	0	0	0	0	0	0	0	0	0	0	17	0	0	0	17	0	0	0	0	0	0	0	0	18	0	0	0	0	0	0	0	0	0	0	0	0	0	0	0	0	0	0	0	0	0	0	18	0	0	0	0	0	0	0	14	36	0	0	0	16	0	0	0	0	0	32	18	0	18	13	22	16	26	22	16	0	0	0	0	0	0	0	18	0	0	0	0	0	11	0	0	0	0	0	15	0	0	0	0	0	0	0	0	0	15	0	25	0	0	0	0	0	0	9	0	15	12	0	17	0	8	0	0	0	0	0	0	34	11	0	0	0	0	0	0	0	8	0	0	0	0	19	14	0	0	0	15	9	0	0	0	0	0	0	0	0	0	0	18	5	0	10	0	18	0	0	11	17	0	0	0	0	0	0	0	0	0	0	0	0	0	0	0	0	0	0	0	13	14	15	17	17	16	15	0	0	0	0	0	0	0	0	0	0	0	0	0	17	38	9	14	7	0	0	0	0	18	9	0	0	0	18	32	16	0	0	0	0	0	0	0	0	0	0	0	0	0	0	0	0	0	0	9	0	0	0	0	0	8	0	13	17	0	0	0	0	0	0	0	0	0	0	0	0	0	3	18	12	0	0	9	0	0	0	0	0	0	0	0	0	0	0	0	0	11	0	0	0	0	0	0	0	0	0	0	0	0	0	0	0	0	0	0	0	0	0	0	0	0	0	0	0	0	0	0	0	0	0	0	0
0	0	18	0	14	9	17	10	0	0	0	0	0	0	0	0	0	0	0	0	0	0	0	0	0	15	0	0	0	16	16	0	0	0	0	0	0	0	0	8	0	0	0	0	0	0	0	0	0	0	0	0	12	0	0	10	16	0	0	0	0	0	12	0	0	0	0	0	0	0	0	15	0	0	0	0	0	16	0	0	0	16	0	22	0	0	0	0	0	0	0	0	0	11	0	0	0	0	0	0	0	0	0	0	0	0	0	0	0	0	28	0	0	0	0	0	0	0	0	13	10	0	0	0	0	0	0	0	0	0	0	0	0	0	0	0	0	0	0	0	0	0	0	0	13	0	0	0	0	34	0	0	0	0	0	0	0	0	17	0	0	11	0	8	0	0	0	0	0	0	0	0	0	0	17	0	0	0	0	0	0	0	0	0	0	0	0	0	0	0	0	0	0	0	0	17	0	0	0	0	0	0	0	0	14	20	7	15	0	0	0	0	0	0	0	0	0	0	0	0	0	0	0	0	0	0	6	16	0	16	0	0	13	0	0	0	0	0	8	0	0	0	15	0	0	0	0	14	16	0	0	0	0	0	0	0	0	0	0	0	0	0	10	0	0	0	0	0	0	0	0	0	0	0	17	0	0	0	0	13	0	0	0	0	0	13	13	0	0	0	0	0	0	0	0	0	0	0	0	0	0	0	0	0	0	0	0	0	0	0	11	0	0	0	0	15	0	12	0	0	0	0	0	0	0	0	17	0	0	0	0	0	0	2	0	0	0	0	0	0	0	0	0	0	0	0	0	0	0	0	0	0	0	0	0	0	0	17	8	0	0	0	0	0	0	0	0	0	0	0	0	0	0	0	0	0	0	0	0	0	0	0	0	8	9	0	0	0	0	0	0	0	0	0	0	0	0	0	0	9	13	0	0	0	0	10	0	0	0	0	0	0	32	16	18	12	0	0	0	0	0	0	0	0	0	0	0	0	0	0	0	0	0	0	0	0	27	13	0	0	12	0	0	0	0	0	13	14	0	0	0	0	0	0	0	0	0	0	0	0	0	0	0	20	0	0	0	0	0	0	0	0	19	0	0	0	0	0	0	0	0	0	0	0	0	0	0	0	0	0	0	0	10	0	0	0	16	0	17	0	0	0	0	9	0	0	0	0	0	0	0	0
0	0	0	0	11	0	0	0	0	0	0	0	0	0	0	0	0	0	0	0	0	0	0	0	0	0	0	0	0	9	0	0	0	0	0	0	0	0	0	12	0	0	0	0	0	0	0	0	0	0	0	0	0	0	0	18	0	0	0	0	0	0	0	10	14	0	18	0	0	0	0	5	0	0	0	0	9	0	0	0	0	0	0	0	0	0	0	0	0	0	0	0	0	0	0	0	0	0	0	0	0	0	0	0	0	0	0	0	0	0	0	0	0	0	0	0	0	15	0	10	0	0	0	0	0	0	18	0	0	0	0	0	0	0	0	0	0	0	14	0	0	0	0	0	13	0	0	0	0	0	0	0	0	0	17	10	0	0	0	11	4	0	0	0	0	0	0	0	0	0	0	0	0	0	0	0	0	0	0	0	0	0	0	0	0	0	9	0	0	0	0	0	0	0	0	0	0	0	0	9	12	7	27	26	11	0	0	0	0	0	0	0	0	0	0	0	16	0	0	0	0	0	0	0	0	0	0	0	0	0	0	0	12	0	0	0	0	0	16	0	0	0	0	0	0	0	0	0	19	9	0	0	0	0	0	23	0	0	16	0	0	0	0	0	0	0	0	0	0	0	0	0	0	3	0	0	0	9	0	11	0	0	0	0	0	0	0	0	0	0	0	0	0	0	0	0	0	0	0	0	0	0	0	0	0	0	0	0	10	0	11	0	0	0	0	0	0	10	0	0	0	0	17	26	19	0	8	0	0	0	0	0	0	0	16	15	22	20	13	14	0	0	0	0	0	0	0	0	0	0	0	0	0	0	0	0	0	0	0	0	17	0	0	0	0	0	0	0	0	0	0	0	0	15	0	0	0	0	0	0	0	0	3	0	0	0	0	0	9	0	9	0	0	0	0	0	0	0	0	0	0	0	0	0	0	0	0	0	0	0	0	0	14	0	0	16	0	0	0	0	0	0	0	0	0	0	0	0	17	0	0	0	0	0	0	0	0	12	0	0	0	0	0	0	0	0	0	29	8	0	0	0	0	0	0	0	12	0	0	0	0	16	0	0	17	7	0	0	0	0	27	14	0	0	0	0	0	17	0	0	0	0	0	0	0	0	0	0	2	0	0	18	0	0	0	0	11	0	0	0	0	0	0	0	0	0	0	0	0	0	0	0
0	0	0	0	0	0	0	0	0	17	0	9	18	0	0	16	0	0	0	0	0	0	0	0	0	0	16	0	0	0	0	0	0	0	0	0	0	0	0	0	0	0	0	0	0	0	0	0	0	12	0	0	0	0	0	12	0	0	0	0	0	0	0	0	0	0	12	0	0	0	0	12	31	17	0	0	0	0	0	0	0	0	0	9	0	0	32	0	0	0	0	0	0	0	0	0	17	38	18	16	17	15	14	0	0	0	11	0	0	0	0	0	0	0	19	0	0	0	0	0	20	0	0	0	0	0	7	0	0	0	0	0	0	0	0	0	0	0	0	0	0	0	0	0	0	0	0	0	0	0	0	0	0	0	0	0	0	0	0	13	7	0	0	0	0	0	0	0	0	0	0	0	0	0	0	0	0	0	0	0	0	0	0	18	0	0	0	0	5	0	0	5	0	0	0	0	0	0	0	0	10	11	0	0	0	0	18	0	0	0	0	0	0	0	0	0	6	0	10	0	0	0	23	16	0	0	0	0	0	0	0	0	0	0	0	0	18	0	0	0	0	0	14	15	0	0	0	0	0	18	0	0	0	0	0	26	0	0	6	0	0	0	0	0	17	17	0	0	0	0	0	0	0	13	0	0	0	0	0	0	0	10	0	0	13	15	0	0	0	0	0	16	9	0	0	0	0	2	0	0	0	0	14	0	0	0	0	0	0	17	28	0	10	0	0	0	0	0	0	0	16	0	0	0	0	0	0	0	18	0	0	0	0	0	0	0	0	11	14	24	20	18	19	18	0	0	17	0	0	0	0	0	0	0	0	0	0	17	0	0	0	0	0	0	0	0	0	0	0	17	0	0	0	0	0	0	0	0	0	0	0	0	0	0	0	0	0	0	5	0	0	0	0	0	0	0	0	0	0	14	0	0	0	0	0	0	0	0	0	23	28	17	0	0	0	0	0	0	0	0	0	0	0	0	0	0	3	18	0	0	0	0	0	0	13	0	0	0	0	0	0	0	0	0	0	0	0	0	0	0	0	0	0	0	0	19	8	0	0	0	9	0	0	9	0	0	22	0	0	0	0	0	0	0	0	0	0	0	0	0	0	0	0	0	0	0	0	0	19	0	0	14	14	0	0	0	16	0	0	5	0	0	0	0	0	0	17	10	9	0	0	0
0	0	0	17	0	0	0	0	0	0	0	0	0	0	14	0	0	0	0	0	15	0	0	0	13	17	0	0	10	0	0	0	0	0	0	0	0	0	0	0	0	0	0	0	12	0	0	0	0	0	0	0	0	0	0	11	0	0	0	0	0	0	0	0	0	0	0	0	0	0	0	0	0	0	0	0	0	10	0	0	0	0	0	0	0	0	14	18	0	0	0	15	0	0	0	0	44	0	0	0	0	0	0	0	0	0	0	0	0	0	0	0	0	0	0	0	0	0	0	0	6	0	0	0	0	0	0	0	0	0	0	0	0	0	0	0	0	0	0	0	18	0	0	0	0	0	0	0	0	0	0	0	0	0	0	0	0	0	0	0	0	0	11	0	0	0	0	0	0	0	0	0	0	0	0	0	0	0	0	0	0	17	15	15	16	14	0	0	14	0	0	2	0	0	0	0	0	5	0	0	0	0	0	0	0	0	0	0	0	0	0	16	8	0	0	0	0	0	0	0	0	0	7	0	16	0	0	0	0	0	0	0	0	0	0	0	0	0	0	0	0	0	0	0	0	0	0	0	0	17	0	0	0	0	0	17	8	0	0	0	0	0	0	0	0	0	0	0	0	0	0	16	0	18	0	0	0	17	0	0	0	0	0	0	18	0	0	0	0	0	0	0	17	0	0	0	13	13	0	0	0	0	10	0	0	0	0	0	0	19	11	0	0	0	0	0	0	18	7	0	6	0	0	0	0	0	0	0	0	0	0	0	14	11	0	0	0	0	0	0	0	12	30	20	17	12	0	0	10	0	0	0	0	0	0	0	0	0	0	0	0	0	0	0	0	7	0	0	0	0	0	0	0	0	0	0	15	0	0	0	0	0	0	0	0	0	0	0	0	0	0	10	17	0	0	11	0	0	0	13	0	0	0	0	0	0	0	0	0	0	15	11	0	0	0	13	13	0	0	0	0	0	0	0	0	0	0	25	0	0	0	6	15	0	0	0	0	0	0	0	0	0	0	0	0	0	18	0	0	0	0	0	0	0	0	0	0	0	0	9	16	0	0	0	0	0	40	5	16	0	0	0	0	0	0	0	0	16	10	0	0	0	0	0	0	0	0	0	0	10	0	0	11	0	0	13	12	0	0	0	0	0	0	0	0	0	0	0	11	0	0	0
0	17	7	0	0	0	0	0	0	0	0	0	0	0	0	0	0	0	0	0	0	0	0	0	0	0	11	14	0	0	0	0	0	0	0	0	0	0	0	0	0	0	0	0	16	0	0	0	0	0	0	0	0	0	0	0	0	0	0	0	0	0	0	0	0	0	0	0	0	0	9	0	0	0	13	0	0	18	0	0	0	0	0	0	0	0	0	0	0	0	0	0	0	0	0	0	19	0	0	0	0	0	0	0	0	0	0	0	0	16	15	0	0	0	0	0	0	10	0	0	20	0	0	0	7	0	0	0	0	0	0	0	15	0	13	12	0	0	0	0	0	0	0	0	0	0	0	0	0	0	15	0	0	0	0	0	0	0	0	0	0	0	0	0	0	0	1	0	0	0	0	0	0	17	0	0	9	14	0	0	0	0	14	0	0	17	0	0	0	0	0	0	0	0	0	0	0	22	0	0	0	0	0	0	0	0	12	0	0	0	0	0	0	0	0	0	0	16	0	0	0	0	0	0	0	0	17	0	0	0	0	0	16	0	0	0	0	0	0	0	0	0	0	0	0	0	0	0	0	0	10	0	0	0	0	0	18	0	0	20	0	0	0	0	0	26	17	15	0	0	0	0	0	0	0	0	0	0	0	0	0	0	0	0	0	0	0	0	0	27	11	0	0	0	0	0	0	0	0	0	0	0	0	0	0	0	0	0	0	16	12	0	0	0	0	0	0	0	0	0	10	11	0	0	0	0	0	0	0	0	0	0	0	6	0	0	0	16	0	0	0	0	0	0	0	0	0	0	0	0	0	17	0	0	0	0	16	24	44	0	0	0	0	0	15	44	10	0	0	0	10	15	0	0	0	0	0	0	0	0	0	0	0	10	13	0	0	0	0	0	0	19	19	0	0	17	0	0	0	0	0	0	0	0	11	0	0	0	0	15	23	0	0	14	0	0	14	0	0	0	17	0	0	0	0	0	0	0	0	0	0	0	0	0	0	0	0	0	0	0	0	0	0	0	0	0	48	0	0	0	0	7	0	0	15	0	0	0	5	14	0	0	0	0	0	0	0	0	2	0	0	0	0	20	0	0	0	0	0	0	9	0	0	0	0	0	0	11	15	0	0	4	6	0	0	0	0	12	0	0	0	0	0	0	0	0	0	0	0	0	0	0
0	0	0	0	0	0	0	0	0	16	0	0	16	12	0	0	0	0	8	0	0	0	0	0	0	0	13	16	8	0	11	0	0	0	0	0	0	0	0	0	0	0	0	0	0	0	0	0	0	0	0	0	0	0	0	0	0	0	0	0	0	0	0	17	0	0	0	0	0	0	7	0	0	0	12	0	16	0	0	0	0	0	0	0	0	0	0	0	0	0	0	12	0	0	0	0	0	0	0	0	0	0	0	0	0	0	0	0	0	0	0	0	0	0	0	0	0	10	12	0	0	0	0	0	0	0	0	0	0	0	0	10	14	0	15	0	0	0	0	0	0	0	0	0	0	0	0	0	0	0	0	0	0	0	0	0	0	0	0	0	0	0	0	0	0	0	0	0	16	0	0	0	0	0	0	0	0	0	10	0	0	0	0	0	0	10	11	0	0	0	0	0	0	0	0	0	0	17	0	0	0	0	0	0	0	16	16	0	0	0	0	0	0	0	0	0	0	0	0	0	0	16	12	0	0	0	13	11	0	16	0	0	0	0	18	0	0	0	0	14	13	12	30	0	0	0	0	0	0	0	0	0	0	0	0	0	0	0	0	0	9	0	0	0	0	11	16	0	16	17	13	0	0	0	0	0	0	0	10	0	0	0	0	0	0	0	0	0	0	0	0	0	0	0	0	0	0	0	0	0	0	0	0	0	0	0	0	0	0	14	0	0	0	0	0	0	0	19	0	0	17	0	20	0	0	0	0	0	0	0	0	0	0	6	0	0	0	4	0	0	0	0	0	0	0	0	0	0	0	0	0	0	17	0	0	0	15	0	14	0	0	0	0	0	22	19	0	0	12	0	0	8	0	0	0	0	0	0	0	0	0	0	0	0	0	0	13	9	0	7	17	0	0	0	0	0	0	0	8	0	0	0	0	12	0	0	0	0	0	18	0	0	0	15	0	0	10	0	0	0	15	0	0	0	0	0	0	0	0	0	0	0	0	0	0	0	0	0	0	0	0	0	16	17	18	18	32	0	0	0	10	13	0	0	0	0	0	0	0	0	14	0	8	0	0	0	0	0	0	0	0	0	0	0	0	0	0	0	0	0	0	0	0	0	0	0	0	0	12	0	0	0	0	0	0	11	0	0	0	0	0	0	0	0	0	0	0	0	0	0	0	0
0	0	0	0	0	0	0	0	0	11	0	0	0	0	0	0	0	0	0	0	0	0	18	0	0	0	0	0	0	0	0	0	0	0	0	0	0	14	13	0	19	0	0	0	0	0	10	0	10	0	0	0	0	0	16	0	0	0	0	0	0	0	0	0	0	6	8	0	0	0	13	9	13	0	0	15	0	0	0	0	0	0	0	0	12	0	6	15	0	7	0	0	0	0	0	0	0	0	0	0	12	0	0	0	0	17	0	0	12	0	0	0	0	0	0	0	0	0	6	0	0	0	0	0	0	0	0	0	0	0	0	0	0	0	8	0	0	0	0	0	0	0	0	0	0	0	0	0	0	0	0	0	0	0	0	0	0	0	0	0	0	0	0	13	0	0	0	0	0	0	0	16	0	0	0	8	0	0	0	10	0	0	0	0	0	10	13	0	0	0	0	0	0	0	0	0	0	0	0	18	0	0	0	11	0	0	0	0	0	0	0	0	0	0	0	0	0	0	0	0	0	0	0	0	0	0	0	0	17	9	0	0	0	0	0	0	0	0	0	8	0	0	16	0	0	0	0	11	0	0	0	13	0	0	0	12	0	0	0	0	0	0	0	0	0	0	0	0	0	0	14	19	16	6	0	0	0	0	0	0	0	0	0	0	0	0	0	0	0	0	9	0	0	0	0	0	16	0	0	0	17	0	0	0	0	0	0	0	0	0	0	0	0	0	0	0	16	0	0	0	0	0	0	0	0	0	0	0	0	0	0	0	0	13	0	5	0	0	0	0	0	0	0	0	0	0	0	0	0	14	0	0	0	0	0	0	27	0	0	0	4	0	0	5	20	18	0	0	0	0	0	0	0	0	0	0	0	0	10	0	0	0	0	0	0	0	0	0	0	0	12	14	0	0	0	0	0	0	18	0	16	15	0	0	0	0	0	0	39	8	0	0	16	0	0	0	0	0	0	0	0	0	0	0	0	0	0	0	0	0	0	0	0	0	0	0	0	0	0	0	10	18	19	14	0	0	15	24	10	0	0	0	0	0	0	12	0	0	0	0	8	0	0	0	0	0	0	0	0	0	0	0	10	0	0	7	0	0	12	0	0	0	0	0	0	0	0	0	0	0	0	0	0	0	0	11	0	0	0	0	0	0	0	0	0	0	0	0	0	0	0	0
0	0	0	0	0	0	0	0	0	12	16	0	0	0	0	0	0	0	0	0	0	0	0	0	0	0	0	0	0	0	0	0	0	0	0	0	10	0	0	0	0	0	15	0	0	0	0	0	15	0	0	0	22	0	0	0	13	4	0	0	0	0	0	15	12	0	14	0	0	0	0	0	12	0	0	0	0	0	0	0	0	0	0	0	0	0	0	0	0	0	0	0	0	0	0	0	11	0	0	0	0	0	0	0	0	0	0	0	14	0	0	0	0	0	0	0	0	0	6	0	9	0	0	16	0	0	0	0	0	0	0	0	0	0	0	0	0	0	12	11	0	0	0	0	0	0	0	0	0	0	0	0	0	7	14	0	0	0	0	0	0	0	0	7	0	0	0	0	0	0	0	0	0	0	0	0	6	0	0	0	17	0	0	0	16	0	18	0	0	0	0	0	0	0	0	0	0	0	0	0	0	0	0	0	0	0	15	0	0	0	0	0	0	0	16	13	0	0	0	0	0	0	0	0	0	0	0	0	0	0	16	0	0	0	0	0	0	0	9	18	0	0	0	0	0	0	0	0	0	0	0	14	0	0	0	0	0	0	0	0	0	0	0	0	0	0	0	18	11	0	0	0	24	12	0	0	0	0	19	0	0	0	0	0	0	0	0	0	0	0	0	0	0	0	0	0	0	0	0	0	0	0	0	0	0	0	0	11	0	0	0	0	0	0	0	0	0	0	0	0	0	0	0	0	0	0	0	0	0	0	0	0	0	13	0	0	0	0	0	0	18	0	0	0	0	0	0	0	0	0	0	0	0	8	0	0	0	0	0	0	15	9	0	33	20	0	0	0	0	0	0	0	0	0	0	0	0	0	0	0	0	0	0	0	0	0	28	11	0	0	0	0	0	0	0	0	0	0	0	0	27	0	0	0	0	0	0	28	83	14	0	0	0	0	0	0	0	0	0	0	0	0	0	0	0	0	0	0	0	0	0	0	0	0	0	0	0	0	0	0	0	20	19	0	0	0	4	16	10	11	0	0	0	0	0	15	0	0	0	0	0	0	0	0	0	0	0	0	0	0	0	0	0	6	0	0	16	10	0	0	0	0	0	0	0	0	0	0	9	0	0	0	0	0	0	16	0	0	0	0	0	0	0	0	9	0	0	0	0	0	0	0
0	0	12	0	0	0	18	0	29	15	0	0	0	13	14	0	16	16	0	0	0	0	0	0	0	0	15	0	0	0	0	0	0	0	0	0	10	0	0	0	0	11	15	0	0	0	0	0	0	14	14	0	0	33	8	0	12	9	0	0	11	13	0	15	0	0	0	0	16	0	0	0	0	0	0	0	0	0	0	0	0	0	0	0	0	0	0	0	0	0	0	0	0	0	0	0	0	0	0	0	0	0	0	0	0	0	0	0	0	0	0	0	0	0	0	0	0	0	0	0	0	0	0	0	0	0	0	0	0	0	0	0	0	0	0	0	0	0	0	0	0	0	0	0	0	0	0	0	15	0	0	0	0	0	9	0	0	0	0	0	0	19	0	0	0	0	0	0	0	0	18	0	0	0	0	0	16	0	0	0	0	0	0	0	11	0	0	18	14	17	36	15	15	15	15	16	10	17	0	0	0	0	0	0	13	0	0	0	11	0	0	0	0	0	18	0	0	0	0	0	0	0	0	0	0	0	0	0	0	0	0	0	9	17	0	0	0	10	0	0	0	0	0	0	0	8	0	10	0	0	0	0	0	0	0	0	0	0	20	0	0	0	0	0	0	0	0	11	0	0	0	0	16	0	0	0	0	0	0	0	0	0	0	0	0	0	0	0	0	0	0	0	0	0	0	0	0	14	0	0	0	0	0	0	12	11	0	0	0	0	0	0	0	0	0	0	6	0	0	0	0	0	0	0	0	0	0	0	0	0	0	0	0	0	0	0	0	0	0	0	0	0	0	0	0	13	0	0	0	0	18	0	0	0	0	0	0	0	0	0	0	13	5	15	19	0	0	0	0	0	0	0	0	0	18	0	0	0	0	18	0	0	0	0	0	0	8	0	0	0	0	0	0	0	0	0	10	0	0	0	4	0	0	0	0	0	12	19	0	0	0	0	0	0	0	0	0	11	0	0	0	0	0	0	0	0	0	0	0	0	0	0	0	0	0	12	0	0	9	0	0	0	0	0	16	15	16	14	13	0	0	0	0	0	0	0	0	0	13	0	0	18	27	19	15	0	0	0	0	0	10	0	0	23	0	0	0	0	0	0	0	0	0	0	0	0	0	16	12	17	0	0	0	0	0	0	0	12	0	0	0	0	0	0	0	0	0	0	0	0	0	0
0	0	16	0	0	0	0	0	13	0	0	0	0	0	17	0	0	0	0	0	0	13	0	0	0	0	0	11	0	0	0	0	0	8	0	0	0	0	0	0	12	14	0	0	18	0	0	0	0	0	0	0	18	9	0	0	3	0	0	0	0	0	0	0	0	0	0	0	0	0	0	0	0	0	0	0	0	0	0	0	0	0	0	0	0	0	0	0	0	13	0	0	0	0	0	20	0	0	0	0	0	0	0	0	0	0	0	0	0	0	0	0	0	0	0	0	0	12	0	0	0	0	0	0	0	0	0	0	0	0	0	0	0	0	0	0	0	0	9	0	0	0	0	0	14	11	8	16	0	0	0	0	19	16	0	0	0	0	0	0	0	0	0	0	0	0	0	0	0	0	0	0	0	0	0	0	0	0	0	0	0	0	0	0	0	0	0	0	18	7	9	0	0	0	7	7	16	14	18	13	0	0	0	0	0	0	0	0	0	0	0	0	0	0	0	3	7	0	13	13	0	0	0	0	0	0	8	0	0	0	0	0	0	0	0	0	0	0	0	0	0	0	0	0	9	12	16	0	0	0	0	0	0	0	0	16	0	0	0	0	0	0	19	1	0	0	0	0	0	0	0	0	0	16	0	0	0	0	0	0	0	0	0	0	0	11	0	14	0	0	0	0	0	14	10	0	18	12	0	0	0	0	0	0	0	0	0	0	0	0	0	0	0	0	0	0	14	0	0	0	0	0	0	0	0	0	0	0	0	0	0	0	0	0	0	0	0	0	0	0	0	0	0	0	18	10	0	0	0	0	0	0	0	10	0	0	0	0	0	0	15	0	0	0	20	0	0	17	0	0	0	0	0	0	0	0	0	0	0	0	0	11	11	0	0	0	0	0	0	10	16	0	0	0	0	0	14	0	0	0	2	0	0	13	6	0	20	0	0	0	0	0	0	0	0	0	19	0	0	0	0	0	0	0	18	0	0	0	0	0	0	0	0	0	0	0	0	0	0	0	0	0	0	0	0	1	0	34	0	0	0	0	0	0	0	0	0	0	13	0	0	0	22	0	12	0	16	0	0	0	0	0	0	0	0	0	0	0	0	0	0	0	0	0	0	0	0	0	0	0	0	0	0	0	0	0	15	8	0	0	0	0	0	6	0	0	28	12	8	17	0	0
0	0	0	0	0	0	0	0	0	0	0	0	0	0	0	0	13	0	0	0	0	0	0	0	0	0	0	0	0	0	0	0	0	0	0	0	10	0	0	0	0	12	0	14	0	16	14	0	0	0	0	0	0	0	0	0	0	0	6	0	0	0	0	0	0	0	0	0	0	0	0	0	0	0	0	0	0	0	0	0	0	0	0	0	0	0	0	0	0	23	0	0	0	0	0	0	0	0	0	0	0	0	0	0	0	0	0	0	10	0	14	0	0	0	0	0	0	0	0	0	0	0	0	0	16	0	0	0	0	0	0	0	0	0	0	0	0	0	18	11	0	0	0	17	0	0	17	0	0	0	0	0	0	9	0	0	0	0	0	9	12	0	0	0	0	0	0	0	0	0	6	16	0	0	19	0	0	3	0	0	0	0	0	0	0	0	0	0	0	0	0	0	0	0	0	0	0	0	0	9	34	0	0	0	0	0	0	0	0	0	0	15	0	0	0	0	28	0	18	24	12	0	0	0	16	16	0	0	0	0	0	0	0	0	16	0	0	0	0	0	0	0	0	0	0	0	0	15	0	0	0	0	0	0	0	11	0	0	0	0	0	0	0	16	0	0	0	9	0	0	0	0	0	0	0	0	0	6	18	0	0	0	0	0	18	0	0	19	0	0	0	0	0	0	5	0	0	0	0	0	0	0	0	0	0	0	0	0	0	15	9	0	0	0	0	0	0	0	0	0	0	0	0	0	0	0	0	0	0	0	15	0	0	0	0	0	0	0	12	0	0	0	0	15	24	0	0	0	0	0	0	13	15	0	18	0	15	0	12	0	0	0	0	0	17	8	0	0	0	0	0	0	9	16	0	0	0	0	0	0	0	0	0	0	18	0	0	0	0	0	10	0	0	0	0	0	13	0	0	0	0	0	0	0	0	16	0	0	0	0	0	0	0	0	0	0	19	0	0	0	0	0	0	0	0	0	0	0	0	0	0	0	0	0	0	0	0	0	0	0	0	0	0	0	14	0	0	28	10	17	0	0	0	0	0	0	0	0	0	0	0	0	0	0	0	12	11	0	0	0	17	11	0	0	0	0	0	0	0	0	0	0	0	0	0	0	0	0	12	16	16	0	0	0	0	0	0	0	0	0	0	8	0	0	0	0	0	0	0	0	0	0
0	0	0	0	13	16	0	0	11	0	0	0	0	0	0	0	0	0	0	13	0	0	0	0	0	0	0	15	0	0	0	0	0	0	0	0	0	0	0	0	0	17	17	14	0	0	0	0	0	0	0	0	0	0	0	0	0	0	16	0	0	0	0	0	0	0	9	5	0	0	0	12	0	0	0	0	13	0	0	11	0	0	0	0	0	0	0	0	0	0	0	0	0	0	0	0	0	0	0	0	0	0	0	0	0	15	0	0	0	0	0	0	0	0	0	10	0	0	0	0	0	0	0	0	0	16	0	0	17	0	0	0	0	0	12	0	0	0	13	15	0	0	0	0	0	0	0	0	0	0	0	0	0	0	0	0	0	0	9	0	0	0	0	0	0	0	0	0	0	0	0	0	0	16	13	0	0	0	0	0	0	0	0	0	0	0	0	0	0	0	0	0	0	0	0	0	0	0	0	0	0	16	0	0	0	0	0	0	0	0	0	14	0	0	0	0	0	0	0	0	0	18	0	0	0	0	0	15	10	0	0	0	0	0	0	0	0	10	0	0	0	0	0	0	0	6	15	0	0	0	0	19	0	0	0	17	0	0	0	0	0	0	15	15	0	0	0	0	0	0	0	0	0	0	0	0	27	0	0	0	0	0	15	0	0	0	0	0	10	0	0	0	0	0	15	0	0	0	0	0	0	0	0	0	0	0	0	0	0	0	0	0	20	0	0	10	16	0	0	0	0	0	0	0	0	0	0	0	0	0	3	0	0	0	0	0	0	0	0	0	0	0	0	0	0	0	0	0	0	0	15	12	0	0	0	0	0	0	14	0	0	0	16	0	17	16	0	0	0	0	0	0	0	0	0	0	0	0	0	0	0	0	15	0	0	0	0	0	0	0	0	0	0	0	0	0	13	0	0	0	0	0	0	0	14	15	0	0	0	0	0	0	0	0	0	0	0	0	0	0	0	0	5	0	9	0	0	0	0	19	0	0	0	8	0	0	0	0	0	0	0	0	0	0	0	0	9	13	0	0	0	0	0	18	0	0	0	0	0	0	0	0	30	26	0	2	0	0	0	0	0	0	0	4	0	0	0	0	0	0	0	0	5	0	0	0	0	0	0	0	0	0	0	0	18	0	0	0	12	0	0	16	0	0	0	0	0	0	0	0	0	0
0	0	0	0	0	0	21	0	13	0	10	0	0	15	0	0	0	0	9	0	0	12	0	0	0	0	0	0	0	0	0	0	12	0	0	0	0	0	0	0	0	0	8	0	0	0	0	0	0	0	0	0	0	0	0	0	0	0	0	0	0	0	0	0	6	0	11	7	0	0	0	0	0	0	0	2	12	0	0	0	0	0	0	0	0	0	0	8	0	0	0	0	0	0	0	0	0	0	0	0	0	0	0	0	0	0	0	0	0	0	0	0	0	0	0	0	0	0	0	0	0	0	0	14	0	0	0	0	0	0	0	0	0	0	6	0	10	0	0	0	0	0	0	15	0	0	0	0	0	0	10	0	0	0	0	0	0	20	19	0	0	0	16	0	0	7	0	0	0	0	0	0	0	0	0	0	15	15	0	0	18	0	9	16	0	0	0	18	0	0	0	0	0	0	0	0	0	0	0	0	0	0	15	0	0	0	0	0	0	0	0	0	0	0	0	0	19	0	0	0	0	0	0	0	0	0	0	12	11	0	0	0	4	0	0	18	0	0	0	0	0	0	0	0	0	0	0	0	0	0	0	0	0	0	0	0	0	0	0	0	0	0	0	0	0	0	0	0	0	0	0	20	0	16	0	0	0	0	0	0	0	0	0	0	0	0	0	0	10	6	0	0	0	0	12	0	0	0	0	0	0	0	0	0	0	0	0	0	0	0	0	0	0	0	0	0	0	10	0	0	19	0	0	18	6	0	13	11	0	0	0	0	0	0	0	0	0	0	0	0	15	0	0	0	0	0	0	0	0	0	0	0	0	0	0	0	0	0	0	0	0	0	0	0	5	16	0	0	0	0	0	0	0	0	0	0	0	0	0	0	10	17	0	0	0	0	12	0	0	0	19	0	0	0	0	0	0	0	0	0	0	0	0	15	15	0	0	0	0	0	0	12	15	15	0	0	11	0	0	7	0	0	15	9	0	0	0	0	0	0	0	0	0	0	0	0	0	0	0	0	0	0	0	0	0	0	17	0	0	1	0	0	0	0	0	0	17	0	0	0	0	0	13	17	16	0	10	17	10	0	14	0	0	0	0	0	0	0	0	0	0	0	7	0	0	0	0	0	8	14	0	0	0	0	0	0	0	0	0	17	0	0	0	0	0	0	0	0	0	0	0	0
14	0	0	0	16	0	0	0	0	0	0	14	0	0	0	0	0	0	0	0	0	0	0	0	0	0	0	0	0	0	0	0	35	12	7	0	0	0	8	0	0	0	0	0	0	27	0	0	15	12	0	0	0	0	16	0	0	17	0	0	0	0	0	0	0	0	18	0	0	0	0	0	0	0	0	0	0	0	0	0	0	0	0	0	0	0	0	0	0	0	0	0	0	0	0	0	0	0	0	0	0	13	0	16	0	0	0	0	0	0	0	8	0	16	0	0	0	0	0	0	0	0	0	0	18	0	0	0	0	0	0	0	0	0	15	0	0	0	0	0	0	0	0	0	12	0	0	0	0	0	16	0	0	0	0	0	0	0	0	0	0	10	0	0	10	14	0	0	0	0	0	0	0	0	0	0	0	0	0	0	0	0	0	0	0	11	0	0	0	0	0	0	14	0	0	0	0	0	0	0	0	0	7	0	0	0	0	0	0	0	0	0	16	12	0	0	0	0	0	0	0	0	0	0	0	0	13	0	0	0	0	0	7	0	0	0	0	0	0	0	0	0	0	0	0	0	0	0	19	0	0	0	0	0	0	17	0	0	0	0	0	0	0	0	0	0	0	0	0	9	20	9	0	8	15	13	0	0	0	0	0	0	0	0	18	268	0	0	7	0	0	16	19	14	0	0	0	0	0	0	0	0	0	0	0	0	0	11	0	0	26	0	0	0	0	0	10	0	8	0	0	0	0	0	16	0	8	0	0	5	0	0	0	0	0	0	0	0	0	0	0	0	0	0	0	0	0	0	0	0	0	0	0	0	14	0	0	0	0	0	17	0	0	0	0	0	0	20	13	0	0	0	0	0	0	0	0	0	0	0	16	23	0	0	0	0	0	0	0	0	0	0	0	0	0	0	0	0	0	0	0	0	0	17	0	0	0	0	0	0	0	0	0	8	0	0	15	8	0	10	0	0	0	0	0	12	32	11	0	0	30	16	0	0	0	0	0	0	0	0	0	0	0	0	19	16	17	0	0	0	0	0	0	0	0	0	0	0	0	0	0	0	0	0	0	0	0	0	0	0	0	0	0	0	0	0	0	0	0	0	0	0	0	0	0	0	0	0	0	0	11	0	0	0	0	0	0	19	0	17	0	15	0	0	0	0	0	0	0	0	0	0
0	0	0	17	0	0	0	0	0	0	0	24	0	0	0	0	0	0	0	0	0	8	0	0	0	0	0	0	0	0	0	0	0	10	0	0	0	0	10	0	0	0	0	0	0	0	11	0	0	0	14	0	0	0	12	0	0	0	0	0	0	0	0	0	0	0	0	18	0	0	0	0	0	0	0	12	0	0	0	12	16	0	0	0	3	0	14	0	0	0	17	0	0	0	0	0	0	0	0	0	0	11	0	0	0	0	0	0	0	0	0	0	0	0	0	0	0	0	0	0	15	0	0	0	11	0	0	0	0	0	0	0	0	18	0	0	0	0	0	0	0	0	0	0	14	0	16	7	0	17	0	0	0	0	0	18	0	0	0	0	0	7	0	8	0	0	0	0	0	0	0	10	0	0	0	16	0	7	0	0	0	0	0	0	0	0	0	0	0	0	0	0	0	0	0	0	0	0	0	0	0	0	0	0	0	0	0	16	10	0	0	0	7	0	0	0	0	0	0	0	0	0	9	0	0	0	0	0	0	0	0	0	0	0	17	0	0	0	0	9	0	0	0	0	0	0	0	15	0	0	0	0	0	0	0	0	9	0	0	14	0	0	0	0	0	0	0	0	0	0	30	33	3	0	11	17	0	12	11	0	0	0	0	0	0	0	0	0	0	10	0	15	12	14	19	13	0	8	12	0	0	0	11	15	0	0	0	0	0	0	0	0	0	0	0	0	0	0	0	0	0	0	0	11	0	0	0	0	0	16	0	0	0	0	0	0	0	0	0	0	0	0	0	0	0	0	0	0	16	0	0	0	0	0	9	0	0	0	0	0	0	0	0	0	18	0	0	0	0	0	0	0	0	0	0	13	16	0	0	0	0	13	0	0	0	0	0	0	0	0	0	0	0	0	0	0	0	0	0	0	0	0	13	0	0	0	0	0	0	0	0	0	0	0	0	0	0	0	11	0	14	0	0	0	0	13	0	0	0	12	16	0	0	0	0	0	0	0	7	0	0	0	0	0	0	11	19	0	0	8	9	17	0	0	0	0	0	0	0	8	0	0	0	0	0	0	18	0	0	9	12	9	0	0	0	31	25	0	0	0	0	0	0	0	0	0	0	0	0	0	0	0	0	0	0	0	0	16	0	0	0	0	0	0	0	0	0	0	0	0	0	0
0	0	0	0	0	0	0	0	0	0	0	7	0	0	0	0	0	0	0	0	7	16	0	0	0	0	0	17	0	0	0	0	0	0	0	0	0	0	0	0	0	0	0	0	0	13	0	0	0	0	16	0	0	0	0	0	0	0	0	0	0	0	0	0	0	0	0	16	0	0	0	0	0	0	0	0	0	0	0	0	0	0	0	0	16	11	17	0	0	0	0	11	0	0	0	0	0	0	0	12	0	0	18	0	0	0	11	0	0	0	0	0	0	0	0	0	0	0	0	0	0	0	0	0	0	0	0	0	0	0	0	0	0	0	0	0	0	0	0	0	0	0	0	0	14	0	0	18	0	10	0	0	15	0	0	0	0	0	0	0	0	0	17	0	0	0	0	0	0	0	0	0	0	0	0	0	0	17	0	0	17	12	0	0	0	0	0	0	0	0	0	0	0	0	0	0	0	0	0	0	0	0	0	0	10	14	0	0	0	0	0	13	12	9	0	0	0	0	0	0	0	0	0	0	0	0	0	0	0	0	15	6	0	0	0	10	0	0	0	0	0	12	0	0	12	10	0	18	0	0	0	0	0	0	1	20	0	0	17	9	0	0	0	8	16	0	0	0	11	17	8	15	0	14	17	0	0	10	7	0	0	0	0	15	0	0	0	0	0	13	16	0	0	0	0	12	31	14	0	0	0	0	0	0	0	0	12	10	0	0	0	0	0	0	0	0	0	0	0	0	0	0	6	0	0	0	0	0	0	0	0	0	0	13	0	0	0	0	0	0	0	0	0	0	0	0	0	0	0	0	0	11	0	0	0	0	0	0	0	0	0	0	0	0	0	0	0	20	0	0	0	18	0	0	0	0	0	0	0	17	0	0	0	0	0	0	0	0	0	0	0	0	0	0	0	0	0	0	0	0	0	0	0	0	0	0	0	0	0	0	0	0	0	0	0	20	0	0	0	0	12	0	0	0	0	0	0	0	16	0	0	0	0	0	0	0	0	9	12	17	0	0	0	0	0	0	20	0	0	0	0	0	0	0	0	0	0	0	0	11	0	0	0	0	0	0	0	0	0	0	0	0	0	0	0	0	0	0	0	0	0	0	0	0	0	0	0	0	0	0	0	0	0	0	0	0	0	10	0	0	0	0	0	0	0	0	0	0	0	0	0	0
14	18	13	0	0	0	0	0	0	0	0	0	0	33	27	0	0	17	0	0	0	0	0	0	10	0	0	0	9	0	0	0	0	0	0	0	0	0	0	17	0	0	0	0	0	0	0	0	0	0	0	0	7	0	0	0	0	15	0	0	0	0	0	0	14	0	0	0	0	0	0	0	0	0	0	0	0	18	0	0	0	0	0	0	0	0	0	0	0	0	0	14	0	0	0	0	0	0	0	0	0	0	0	0	0	0	10	0	0	0	0	0	0	0	0	14	6	0	0	0	0	0	0	0	0	0	0	0	0	16	0	0	0	0	0	0	0	0	0	0	0	0	0	0	0	11	10	14	0	0	0	0	10	0	18	0	0	17	0	0	0	0	0	0	0	0	0	0	0	0	0	0	0	0	0	0	0	0	0	0	0	0	0	16	0	0	0	0	0	0	0	0	0	0	0	0	0	0	0	0	0	2	26	0	13	5	0	0	0	0	9	16	0	0	0	0	0	0	0	0	0	0	0	0	0	0	0	0	0	0	0	0	0	0	0	7	0	0	0	0	0	13	0	0	5	0	0	0	0	0	0	0	7	33	18	14	0	0	11	0	0	15	18	0	0	0	0	0	0	0	0	0	0	0	0	11	0	0	0	18	0	0	0	0	0	0	0	0	0	0	0	0	0	0	0	0	11	12	0	0	0	13	0	0	0	0	0	0	15	8	0	0	0	0	0	0	0	0	0	0	8	0	13	18	17	6	0	0	0	0	0	0	0	14	11	0	0	10	0	0	0	0	0	18	10	0	0	0	0	0	0	0	0	0	16	0	0	0	0	17	0	0	0	0	0	0	0	0	0	0	0	0	0	0	0	18	0	0	0	0	0	0	0	0	26	0	0	15	0	0	0	0	0	0	0	0	0	16	0	0	0	0	0	0	0	0	0	0	18	0	9	0	0	0	0	0	0	0	0	10	0	0	0	0	0	0	16	0	18	0	0	0	0	26	16	0	0	0	0	0	0	0	0	0	0	0	18	0	0	19	0	0	15	0	0	0	0	0	0	0	0	0	0	0	6	0	0	0	0	0	0	0	0	0	0	0	0	0	0	0	0	0	0	0	0	0	0	0	0	0	0	0	0	0	0	0	0	0	0	0	0	0	12	0	0	0	0	0	0	0	0	0
0	0	0	0	0	0	17	0	11	0	15	0	0	0	0	11	0	0	0	0	0	0	0	0	0	0	0	0	0	0	0	0	0	0	0	0	0	0	0	0	0	0	0	16	0	0	0	0	0	0	11	0	13	0	0	0	0	12	0	0	0	17	0	0	12	0	0	0	0	0	0	9	10	0	0	34	3	0	0	0	0	0	0	0	0	0	0	0	0	0	0	0	0	0	0	0	0	0	0	0	0	0	0	16	0	0	0	0	0	0	0	0	0	0	0	0	0	0	0	0	0	0	11	0	17	16	0	0	0	9	0	0	0	0	18	0	0	0	10	0	0	0	13	0	0	0	0	0	0	0	12	0	0	0	0	0	0	0	0	0	0	0	0	0	0	0	0	0	0	0	15	0	0	0	0	12	0	0	0	0	0	0	0	8	0	0	0	0	0	16	29	29	19	0	0	0	0	0	11	0	0	0	12	0	0	0	0	0	0	0	0	0	0	0	0	0	0	0	0	0	0	0	0	0	0	0	0	0	11	0	0	0	0	0	0	3	0	0	0	0	0	0	0	0	0	0	0	0	0	0	0	0	31	0	0	17	0	0	0	0	0	13	0	0	20	0	0	0	0	0	0	0	0	0	0	13	0	0	0	0	0	0	0	7	0	0	0	0	0	0	0	0	0	0	0	0	0	0	0	0	0	15	0	0	0	0	0	0	0	0	0	0	0	0	0	0	0	0	0	0	0	0	0	0	0	18	0	0	0	0	0	0	0	0	0	0	0	0	0	0	0	0	0	15	0	0	0	0	0	0	0	0	0	0	11	0	0	0	0	0	0	0	0	16	0	0	0	0	0	0	0	0	0	0	0	0	0	0	0	0	8	0	0	0	0	0	0	0	0	0	0	0	0	0	0	0	0	0	0	13	0	0	0	0	0	0	0	0	0	0	0	0	10	0	0	0	0	0	0	14	0	0	0	14	10	0	0	0	0	0	0	0	0	0	0	0	17	0	0	0	0	0	0	0	0	0	14	24	15	0	0	0	0	0	0	0	16	0	5	0	0	0	0	0	16	8	0	8	0	0	0	0	0	0	0	0	0	0	0	0	0	0	0	0	0	0	0	0	0	0	0	0	0	0	0	0	0	0	0	0	0	0	14	0	0	0	0	0	0	0	0	0
0	0	0	0	0	6	11	0	0	0	0	0	0	0	0	0	12	14	0	0	0	0	0	0	0	0	0	29	10	0	0	0	0	0	0	16	0	13	10	0	0	0	11	16	0	0	0	0	0	12	23	0	0	0	11	10	0	0	0	0	0	0	0	0	0	0	0	0	0	0	0	16	16	0	7	9	0	0	0	0	0	0	0	0	0	0	0	0	0	0	0	0	16	0	10	13	3	0	0	0	7	0	0	0	10	0	0	0	0	0	0	8	12	8	0	0	0	0	0	11	14	0	6	0	0	0	0	0	0	10	18	24	20	21	17	16	16	0	0	0	0	0	15	15	0	0	0	0	0	17	0	32	0	0	0	0	0	0	0	0	19	0	0	0	0	0	0	16	10	0	0	0	0	0	0	0	0	0	0	0	0	7	5	16	0	0	0	0	0	0	0	17	13	0	0	0	0	0	0	0	0	0	0	19	0	15	0	0	0	0	0	0	0	0	0	0	0	10	0	0	0	0	0	0	0	0	0	0	0	0	0	0	0	0	0	8	11	0	0	0	0	0	0	0	0	0	0	0	0	17	0	0	0	0	0	0	0	0	0	0	0	0	0	0	0	17	0	0	0	0	0	0	0	0	0	0	0	12	13	15	0	0	0	0	18	0	0	0	0	0	13	0	0	0	0	18	0	0	0	0	0	3	13	0	0	0	0	0	0	0	0	0	0	0	0	0	0	0	0	11	0	0	0	0	0	0	9	0	0	0	0	0	0	0	8	0	0	0	0	0	0	0	0	0	0	0	0	0	0	0	0	0	0	0	0	0	0	0	0	0	0	0	0	0	0	0	5	0	0	0	0	0	0	0	0	0	0	0	0	0	0	0	0	0	0	0	0	9	0	0	4	8	0	0	0	0	0	0	0	0	0	10	0	0	0	0	0	0	0	0	0	0	0	0	0	0	0	0	0	0	0	0	0	0	0	0	0	0	0	0	0	0	0	0	0	0	15	0	0	0	0	0	0	0	0	0	0	25	0	13	9	0	0	0	0	0	0	0	0	0	0	19	0	0	0	0	0	0	0	0	0	10	0	0	0	0	0	0	0	0	0	0	0	0	17	0	0	0	0	0	0	0	0	0	0	0	0	0	0	0	0	10	16	0	0	0	0	0	0	0	0	0
0	0	0	9	14	0	0	0	0	0	0	0	0	16	0	0	0	0	0	0	0	0	0	0	12	11	0	9	0	0	19	0	0	0	0	0	0	0	0	0	0	0	13	0	0	0	0	16	0	0	0	0	0	0	0	0	0	0	0	0	0	0	0	0	0	0	0	0	0	0	0	0	0	0	0	0	0	0	0	0	0	0	0	0	17	0	15	0	0	12	0	0	0	0	0	12	15	0	0	0	15	1	0	15	12	3	0	0	0	0	0	0	18	13	15	0	0	0	0	0	0	0	17	0	0	0	0	0	0	0	0	0	0	0	0	0	16	12	0	0	0	0	0	0	0	0	0	0	14	17	0	0	0	0	0	0	0	0	0	0	0	0	10	0	0	0	0	0	1	0	0	0	0	0	0	0	0	0	0	0	0	0	0	0	0	0	0	0	0	0	0	0	24	0	0	0	0	0	0	0	0	0	0	0	0	8	0	10	17	12	0	0	0	0	0	0	0	0	0	0	0	0	7	0	17	0	0	0	0	0	0	5	0	0	0	2	8	0	0	0	0	0	0	0	0	0	0	0	0	0	0	0	0	0	0	0	0	0	0	0	0	0	0	0	0	0	0	0	0	0	0	0	0	0	0	0	0	16	0	0	0	0	0	16	0	0	0	0	0	0	30	0	0	0	0	0	0	0	0	0	0	0	30	0	0	0	0	21	15	0	0	11	0	2	8	7	7	0	13	0	0	0	9	14	0	0	0	0	0	0	10	0	0	0	0	10	14	10	0	13	0	0	0	15	0	0	0	0	0	0	0	0	0	0	0	0	3	4	21	3	16	0	0	0	0	2	14	0	0	0	0	0	0	0	0	0	0	0	0	0	0	0	0	0	0	0	0	0	0	21	17	0	0	0	9	14	0	0	0	0	0	0	0	0	0	0	0	0	0	0	0	0	0	0	0	0	0	0	0	0	0	0	0	0	17	0	0	0	12	9	0	0	0	0	0	16	0	0	8	0	0	14	3	0	16	0	0	14	20	16	3	0	0	19	0	0	17	0	0	0	0	0	0	0	12	24	0	0	0	0	0	0	0	0	0	0	0	0	0	0	0	0	0	0	0	0	0	0	0	0	0	0	0	0	0	0	0	0	0	0	0	0	1	0	0	0	0	0	0	0	0	0
0	11	12	9	0	0	0	0	0	0	0	0	0	0	0	0	15	11	0	0	0	0	0	0	0	0	0	0	0	0	0	0	0	0	0	0	0	0	0	0	0	0	0	0	0	0	0	0	12	0	0	0	0	6	14	0	0	0	17	0	0	0	0	0	0	0	0	0	0	0	0	0	16	9	0	0	0	0	0	0	0	0	0	0	0	0	0	0	0	0	0	0	0	0	0	0	0	0	0	0	0	0	0	0	0	0	0	0	0	0	0	0	0	0	0	0	0	0	0	0	12	15	16	0	0	0	0	0	15	0	0	0	0	0	0	0	0	0	0	18	0	0	0	0	0	0	0	0	0	0	0	0	0	0	0	0	0	0	0	0	0	0	0	0	0	0	10	16	16	0	0	0	0	0	14	0	0	9	0	0	0	0	0	0	0	0	0	15	0	0	0	0	23	0	0	0	0	0	0	0	0	0	0	0	0	0	0	0	0	0	0	0	0	0	0	0	17	0	0	0	0	0	2	0	0	0	0	0	0	0	0	16	0	11	0	0	0	0	0	17	0	0	0	0	0	0	0	0	0	0	0	0	0	0	0	12	0	0	0	0	0	0	0	0	0	0	0	0	17	0	17	0	0	11	11	0	0	0	0	0	0	18	8	3	6	0	0	0	10	9	0	0	0	0	0	15	0	0	0	0	0	0	0	0	0	0	0	0	0	0	0	0	0	0	0	0	0	0	0	0	0	0	0	0	0	0	0	0	0	0	0	0	0	0	0	0	0	26	0	15	0	0	0	10	0	0	0	0	0	0	0	0	0	0	1	3	4	4	5	4	4	3	0	0	0	0	0	0	0	9	0	0	0	0	0	0	0	0	0	0	0	10	0	0	0	0	0	0	0	0	0	0	0	0	12	0	0	0	0	0	0	0	0	0	0	16	0	0	0	0	0	0	0	0	0	0	9	0	0	0	0	0	0	0	0	0	0	0	0	0	0	0	0	0	0	0	0	0	0	0	0	0	0	0	0	0	0	0	0	0	0	0	0	0	0	0	0	0	0	0	0	0	0	0	0	0	0	0	0	0	0	0	0	0	0	0	0	0	0	0	0	0	0	0	0	0	0	0	0	0	0	0	0	0	0	10	0	17	0	0	0	0	0	0	0	0	16	0	0	0	17	0
19	26	0	14	0	0	0	0	0	0	0	0	0	0	0	0	0	0	0	0	0	0	0	0	0	0	0	0	0	0	0	0	0	0	0	0	20	0	0	0	9	0	0	0	0	0	0	0	16	0	0	0	0	0	0	0	0	0	0	0	0	0	0	0	0	0	0	0	0	0	30	0	0	0	0	0	0	0	0	0	0	0	0	0	17	0	0	0	0	0	0	15	0	0	0	0	0	12	0	0	0	0	0	0	0	0	18	0	0	11	0	0	0	10	26	0	0	0	0	0	8	10	0	31	0	0	0	0	0	0	0	0	0	0	0	0	0	0	0	0	0	0	0	0	0	0	0	0	0	0	0	0	0	0	0	0	0	0	0	0	0	0	0	0	0	0	0	0	17	0	0	0	7	0	16	0	0	15	0	0	0	0	0	0	0	0	0	0	0	0	0	0	34	41	0	0	0	0	0	0	0	0	0	0	0	0	0	0	0	0	0	0	0	0	0	0	0	0	0	0	0	17	0	0	0	0	0	0	0	0	0	0	0	0	0	0	0	0	13	0	0	12	0	0	0	0	0	0	0	0	20	10	0	0	0	0	0	0	0	0	0	0	0	0	0	0	0	0	0	0	0	0	0	0	0	0	0	0	0	0	0	0	0	0	0	17	0	9	9	0	0	0	0	0	0	0	0	0	0	0	0	0	5	0	0	0	0	7	0	0	0	0	0	0	0	0	0	0	17	18	0	0	15	18	0	0	13	0	0	0	16	0	0	11	0	0	0	0	0	0	0	0	0	15	0	16	28	0	0	17	0	0	13	13	3	4	7	58	73	12	4	2	0	0	0	0	0	0	0	15	11	0	0	0	0	0	0	0	0	0	0	17	0	0	0	0	34	13	16	0	0	0	0	0	11	0	0	0	0	0	11	28	16	0	0	0	9	10	0	0	0	0	0	13	11	0	0	0	0	0	0	0	0	0	0	0	0	0	0	0	0	0	0	0	0	0	0	0	0	0	0	0	0	0	0	0	0	0	0	16	0	0	0	12	14	0	0	0	0	0	0	0	0	0	0	0	0	0	16	0	0	0	0	0	6	0	0	0	0	0	0	18	0	0	0	0	0	0	0	0	0	0	0	0	0	0	0	0	0	0	0	0	5	20	0	0	0	0	0	0	0	0
0	0	0	0	0	0	0	0	0	0	0	0	0	0	0	0	0	0	9	0	0	0	0	0	0	0	0	0	14	0	0	0	0	0	0	0	0	0	0	0	17	0	0	0	0	0	0	0	0	0	0	0	0	15	0	0	0	0	0	0	0	0	0	0	0	0	0	0	0	0	13	0	0	0	0	0	7	11	0	0	0	0	0	12	0	0	0	0	0	0	0	0	0	0	0	0	0	0	0	0	0	0	17	0	0	0	0	0	0	15	0	0	0	0	8	0	8	7	0	0	0	0	0	0	0	0	0	0	0	0	0	0	0	0	0	10	0	0	0	0	0	0	0	0	0	0	0	0	0	0	0	0	0	0	0	0	0	0	18	0	0	0	0	0	0	0	0	0	7	0	0	0	16	0	0	0	0	0	0	0	0	0	0	0	15	0	14	9	0	0	0	0	0	0	0	0	0	0	0	0	0	0	0	0	0	0	0	0	0	0	12	0	0	0	7	14	0	0	0	0	0	0	0	0	0	0	10	0	0	0	0	0	0	0	0	0	0	15	13	0	0	13	9	0	0	0	0	0	0	0	0	0	0	0	9	0	0	0	18	0	0	0	0	0	0	14	15	0	0	0	0	0	0	0	0	0	0	0	0	0	8	14	0	12	0	0	0	23	12	0	0	0	0	0	0	0	0	0	0	0	0	0	0	0	0	0	0	0	0	0	0	0	0	0	0	0	0	0	0	0	0	0	0	0	0	0	16	12	14	13	0	0	0	0	0	16	0	0	0	16	0	0	0	18	0	0	0	0	0	9	0	0	0	0	4	4	42	250	496	76	4	3	0	0	0	18	0	0	0	0	0	0	0	17	0	0	0	0	0	0	0	0	0	0	0	15	12	0	0	0	12	0	48	0	0	11	0	0	0	0	0	0	17	0	0	0	0	0	0	0	0	0	0	0	0	0	0	0	0	0	0	0	0	0	0	0	0	0	0	0	0	0	0	0	0	0	0	0	0	0	0	0	0	0	0	0	0	0	0	0	0	0	0	0	0	0	0	0	0	0	0	0	0	7	5	0	0	0	0	0	0	0	0	0	0	0	0	0	0	0	0	0	0	0	0	0	0	0	0	0	0	0	0	0	0	0	0	0	13	10	14	0	0	0	0	0	0	0	0	0	0	0
0	0	10	0	0	0	0	0	0	0	0	0	0	0	0	0	0	0	0	0	0	0	0	0	0	0	0	0	0	0	0	0	0	0	0	0	0	0	0	0	0	0	0	0	0	0	9	32	9	0	0	0	0	0	12	0	0	0	0	0	0	0	0	0	0	0	0	9	0	0	14	0	0	0	0	0	8	26	0	0	0	0	7	0	0	13	0	0	0	0	0	0	0	0	0	0	0	0	0	0	0	0	14	0	0	0	0	0	0	0	10	0	0	0	0	0	16	4	0	10	0	0	0	0	0	0	0	0	0	0	0	0	0	0	0	13	0	0	0	0	10	0	0	0	0	0	0	0	0	0	0	0	0	0	0	0	0	0	0	0	0	0	17	0	0	0	0	0	0	0	0	0	16	0	0	0	11	16	0	0	0	0	0	11	0	0	0	0	0	0	0	0	0	0	0	0	0	0	0	0	0	0	0	0	0	0	0	0	0	0	14	0	0	0	0	10	0	0	0	0	0	0	0	0	0	0	0	0	0	0	0	0	0	0	0	0	0	0	0	0	0	0	0	0	0	0	0	0	0	0	0	0	0	0	28	0	36	29	6	0	0	0	0	0	0	0	0	0	0	0	0	0	0	0	0	0	0	0	0	0	0	0	0	13	0	0	0	14	0	0	0	0	0	0	0	14	19	0	0	9	0	0	0	0	0	0	0	0	0	0	0	0	7	0	0	0	0	0	0	0	0	0	0	0	0	0	0	0	19	18	19	0	0	0	0	7	0	0	0	1	0	0	0	0	0	0	0	0	0	12	0	0	0	0	3	5	42	255	286	76	4	4	0	11	0	0	0	13	0	0	0	0	0	0	0	0	0	0	0	0	10	13	0	0	0	0	0	0	0	0	0	0	0	0	0	14	0	0	0	0	0	0	0	0	0	0	0	0	0	0	0	0	0	0	0	0	0	0	0	0	19	0	0	0	0	15	0	0	0	0	9	11	0	19	0	0	0	7	0	0	0	0	0	0	0	0	0	0	0	0	0	0	0	0	0	8	0	0	0	0	0	0	11	0	0	0	0	0	0	0	0	0	0	0	0	0	0	0	0	15	0	0	0	0	0	0	0	0	0	0	0	0	0	0	0	14	0	0	0	0	17	6	0	0	0	0	0	0	0	0	0	0
0	0	0	0	0	0	12	0	0	0	0	0	0	14	0	0	0	0	0	0	0	0	0	0	0	0	0	0	16	0	0	0	0	0	0	0	0	0	15	0	0	0	0	0	0	17	0	9	0	0	12	0	0	0	0	0	0	0	16	0	0	0	0	0	18	0	0	0	0	0	0	0	0	17	0	0	0	0	0	0	0	0	7	0	0	12	0	0	0	0	0	0	0	0	0	16	14	0	0	0	0	0	0	0	0	0	0	0	0	0	0	12	0	15	15	0	0	0	0	15	17	0	0	0	0	17	12	0	0	0	0	9	11	0	0	28	0	0	0	24	0	0	0	0	0	0	0	0	0	0	0	11	0	0	0	0	0	0	0	0	9	0	0	0	0	12	0	6	0	0	0	0	9	0	11	0	4	11	0	0	0	0	0	12	0	0	0	0	0	0	17	0	0	0	0	0	0	13	0	0	0	0	0	0	0	0	0	0	0	0	0	0	0	0	0	0	12	0	0	0	31	0	0	0	0	0	0	13	13	0	0	0	0	18	0	0	0	0	0	0	0	0	0	0	0	0	0	0	0	0	0	0	0	13	17	16	17	0	0	0	0	0	0	0	0	0	9	0	0	17	0	1	8	0	0	0	0	0	0	0	0	18	0	0	0	0	0	0	9	0	0	0	9	0	0	0	0	0	0	0	0	11	0	0	0	0	0	0	0	0	0	0	14	0	0	0	0	0	0	0	0	0	0	0	0	0	0	0	0	0	0	0	0	0	11	4	14	13	0	0	0	0	0	0	7	0	0	0	0	0	0	0	0	0	4	4	8	56	71	24	4	3	0	13	0	0	0	0	0	0	0	0	0	0	0	0	0	0	0	0	0	6	0	0	18	0	0	0	0	0	0	0	0	0	0	0	0	0	0	0	16	0	0	0	0	0	0	0	0	0	0	18	0	0	0	0	0	0	12	0	0	15	0	0	0	0	0	0	0	0	0	0	0	29	0	12	9	0	17	0	0	0	0	0	0	0	0	0	0	0	0	0	0	0	17	24	0	0	0	0	0	0	11	16	0	0	0	0	0	0	0	0	0	0	0	0	0	0	0	14	0	14	0	0	0	0	0	0	0	0	0	0	0	0	0	10	0	0	0	0	0	0	0	0	0	0	0	0	0	0	0	0
0	0	0	0	0	0	15	0	0	10	0	0	0	0	0	0	14	0	0	0	0	0	0	0	0	0	0	18	0	0	0	0	0	0	0	0	0	0	0	0	0	0	0	0	0	0	0	0	0	0	0	0	0	0	0	0	0	0	0	0	0	0	10	15	0	0	0	0	0	0	10	13	0	22	24	0	0	0	0	16	0	0	0	0	0	0	0	0	18	0	0	0	0	0	0	0	0	0	0	0	0	0	15	8	0	0	0	0	0	0	11	17	0	14	3	0	0	0	0	0	0	0	0	0	0	0	13	0	0	0	0	0	10	0	0	0	0	0	0	12	18	0	0	0	0	0	0	0	0	0	0	0	0	0	0	0	0	0	0	0	0	0	0	0	0	0	0	17	0	0	0	0	0	0	0	0	0	0	0	0	0	0	0	0	0	0	0	0	0	0	0	0	0	0	0	0	0	0	0	0	0	0	0	16	0	0	0	0	0	0	0	0	0	0	0	0	0	0	0	0	0	0	0	0	0	0	0	0	0	0	0	0	0	0	0	0	0	0	0	0	0	0	0	16	0	0	0	0	0	0	0	0	0	0	0	0	0	0	0	0	0	0	12	0	0	0	0	0	0	36	15	0	0	0	11	32	0	0	0	0	17	0	0	0	0	0	21	17	0	0	0	0	0	0	0	0	0	0	0	0	0	0	0	0	0	0	0	0	0	0	11	0	0	0	0	0	0	0	12	0	0	0	0	0	0	11	0	0	0	0	0	0	0	0	11	6	0	10	26	0	0	0	0	0	0	0	0	0	0	0	0	0	0	0	0	4	4	4	4	4	3	2	0	0	0	0	0	0	0	0	0	0	0	0	0	0	0	0	0	0	0	0	0	0	0	0	0	0	11	26	0	0	0	0	0	0	0	0	0	18	0	0	0	0	14	18	0	0	0	0	0	0	0	0	0	0	0	0	13	0	1	0	0	0	0	0	0	0	16	15	0	0	0	0	0	5	12	30	15	15	14	0	0	0	15	0	0	0	0	0	0	0	0	0	0	0	0	0	0	0	0	10	11	14	0	0	0	0	19	5	0	0	0	0	0	0	0	0	7	0	14	23	0	0	0	0	0	0	0	0	0	10	19	0	17	0	0	0	0	0	0	0	13	0	0	0	0	0	0	0	16	0
0	0	0	0	0	0	16	0	0	0	0	0	0	0	0	0	26	0	0	0	0	0	0	0	0	0	0	13	0	0	0	11	0	0	0	0	0	0	15	0	0	0	3	0	17	0	0	0	0	12	0	0	13	0	0	0	0	0	0	0	0	0	0	12	0	0	0	0	0	0	0	10	0	15	22	0	0	0	11	0	0	0	17	0	17	8	9	0	16	0	19	0	18	0	0	0	0	0	0	0	0	0	0	0	0	0	0	0	0	0	0	0	0	0	0	0	0	0	0	0	0	0	0	0	0	0	0	0	0	0	0	0	0	0	0	0	12	0	0	0	0	0	0	0	0	0	0	0	0	0	0	0	0	0	0	15	0	0	0	0	0	0	0	0	0	19	0	0	0	0	0	0	0	0	11	11	0	0	0	8	0	0	0	0	0	0	8	0	0	0	0	0	0	0	0	0	0	0	0	0	0	10	0	0	0	0	0	0	0	0	0	0	0	0	0	0	17	0	0	0	0	0	0	0	0	0	0	0	0	0	16	4	0	0	0	0	13	0	0	0	0	0	0	0	10	0	0	0	0	0	0	0	0	0	0	0	9	0	0	0	0	0	0	0	12	0	0	0	10	19	0	0	10	0	0	0	0	0	0	0	0	0	10	0	0	0	0	0	0	0	0	0	0	0	0	0	0	0	0	0	0	0	0	0	0	0	0	0	0	0	14	0	0	17	0	0	0	0	0	0	0	0	0	0	0	0	0	0	0	0	0	3	3	3	6	0	0	0	0	8	0	0	0	0	0	0	0	0	0	0	0	0	0	0	0	1	1	3	4	3	0	0	0	0	0	0	0	0	0	0	0	0	0	0	11	17	0	0	0	11	0	0	0	0	0	0	0	0	0	6	0	0	0	17	0	0	0	0	0	0	0	0	0	0	11	0	0	0	0	0	0	0	0	0	0	17	0	0	0	0	0	0	0	14	9	0	0	0	24	29	18	18	30	14	16	17	13	12	6	0	0	0	16	0	12	0	0	0	0	0	0	0	0	0	0	0	0	0	0	0	0	0	0	0	0	0	0	13	13	0	0	0	0	0	0	0	0	0	0	0	0	0	0	17	15	0	0	0	0	0	0	0	0	0	0	0	0	0	0	0	0	0	0	0	0	0	10	17	16	5	0	0
10	0	0	0	0	0	0	0	0	0	0	0	0	0	0	0	10	0	0	0	8	0	0	0	0	0	0	0	0	0	0	0	0	0	0	0	0	0	0	0	0	0	17	0	0	0	0	0	0	0	0	0	16	0	0	0	0	0	0	0	0	0	0	0	0	0	0	0	0	0	0	23	0	11	17	0	0	11	0	0	0	0	0	0	0	0	0	0	0	0	0	0	0	0	11	0	0	0	0	0	0	0	0	0	0	0	11	0	0	0	0	11	0	0	0	0	0	0	0	0	0	0	0	0	0	0	0	0	0	0	0	0	17	15	0	0	0	0	0	0	0	0	0	16	16	0	0	0	13	9	0	0	0	0	0	0	0	0	0	0	20	15	0	11	0	0	0	0	0	15	0	0	11	0	0	0	0	0	0	0	12	0	0	0	0	17	0	0	0	0	0	0	14	0	15	0	0	0	0	8	0	0	0	0	0	0	0	0	0	0	0	0	0	0	0	0	0	20	0	0	0	0	10	0	0	0	0	0	0	0	0	0	0	0	0	0	11	0	10	16	11	0	0	0	0	0	0	0	0	0	0	0	0	0	0	0	26	0	0	0	11	19	0	0	0	0	0	0	17	0	0	0	0	0	0	6	16	0	0	0	0	0	0	19	0	0	0	0	0	0	0	0	0	12	0	0	12	15	0	0	0	0	0	0	0	0	0	0	0	18	0	0	14	0	0	0	0	0	0	0	0	5	21	8	0	0	0	0	0	2	3	3	4	3	13	3	0	0	0	0	0	0	0	0	0	0	13	0	13	0	0	0	0	0	0	0	0	15	13	0	0	0	0	0	0	0	8	0	0	0	0	0	0	0	7	0	0	0	0	0	0	0	0	0	0	0	0	18	0	0	0	0	0	0	0	0	0	0	0	0	0	0	0	0	15	0	0	0	0	0	12	0	0	0	0	7	19	0	0	0	0	0	18	0	0	0	0	12	15	16	21	0	0	0	0	0	0	0	0	0	0	0	0	0	0	0	0	0	0	0	0	0	0	0	19	0	0	0	0	0	0	0	0	0	0	9	9	0	0	0	0	0	0	0	0	0	0	0	0	0	0	0	0	0	0	0	0	0	0	15	0	0	7	0	0	0	0	0	12	14	0	0	13	9	15	0	0	0	14	0	0	0
0	0	0	0	0	0	0	0	0	0	0	0	0	0	0	0	0	0	0	0	0	0	0	0	0	0	0	0	0	0	0	0	0	0	0	0	0	11	0	0	0	0	0	0	0	0	0	0	0	0	0	0	0	0	0	0	0	0	0	0	10	0	0	0	0	0	0	0	0	0	0	19	0	0	15	0	0	0	11	13	0	0	0	0	0	0	0	0	0	0	0	0	0	0	0	0	0	0	0	0	0	0	0	0	0	0	0	12	0	0	0	0	0	0	0	0	0	0	0	0	0	0	0	0	0	0	0	0	0	0	0	17	8	0	0	0	0	0	0	0	0	0	0	11	0	0	0	0	0	0	0	0	0	0	0	0	0	0	0	0	14	0	0	16	12	14	0	0	0	13	32	0	28	23	11	0	0	6	15	0	0	0	18	0	0	12	9	0	0	17	0	0	14	0	18	13	0	0	0	0	0	0	0	0	10	0	0	0	0	0	0	0	0	0	0	0	0	0	20	9	0	0	0	0	0	0	11	14	10	0	17	8	0	0	0	0	0	0	0	0	0	0	0	0	0	0	0	0	0	0	0	0	0	0	0	0	0	0	0	0	11	17	17	0	0	0	0	0	0	0	0	0	0	0	0	0	0	12	0	0	0	0	0	0	0	0	0	8	0	0	0	0	0	0	0	0	0	0	0	0	0	0	0	0	0	0	0	0	0	0	0	0	0	0	0	0	0	0	0	6	13	0	10	14	0	0	0	0	0	3	4	26	97	42	4	15	0	0	0	0	0	0	0	13	0	0	8	8	0	0	0	0	0	0	0	0	0	0	0	0	0	0	0	0	0	0	0	0	0	0	0	0	0	0	0	0	0	0	0	0	0	18	0	0	0	7	0	0	0	0	0	0	0	5	14	0	0	0	0	0	0	0	0	0	0	0	0	0	0	0	14	18	0	0	0	0	0	0	0	0	0	35	0	0	0	0	0	0	0	0	10	0	0	0	0	0	0	0	0	0	0	0	0	0	0	0	0	0	0	0	5	0	0	0	0	0	7	0	0	0	0	0	0	0	0	0	0	0	0	7	0	5	0	6	0	0	0	10	15	0	0	13	13	0	0	7	0	12	16	13	0	0	0	0	0	0	0	15	0	0	0	0	0	0	0	0	0	0	0	0	0	0
0	0	0	18	3	0	0	0	0	0	7	16	0	0	0	0	0	0	0	0	0	0	0	8	0	0	0	0	0	14	0	0	0	0	0	0	0	0	0	0	0	0	0	0	0	0	0	0	0	0	0	0	0	0	0	0	0	15	0	0	0	10	0	0	0	0	17	0	0	16	10	10	0	0	16	0	14	12	0	5	0	8	0	0	4	0	0	0	11	0	0	0	0	10	0	0	0	0	0	0	0	0	0	0	0	0	10	0	0	0	0	0	0	0	0	0	0	10	0	0	0	0	17	12	13	0	0	0	11	0	0	0	0	0	0	15	0	0	0	0	0	0	0	0	0	0	0	0	0	0	0	0	0	10	0	0	0	15	13	0	0	0	0	0	0	0	0	0	0	0	0	0	0	25	9	0	0	0	0	0	0	0	23	0	0	0	0	0	0	0	18	0	0	11	44	27	0	0	0	0	0	0	0	0	14	0	14	0	0	0	0	0	0	18	0	0	29	0	0	19	18	0	0	0	0	0	0	0	0	16	13	13	0	0	0	0	0	0	0	0	0	0	0	0	0	0	0	0	0	0	0	0	0	0	0	0	0	0	0	0	0	0	0	0	0	0	0	17	0	0	0	0	0	0	0	0	0	0	0	0	0	0	0	0	0	0	0	18	0	0	0	0	0	15	0	0	0	0	0	0	0	0	0	0	0	0	17	12	0	0	0	14	0	0	0	0	0	0	8	0	25	0	0	0	0	8	0	0	0	3	7	132	301	205	30	3	2	0	0	0	0	0	0	14	0	0	0	0	9	0	0	0	0	0	0	0	0	0	0	0	0	0	15	0	0	0	0	0	0	0	0	17	0	0	0	0	0	0	0	0	0	0	0	0	0	0	0	0	0	0	0	0	0	0	28	0	0	0	0	0	0	0	0	16	0	0	0	0	0	18	0	0	0	0	18	0	0	0	0	0	0	0	0	0	0	0	0	0	0	0	0	0	0	0	0	0	0	0	0	0	12	0	0	0	0	0	31	8	0	0	0	15	14	0	0	0	0	0	0	0	0	0	0	0	0	0	0	0	0	0	0	0	0	0	0	0	0	0	0	10	0	0	0	0	0	0	0	0	0	0	0	0	0	0	0	0	0	0	0	18	2	0	0	0	0	0	0	0	0	0	0	0
0	0	0	0	0	0	0	0	0	0	0	0	0	0	0	0	0	0	0	5	0	0	0	0	0	0	0	0	0	9	0	0	0	0	0	0	0	0	0	8	0	0	0	0	0	0	0	0	0	0	0	0	0	0	16	0	0	0	0	0	0	0	0	0	16	30	0	0	17	0	0	0	0	0	19	0	0	0	0	0	0	0	0	0	0	0	0	0	0	9	0	0	0	0	0	0	0	0	0	0	0	0	0	0	0	59	29	0	0	0	7	0	0	0	0	0	0	0	0	9	0	0	16	19	0	0	0	0	0	16	0	0	0	0	0	11	0	0	0	0	0	0	0	0	0	0	0	0	0	0	0	0	0	15	0	0	0	0	0	0	0	0	0	0	0	0	0	0	0	0	0	0	0	11	0	0	0	0	0	34	13	0	0	0	0	0	0	0	0	0	0	0	0	0	12	0	0	0	0	0	0	0	0	0	0	9	10	0	10	0	0	0	0	0	15	0	0	0	0	0	0	16	0	13	0	0	0	0	11	7	0	0	0	0	0	0	0	19	0	0	0	23	17	0	0	0	0	0	0	0	11	0	0	0	0	0	0	0	0	0	0	23	15	0	17	0	0	0	0	0	0	0	0	0	0	0	0	0	0	0	0	0	0	0	0	0	0	0	0	0	0	0	0	0	0	0	0	0	0	0	0	0	0	0	0	0	0	0	0	0	0	9	0	0	0	0	8	0	0	0	14	0	0	0	0	0	0	0	0	4	5	117	264	161	13	4	2	0	0	0	0	0	16	0	0	0	0	0	0	0	0	0	0	0	0	0	0	0	18	0	0	0	2	0	0	0	15	0	13	0	0	13	0	0	0	0	0	0	0	0	0	16	0	0	0	0	0	0	0	27	8	0	0	0	0	0	0	0	0	0	0	0	0	24	0	0	0	0	0	0	0	0	0	0	0	0	0	0	0	0	0	0	0	0	0	0	0	0	0	0	0	15	12	0	0	0	0	0	0	0	0	0	0	0	0	0	0	0	0	0	0	0	0	0	0	0	0	0	0	0	0	0	0	0	0	0	0	0	0	0	0	0	0	0	0	0	0	0	0	0	0	0	0	0	0	0	0	0	0	0	0	0	0	0	0	0	0	17	0	0	0	0	0	0	0	17	0	0	0	0	0	0
0	0	0	0	0	0	0	0	0	0	0	0	16	0	0	0	0	0	0	0	17	3	0	0	0	0	0	0	0	0	0	0	0	0	0	0	0	0	0	30	0	0	0	0	0	0	15	0	0	0	0	0	0	0	0	0	0	0	0	0	0	0	0	0	0	16	0	0	0	0	0	14	10	0	25	17	0	0	0	0	0	17	0	0	0	0	0	12	0	0	0	16	0	0	18	0	0	0	0	0	0	0	0	0	14	13	0	0	0	0	9	0	0	0	0	0	0	18	0	17	0	18	14	0	0	0	0	0	0	0	0	0	8	0	0	0	14	0	0	0	0	0	0	0	0	0	0	0	0	0	0	0	0	11	0	12	0	0	0	0	0	1	3	4	3	3	2	0	0	0	17	0	0	0	0	0	0	0	0	4	0	0	0	0	0	0	0	0	0	0	0	0	0	0	17	0	0	0	0	0	18	0	0	0	0	0	0	0	10	0	0	0	17	0	7	0	0	10	15	0	0	13	0	0	0	0	0	0	0	12	8	0	0	0	0	0	0	0	0	0	0	0	10	0	11	12	0	0	0	0	0	0	0	0	7	0	0	0	0	0	0	11	0	0	0	0	0	0	3	12	15	13	0	0	0	0	0	12	0	0	0	0	0	0	0	0	0	0	0	0	0	0	9	0	0	0	0	0	0	0	0	0	10	17	0	15	0	0	0	0	0	0	0	0	0	0	0	15	0	13	0	0	0	0	17	0	0	0	0	3	4	23	36	19	5	5	0	0	0	0	0	0	0	0	0	0	0	0	0	17	0	0	0	0	18	0	0	0	0	0	0	0	5	0	0	0	13	0	0	0	0	0	0	0	0	0	0	0	0	0	0	0	0	0	11	0	0	0	0	0	0	0	0	0	14	7	0	0	0	0	0	0	7	0	0	0	0	0	0	0	0	0	0	0	0	0	15	0	0	0	0	0	0	0	0	0	0	0	0	0	0	0	9	10	0	0	0	0	0	0	10	0	0	0	0	0	0	0	0	0	0	0	0	0	0	0	0	0	0	0	0	0	0	0	0	0	0	0	0	8	14	0	0	12	0	0	0	0	0	0	0	0	4	0	0	0	0	0	0	0	0	0	0	0	0	0	0	0	21	0	0	0	0	0	0	0	0	0	0	0	0	0
0	0	0	0	0	0	0	0	0	0	0	0	0	0	0	0	0	0	0	0	0	0	0	0	11	13	0	0	0	0	18	0	0	0	0	0	0	0	0	10	0	0	0	0	0	0	0	0	0	0	0	0	14	7	0	0	9	0	0	0	0	0	0	0	0	0	9	0	0	0	0	6	0	0	0	16	0	0	0	0	0	0	14	26	0	0	0	0	0	11	0	0	0	0	0	0	0	0	0	0	0	0	0	0	0	0	0	0	18	0	0	17	0	0	0	0	0	0	0	0	19	14	0	0	0	0	0	0	12	0	0	0	0	0	0	0	0	0	0	0	0	0	0	0	0	0	0	0	0	0	0	0	0	0	0	0	12	0	0	0	18	21	24	5	5	5	4	3	15	28	0	0	0	0	0	0	0	0	8	0	19	0	0	0	14	0	0	0	0	14	10	0	0	0	0	0	0	0	0	0	0	0	0	0	0	0	3	0	0	0	0	0	0	0	0	0	0	0	14	0	0	0	0	0	11	0	0	0	0	0	0	15	0	9	0	0	0	0	0	0	0	0	0	0	0	0	0	0	0	0	0	0	0	0	0	0	0	0	0	0	0	12	0	0	0	0	5	15	29	6	0	0	0	0	0	0	0	0	0	0	0	0	0	0	0	0	0	0	0	0	0	0	0	0	0	0	0	0	0	0	0	0	0	13	0	0	8	0	0	0	0	0	0	0	0	0	0	0	0	0	0	0	0	0	0	0	18	0	0	1	3	4	4	4	3	19	0	0	0	0	0	0	0	0	0	14	10	0	0	0	0	7	6	0	16	0	0	0	0	0	0	0	0	0	0	0	0	0	0	0	0	0	0	0	0	7	11	0	0	0	0	0	10	0	16	0	11	0	8	4	0	0	0	0	0	0	0	0	0	9	0	0	5	0	0	0	0	0	0	0	10	0	0	0	0	0	0	0	0	0	0	0	0	0	0	0	0	0	0	0	17	0	0	10	0	0	0	0	0	0	0	0	0	5	0	0	0	0	0	0	0	0	0	0	0	0	0	0	0	0	0	0	0	0	0	0	0	0	0	0	13	0	0	2	0	0	0	0	0	0	0	0	15	0	0	0	8	0	18	0	0	0	0	0	0	0	0	0	0	0	18	12	9	0	0	0	19	0	13	13	0	0
0	0	0	0	0	0	10	0	0	0	0	0	0	12	0	0	0	0	0	0	0	0	0	0	0	12	0	11	0	0	0	0	17	5	0	0	0	0	0	0	14	0	0	0	35	0	0	17	0	0	0	0	19	0	0	0	0	0	0	0	15	0	0	0	0	0	0	0	0	0	0	0	0	0	0	16	0	0	0	0	0	0	0	0	0	8	15	0	0	0	10	0	0	0	0	0	0	0	0	0	0	0	0	0	0	0	0	0	6	35	0	0	18	0	0	0	0	0	6	36	0	0	0	0	0	0	0	0	0	0	13	0	0	0	0	0	0	0	0	0	0	0	0	0	0	0	0	0	0	0	0	0	11	17	0	0	14	0	0	1	3	4	25	24	48	10	5	3	2	0	0	0	0	0	0	0	0	0	0	0	0	0	0	0	12	0	0	0	0	0	0	0	0	0	0	0	0	0	0	0	0	0	0	0	0	0	13	0	0	0	0	0	0	0	0	0	0	0	0	0	0	0	7	0	14	0	0	0	0	0	0	0	11	0	0	0	0	0	0	12	0	0	0	0	0	0	10	0	0	0	0	0	0	0	0	0	0	0	0	0	0	0	0	0	20	25	17	10	0	0	0	0	0	0	0	0	0	0	0	0	0	0	0	0	0	0	0	0	0	0	0	0	0	0	0	14	0	0	14	13	0	0	17	0	0	0	0	0	0	9	27	0	0	0	15	0	0	0	13	0	0	0	0	0	0	0	0	0	0	0	0	2	2	3	0	19	0	0	0	0	0	0	12	0	0	0	0	0	8	0	0	0	0	26	23	15	0	0	0	0	11	0	12	0	0	0	0	0	0	0	0	0	0	0	0	0	0	0	0	0	11	0	0	0	0	0	0	0	0	0	0	0	0	0	0	0	0	0	0	0	0	8	0	15	12	11	0	0	0	0	0	0	0	0	0	0	0	0	0	0	0	0	0	0	0	0	0	0	0	0	0	0	0	0	0	0	0	0	0	10	0	0	0	0	0	0	0	0	0	0	0	0	0	0	0	0	0	0	0	0	0	0	0	0	0	0	0	0	0	0	16	7	0	0	0	0	0	0	0	0	0	0	0	0	0	0	0	0	0	0	0	0	0	0	13	0	0	0	0	0	0	14	0	0	0	0	0	0	0	0	0	0
0	0	0	0	0	0	0	0	0	0	0	0	0	13	0	15	0	0	10	9	0	0	0	0	17	17	16	10	18	22	0	0	0	0	0	16	7	0	0	0	9	13	0	12	15	0	0	0	0	0	0	0	0	0	0	6	34	9	0	0	12	0	0	0	0	0	0	0	0	0	0	0	0	0	0	0	0	0	0	0	0	0	16	0	0	0	0	0	0	0	0	0	8	0	0	0	0	0	0	0	0	0	0	0	0	0	0	0	0	21	20	0	0	0	12	18	2	26	18	0	0	0	0	0	0	0	0	0	0	0	15	0	0	0	0	0	0	0	0	0	0	0	0	0	0	0	0	0	0	0	0	0	0	0	0	0	0	0	0	1	4	6	45	249	292	83	6	4	19	0	0	0	0	0	0	0	0	0	0	0	29	29	0	0	0	0	0	0	0	0	0	0	0	0	0	0	0	0	0	0	0	31	0	9	0	0	0	12	0	17	0	0	0	0	0	0	0	0	0	0	0	0	0	0	0	17	0	0	7	0	0	0	0	0	0	0	0	0	0	0	0	0	0	0	0	0	0	0	0	0	0	0	0	0	0	19	0	0	12	0	0	0	0	24	4	0	0	18	0	0	0	0	0	0	0	0	0	0	0	0	0	0	0	0	12	0	0	0	0	0	0	0	0	0	0	14	0	0	0	0	0	0	0	0	0	0	0	11	0	6	0	0	0	0	0	0	0	0	15	0	19	0	0	0	0	0	0	0	17	0	0	0	0	0	0	0	0	0	0	0	4	16	0	0	0	0	0	0	0	0	0	0	0	20	0	0	0	0	0	0	16	0	0	0	12	15	0	0	0	0	0	0	0	0	0	0	0	0	0	0	0	0	0	0	0	0	0	0	0	0	0	0	0	0	0	0	0	0	0	0	0	0	0	0	0	14	0	10	0	0	0	0	0	0	0	0	0	0	0	0	0	0	0	0	0	0	0	0	0	13	0	11	0	0	0	0	0	0	0	0	0	0	0	0	0	0	15	0	0	0	0	0	0	0	0	0	0	0	11	0	0	0	0	0	0	0	0	0	0	0	0	0	0	0	0	0	10	17	0	9	16	0	0	0	0	0	0	0	0	0	0	12	0	0	0	0	0	0	0	0	0	0	17	0	0	0	0	14	31	6	0	0
0	0	0	0	0	0	0	0	0	0	0	0	0	0	0	0	0	0	0	0	0	0	0	17	9	0	0	0	0	12	18	0	0	12	0	0	0	0	0	0	0	11	0	0	0	0	0	0	0	0	0	0	0	10	30	0	0	0	0	0	17	1	0	0	0	0	12	14	0	0	0	0	0	0	0	0	0	0	0	0	7	0	13	14	11	14	0	0	17	2	0	16	14	0	0	0	18	0	0	0	0	0	0	0	0	0	11	0	0	0	0	0	0	0	0	0	15	16	0	0	0	0	0	0	0	0	0	0	0	0	0	0	0	0	0	0	0	0	0	0	0	13	13	0	0	0	0	0	0	0	0	0	0	0	0	0	0	0	0	3	38	22	140	870	929	167	12	4	2	0	0	0	0	0	0	0	0	0	0	0	0	0	0	0	0	0	0	0	0	0	0	0	0	0	0	0	0	16	0	0	0	0	0	15	9	0	0	0	0	0	0	0	0	0	0	0	0	0	0	0	0	0	0	0	0	9	0	0	0	0	0	0	0	0	0	0	0	0	0	0	11	10	0	19	0	0	0	14	29	0	0	0	0	0	0	0	28	0	0	16	0	0	19	10	0	10	16	0	0	0	0	0	17	0	0	0	0	0	0	0	0	0	0	0	0	0	0	0	0	0	0	0	0	0	0	0	0	0	0	0	0	0	0	0	0	19	0	20	12	17	0	0	0	9	12	18	29	0	0	0	0	0	0	0	0	0	35	0	0	0	0	0	0	0	0	11	0	0	0	14	0	0	0	0	0	0	0	0	0	0	0	0	0	18	0	20	0	8	8	15	41	28	11	0	0	0	0	0	0	18	0	0	0	0	0	0	0	0	0	19	0	12	0	0	0	18	0	0	0	0	0	0	0	0	11	0	0	0	0	0	0	0	0	0	0	17	0	16	0	0	0	0	0	13	0	0	0	0	7	0	33	0	0	0	0	0	0	0	0	0	0	0	0	0	0	0	0	0	0	0	0	18	0	17	15	0	0	7	0	0	18	17	0	0	0	0	0	0	16	0	0	0	0	0	15	0	10	0	15	0	0	0	9	0	0	0	0	0	0	0	2	0	0	0	0	0	0	0	0	0	0	0	0	0	0	0	0	0	0	0	0	0	0	0	11	0	0	0	0	6	0	0
0	2	0	0	0	0	0	0	0	0	0	0	0	0	0	0	0	0	0	0	0	0	17	22	8	0	0	0	0	0	0	0	0	0	0	0	0	0	0	0	0	0	0	0	0	0	0	0	0	0	0	0	0	0	0	0	10	0	0	0	0	0	0	0	9	12	10	0	0	0	0	0	0	0	0	10	12	0	0	0	0	0	0	0	0	0	17	0	0	0	0	0	0	0	0	0	0	0	0	0	12	0	16	0	0	0	15	0	0	0	0	0	0	0	0	16	16	0	0	0	18	7	0	0	0	0	0	0	0	0	0	0	0	0	0	0	0	0	0	0	9	0	0	0	0	9	12	0	0	0	0	0	0	0	0	12	16	16	0	31	15	5	43	226	240	81	7	5	3	0	0	0	0	0	0	0	0	0	0	0	0	0	0	0	0	0	0	13	0	0	0	0	0	0	0	0	0	0	0	0	0	0	16	0	0	0	0	0	0	0	0	0	0	0	0	0	0	0	0	0	0	0	0	0	0	0	0	0	0	0	0	0	0	0	0	0	0	0	0	0	0	0	0	0	0	0	0	0	0	0	0	0	12	0	0	16	0	0	0	0	16	0	16	0	0	0	0	0	0	0	0	0	0	0	0	0	0	0	0	11	14	0	0	0	0	0	0	0	0	0	0	0	0	0	0	0	0	0	0	16	16	0	0	0	11	14	0	0	0	0	0	0	0	0	0	0	13	10	0	0	0	0	0	0	0	0	9	0	0	0	0	0	0	0	0	0	0	0	0	11	0	0	0	0	0	0	0	0	0	0	0	0	4	43	17	17	16	18	14	16	22	7	0	10	0	0	8	0	0	0	0	0	0	0	0	11	0	17	0	0	0	0	0	0	0	0	0	0	0	0	0	0	0	0	17	0	0	0	0	0	0	0	0	0	0	0	0	0	0	0	0	0	15	0	0	17	0	0	7	0	2	0	0	0	0	0	0	0	11	0	0	0	0	0	0	0	0	0	0	0	0	0	10	18	0	0	11	11	17	0	0	0	0	0	0	0	0	0	0	0	0	0	0	0	0	0	16	0	0	0	0	0	0	0	0	0	0	0	16	0	0	16	0	0	0	0	0	14	0	0	0	0	0	0	0	0	0	0	0	11	0	0	6	10	0	0	0	0	0	0	0	0
0	0	0	0	0	0	0	0	0	0	0	0	0	0	0	0	0	0	0	0	0	17	16	0	0	0	0	0	0	0	0	0	0	0	0	0	0	0	0	0	13	0	0	0	0	0	0	0	0	0	0	0	0	0	0	0	0	0	0	0	0	0	0	0	8	9	0	0	0	0	0	0	0	0	14	1	0	0	0	0	0	0	0	0	0	0	0	0	16	8	0	0	0	0	0	29	18	0	0	0	0	0	0	0	0	0	0	0	0	0	0	15	0	0	16	13	0	0	0	0	15	1	0	0	0	0	0	0	0	0	0	0	0	0	0	0	0	0	0	16	0	0	0	0	0	0	8	0	0	0	0	0	0	17	0	0	0	0	18	13	3	15	8	20	25	8	5	4	1	0	0	0	0	0	17	0	9	0	0	0	0	0	0	0	0	0	0	8	0	0	11	0	0	0	0	0	12	14	0	0	0	0	0	0	15	0	0	0	0	0	0	0	0	19	9	5	10	0	0	0	0	0	0	0	0	0	0	0	0	18	0	0	0	0	0	0	0	0	0	0	0	0	0	0	0	0	0	0	0	0	0	0	0	0	0	0	0	0	0	0	0	0	0	10	0	0	0	0	0	0	0	0	0	0	0	0	0	0	0	16	0	0	0	0	0	0	0	0	0	0	0	0	0	0	0	0	0	0	0	0	0	7	0	0	0	0	16	0	0	0	0	0	0	0	0	0	0	0	0	0	0	0	0	0	0	0	0	0	10	0	0	25	14	0	0	0	0	0	0	0	0	0	0	0	0	0	0	16	11	0	0	0	0	16	20	0	11	0	0	0	0	0	0	0	0	0	0	0	0	0	0	10	0	0	0	16	0	0	0	0	0	0	0	0	0	0	0	0	0	0	0	0	0	0	0	0	0	0	0	0	0	0	0	0	0	0	0	0	0	0	0	18	0	0	0	0	0	0	0	0	17	0	0	0	11	0	0	0	0	9	0	0	0	0	0	0	0	0	0	0	0	0	19	3	13	13	0	0	12	0	0	17	0	0	0	5	0	0	0	17	0	0	0	0	0	0	0	0	0	0	0	0	0	0	13	0	0	0	0	9	7	16	0	11	0	0	0	13	0	0	0	0	0	0	0	0	0	0	0	0	0	0	0	17	0	0	0	13	0	0	0	0
0	0	0	18	0	0	0	0	0	0	0	7	0	0	0	0	0	0	0	0	0	11	15	0	0	0	0	0	0	0	0	0	0	0	0	0	0	0	0	0	12	0	0	0	0	0	0	0	0	0	0	0	0	0	0	0	0	0	0	0	7	16	0	0	0	0	11	15	0	0	0	0	17	0	0	0	16	9	0	0	0	12	15	0	0	0	0	0	0	0	0	0	0	0	0	9	0	0	0	0	0	0	0	0	0	0	0	0	0	0	0	0	0	16	7	0	0	0	0	0	7	0	0	0	8	0	0	0	0	0	16	0	0	0	0	0	0	0	0	3	0	0	0	0	0	0	0	0	0	0	0	0	0	0	0	0	0	0	18	0	2	3	4	5	4	4	4	2	6	0	0	0	0	0	0	0	0	0	0	0	0	0	0	0	0	0	0	0	0	15	15	0	0	0	0	0	0	0	12	13	0	0	0	0	0	0	0	0	0	0	0	0	0	0	0	0	0	0	0	0	0	0	0	13	35	0	0	0	0	0	0	0	0	0	0	0	0	0	0	0	0	0	0	0	0	0	0	0	0	0	0	0	0	0	0	0	0	0	0	0	0	0	0	14	7	0	0	0	0	0	0	0	0	0	0	0	0	0	0	0	0	0	0	0	0	0	0	0	0	0	0	0	0	0	12	0	0	0	0	0	0	19	0	0	0	0	0	0	0	0	0	0	0	13	0	3	0	0	0	0	0	0	0	0	0	0	0	0	0	0	0	22	18	15	12	0	0	0	11	12	0	0	0	0	0	0	0	0	0	0	0	0	0	0	23	19	16	0	0	0	18	0	0	0	0	0	0	0	0	0	0	5	30	34	0	6	0	0	0	0	0	0	18	0	0	0	0	0	0	0	0	0	0	0	0	0	0	18	0	0	0	0	0	0	0	0	0	0	0	0	15	0	0	10	0	0	0	0	0	0	0	0	16	0	0	0	11	0	0	0	0	0	0	0	0	0	0	0	0	0	0	0	16	0	0	0	0	0	0	5	0	0	0	0	0	0	0	0	0	0	0	0	0	0	0	0	19	0	0	0	0	0	0	16	0	0	0	0	0	0	0	14	0	0	0	0	0	0	0	0	0	0	14	0	0	0	0	0	0	0	0	0	0	17	15	0	0	7	0	0	0	0
81	18	0	0	0	0	0	0	0	0	0	0	0	0	0	0	0	0	0	0	0	0	42	0	0	0	17	0	0	0	0	0	0	0	0	0	0	0	0	0	0	0	0	0	18	0	0	0	0	15	0	0	0	0	0	0	0	0	0	0	0	0	0	0	0	0	11	11	0	0	0	0	0	0	0	0	0	0	0	0	0	27	0	0	0	9	0	0	0	0	0	0	17	0	0	15	6	0	0	0	0	0	16	0	0	0	0	0	0	0	0	12	17	0	0	0	0	0	0	0	24	0	0	0	0	0	0	0	0	0	0	17	15	0	0	0	0	0	0	0	0	0	0	0	0	0	0	0	0	0	0	18	0	0	10	0	0	16	13	0	0	1	3	3	3	4	1	0	0	0	0	0	13	12	0	0	0	0	0	0	0	0	0	0	0	0	0	0	0	12	0	0	0	0	0	0	0	0	0	0	9	11	0	13	0	0	0	0	0	0	0	10	0	0	0	0	0	0	0	16	0	0	0	0	0	0	0	10	0	14	11	0	0	0	0	0	0	0	0	0	0	0	0	0	0	0	11	15	0	0	0	0	0	0	0	0	9	0	0	0	0	0	0	0	0	0	0	0	0	0	0	0	0	14	0	0	0	0	0	0	0	0	0	0	0	0	0	0	0	0	0	0	0	0	13	17	0	0	0	0	0	0	12	13	0	0	0	0	0	0	17	0	0	17	10	0	0	0	0	0	0	0	17	0	0	0	0	0	0	0	0	17	0	0	0	0	0	0	0	20	0	0	0	0	0	0	0	0	0	0	0	0	0	0	0	0	0	0	18	0	0	0	0	0	0	0	0	0	0	0	0	11	23	44	8	0	0	0	0	0	0	0	32	7	0	0	0	0	0	0	0	0	0	0	0	0	0	0	0	0	0	0	0	0	0	0	0	0	16	8	15	0	0	27	0	0	0	0	0	0	0	0	0	0	0	0	0	0	0	0	0	0	0	0	11	13	0	0	0	0	0	0	17	0	0	0	0	0	0	13	0	17	0	0	0	0	0	0	0	0	0	0	0	0	0	0	0	0	0	0	9	10	0	0	0	9	0	0	0	0	0	0	0	0	0	0	0	0	0	0	0	0	24	0	0	7	12	0	0	0	0	0	10	0	0	0	18	0	0	6	7	0
0	0	0	0	0	0	0	0	0	0	0	0	0	0	0	0	0	0	0	0	0	0	22	0	0	0	2	0	0	0	0	0	0	0	0	0	0	0	0	0	0	0	7	0	13	16	0	0	0	0	0	0	17	0	0	0	0	0	0	0	0	0	0	0	0	0	0	0	0	0	0	0	13	0	0	0	0	0	0	9	0	0	0	0	17	0	0	0	0	0	11	0	0	0	0	12	0	0	15	0	0	0	0	0	0	6	18	17	0	0	15	18	0	0	14	0	10	0	0	0	0	0	0	0	0	0	0	0	0	0	0	0	0	0	0	0	0	0	0	0	0	0	5	0	0	0	10	0	0	0	0	0	0	0	0	5	22	21	16	0	0	0	0	0	16	1	0	0	0	0	0	0	0	0	0	0	0	0	0	0	0	0	0	0	16	0	0	0	0	0	0	0	0	9	0	0	0	0	0	0	10	0	17	0	0	0	0	0	9	0	0	0	0	0	0	0	25	12	0	0	0	0	0	0	0	0	0	16	0	0	19	17	0	0	0	0	0	16	0	0	0	0	0	17	0	0	0	0	0	0	0	0	0	0	0	0	0	0	0	0	3	0	0	0	0	0	0	0	0	0	0	0	0	13	0	0	0	0	0	0	0	0	0	0	0	0	0	16	0	0	0	0	16	21	0	0	0	0	0	0	0	0	0	0	0	0	11	0	16	0	0	0	12	0	0	0	0	7	0	0	0	0	0	0	0	0	0	12	0	0	0	18	0	0	14	12	0	0	0	0	0	0	0	0	0	0	0	0	0	0	0	0	12	0	0	0	0	0	0	0	0	0	0	0	0	0	0	0	0	0	0	0	0	17	0	16	0	0	0	0	0	0	0	15	0	0	0	0	0	0	0	0	10	0	0	0	0	0	0	0	0	0	8	0	0	0	0	7	17	0	0	0	0	12	0	0	0	0	0	0	0	0	0	0	15	12	16	9	0	0	0	0	0	0	0	0	0	0	0	0	0	6	16	0	0	0	0	0	0	0	0	0	0	0	0	0	0	0	0	0	0	0	0	0	0	15	1	0	17	0	7	11	0	0	0	0	0	0	0	0	10	14	0	0	0	0	0	0	0	0	0	0	13	0	0	15	0	0	0	0	0	0	10	0	0	0	16	0	0	0	0	17
0	0	0	0	0	0	0	0	0	0	0	0	0	0	15	0	0	15	11	0	0	14	0	0	14	0	0	0	0	0	0	0	0	0	0	0	0	0	0	0	0	0	0	11	0	0	0	14	6	0	0	0	0	0	0	0	0	0	0	0	9	0	0	0	0	0	0	16	0	0	0	15	13	0	0	0	0	0	10	11	0	0	0	0	28	0	0	0	0	0	0	0	0	0	0	0	0	17	16	14	0	0	0	0	0	0	0	0	18	29	16	0	0	0	6	14	2	0	0	0	0	0	0	17	17	0	0	0	0	0	0	0	0	0	17	0	0	0	0	0	0	0	0	9	0	11	9	0	0	0	0	0	11	13	20	23	7	0	0	0	9	0	18	0	0	0	0	0	0	0	0	0	0	14	15	0	0	0	0	0	0	0	0	0	0	0	0	0	0	0	0	0	0	0	12	0	0	0	9	0	16	0	0	0	0	0	0	0	0	0	0	18	0	0	0	0	12	0	0	0	0	0	10	16	0	0	0	0	0	0	0	0	0	0	0	0	0	0	0	0	0	0	0	0	18	0	0	0	19	0	0	0	0	0	0	0	0	19	0	0	0	0	0	0	0	0	0	0	0	0	0	0	0	0	0	0	0	0	18	19	0	0	0	0	0	0	0	0	0	0	10	0	0	0	0	0	0	0	0	0	0	0	0	0	0	18	0	0	0	0	0	0	0	0	7	17	0	0	0	0	0	0	0	0	11	0	0	12	0	0	31	16	12	24	14	0	14	0	0	0	0	0	0	0	0	0	0	0	0	0	11	0	14	0	0	0	17	0	0	0	0	0	0	0	18	0	11	0	0	0	12	0	0	11	0	7	18	0	13	11	0	0	0	11	0	0	0	0	0	0	0	0	0	0	0	0	0	0	0	0	0	0	0	0	0	0	0	0	0	0	0	0	0	0	0	0	12	0	0	0	0	0	0	0	0	0	0	0	0	0	0	0	0	0	0	11	0	0	0	0	0	18	0	0	0	13	10	5	0	0	0	0	0	0	0	0	0	0	0	0	0	0	0	9	0	10	0	0	0	17	0	0	0	16	0	0	0	0	0	0	0	0	0	0	0	0	0	0	0	0	0	0	0	0	0	0	0	0	0	0	0	0	0	0	0	0	0	0	18	14	0	7
9	0	0	0	0	0	0	0	0	0	0	0	16	0	10	0	0	0	0	0	0	0	0	16	8	0	0	0	13	16	0	0	0	8	13	0	0	0	0	0	0	0	0	0	0	0	0	0	0	0	0	0	0	0	0	0	18	0	0	0	0	0	0	0	0	0	0	0	0	0	0	0	0	0	0	0	0	0	0	0	0	0	0	0	0	0	14	0	0	0	0	0	0	0	7	16	0	0	0	14	0	0	0	8	0	0	0	0	12	13	0	0	0	0	0	13	11	0	0	0	0	0	0	12	0	0	0	0	0	0	0	0	0	12	0	0	0	0	0	0	0	0	0	0	0	34	23	13	0	0	0	0	15	55	22	0	16	0	0	0	0	0	0	0	0	0	16	11	0	0	0	18	0	0	0	0	0	0	0	0	0	0	0	0	0	0	0	9	0	0	0	0	0	0	0	7	0	14	0	0	0	18	0	0	0	0	0	0	0	0	0	0	0	0	0	0	0	0	0	0	14	0	0	0	0	10	13	0	0	0	0	0	0	0	0	0	0	0	0	0	0	0	0	0	0	0	0	0	0	0	0	0	10	0	0	0	16	0	0	0	0	0	4	1	0	0	0	0	0	0	0	0	0	0	0	0	0	0	9	18	0	0	0	0	0	0	0	0	0	0	0	0	0	0	0	0	0	0	0	0	0	0	0	0	0	0	0	0	0	0	0	18	0	0	0	0	0	11	0	0	12	14	0	0	0	0	0	0	0	0	0	0	16	14	0	0	0	0	0	0	0	16	0	0	0	0	0	0	0	0	0	0	0	0	0	0	9	0	0	5	12	0	0	0	0	0	0	0	13	0	0	0	0	4	15	0	0	0	0	0	0	0	0	0	0	0	0	0	0	0	0	0	0	0	0	12	0	0	0	0	0	0	18	0	0	0	0	0	0	15	0	0	0	0	0	0	0	0	0	0	0	0	0	0	0	0	0	0	0	0	0	0	0	13	20	14	0	0	0	14	0	21	0	0	0	0	0	0	0	0	0	0	0	0	0	0	0	0	0	0	0	0	0	16	0	0	0	0	0	0	11	0	0	0	0	0	0	0	0	0	0	0	14	0	0	0	0	0	0	0	10	0	0	0	0	0	0	0	0	0	0	0	0	0	0	0	0	10	24	10	0	0
0	0	0	0	0	0	0	0	0	17	15	9	0	0	0	0	0	0	0	0	0	0	9	0	0	0	0	14	10	0	0	0	0	9	0	15	0	0	0	0	0	0	0	0	13	0	0	0	0	0	0	0	0	0	0	0	0	0	0	0	0	0	0	0	0	0	0	0	0	0	0	0	11	17	0	0	0	0	0	0	0	0	0	0	0	0	0	0	0	0	0	0	0	0	0	0	0	15	0	0	0	0	0	0	0	0	0	0	0	0	0	0	0	8	0	0	0	0	0	0	0	33	0	11	0	0	0	0	0	0	0	0	0	0	0	0	0	0	0	0	0	0	0	0	0	0	0	0	0	0	0	0	0	29	0	10	0	0	0	0	0	0	0	0	0	0	0	0	0	0	0	0	0	0	0	0	0	0	0	0	0	0	0	0	0	0	0	0	0	0	0	0	0	0	0	20	0	14	0	0	11	0	15	0	0	0	10	0	13	0	0	0	0	0	0	0	0	0	0	0	0	0	0	0	0	0	0	0	0	0	0	0	0	18	0	0	0	0	0	0	0	0	0	0	0	0	0	0	0	0	0	0	0	0	0	15	16	0	0	0	0	0	0	0	0	0	0	0	0	0	0	0	0	0	0	0	0	15	0	0	0	0	0	0	0	0	0	0	0	0	0	0	0	0	0	0	0	0	0	0	0	0	0	9	0	0	0	18	0	0	0	0	0	0	0	0	17	0	0	0	0	10	0	0	0	0	0	0	0	0	0	0	0	17	16	0	0	0	0	0	0	0	0	6	0	0	0	0	0	0	0	0	0	0	16	0	0	0	0	0	10	0	0	0	0	0	0	0	0	0	0	0	0	0	0	0	0	0	0	10	15	0	0	0	0	0	0	0	0	0	0	0	0	0	0	0	14	0	0	0	14	0	0	0	0	0	0	0	0	14	0	24	8	18	12	0	0	0	15	0	0	0	0	0	0	0	0	0	0	0	0	0	0	0	0	0	0	0	0	0	10	18	0	0	12	11	17	0	0	0	0	0	0	0	0	0	0	12	0	0	11	0	0	16	0	0	0	0	0	0	0	0	0	0	0	0	9	14	0	0	0	0	12	16	0	0	0	0	0	0	0	0	0	0	0	0	0	0	9	14	0	0	0	0	0	0	0	0	0	0	13	8
0	0	0	0	0	0	0	0	0	0	0	0	18	0	13	8	0	0	9	0	0	0	0	0	0	14	11	0	0	0	0	0	0	0	0	0	0	0	0	0	0	13	13	0	12	0	17	0	0	0	0	0	0	0	0	0	0	11	0	7	16	0	0	0	0	0	0	0	0	0	0	0	17	0	0	0	0	0	0	0	0	0	0	0	0	0	0	0	0	0	0	0	0	0	0	0	0	0	0	7	0	0	0	0	0	0	0	0	0	0	0	0	12	14	0	0	0	0	18	0	0	0	0	0	0	0	18	0	0	0	0	0	0	0	19	0	0	0	0	0	14	0	0	10	7	0	0	0	6	0	0	0	5	0	0	0	0	0	0	0	0	0	0	0	21	0	0	0	0	0	0	0	0	0	0	0	0	0	0	0	0	0	0	0	0	0	0	0	0	10	0	0	0	0	0	0	0	0	0	0	18	19	12	0	0	10	0	0	8	0	0	0	0	0	0	0	11	0	0	0	0	0	0	16	0	0	0	0	0	0	0	0	0	0	0	0	0	0	0	0	0	0	0	0	0	0	0	0	0	10	15	4	0	0	0	18	9	0	18	0	0	0	0	0	0	0	0	0	0	0	0	0	0	0	0	0	0	0	0	0	0	10	0	0	0	0	0	0	16	0	0	0	0	0	0	33	0	0	0	0	0	0	0	0	0	0	0	0	0	0	0	0	0	0	0	0	0	9	0	0	0	0	16	0	0	0	0	0	0	0	0	15	0	0	12	19	0	0	0	0	0	0	0	5	18	16	6	0	0	0	0	9	0	0	0	0	0	0	0	0	0	0	0	0	0	0	0	0	0	0	0	0	0	0	0	0	0	0	0	10	25	18	0	16	0	0	0	0	0	0	0	0	17	0	0	0	0	0	0	17	0	0	0	0	0	0	0	0	0	0	0	0	0	0	0	0	0	0	0	0	0	13	0	0	4	0	0	0	0	0	0	0	0	0	10	8	0	0	0	0	16	19	20	0	14	0	0	0	0	0	0	0	0	0	0	0	0	0	0	0	0	0	0	0	0	0	0	0	0	0	0	0	0	0	0	0	0	12	0	0	0	0	0	7	0	0	0	0	0	15	0	0	0	0	0	15	0	17	0	0	0	0	0	0	0	0	0	0	0	0	0	0
0	0	0	0	0	0	0	0	0	0	0	1	0	0	0	0	0	0	0	0	0	0	0	0	0	0	0	0	0	0	0	0	0	0	0	0	0	0	0	0	0	0	0	0	0	7	0	0	0	0	16	0	0	0	12	0	0	12	0	0	0	0	0	0	0	0	0	0	0	0	0	0	0	0	0	0	0	0	0	16	0	0	0	10	0	0	0	0	0	0	0	0	0	0	0	17	0	0	0	12	9	15	0	0	0	0	0	17	0	0	27	0	0	9	0	0	0	0	0	0	0	0	0	0	0	16	20	0	0	4	16	0	0	0	0	0	0	0	0	0	11	0	0	0	0	0	12	0	6	0	0	0	0	0	0	0	0	0	10	13	10	0	0	0	14	0	0	0	0	0	15	13	0	14	0	0	0	15	0	0	0	0	0	0	0	0	0	0	0	0	0	0	0	0	0	0	0	0	0	0	0	0	0	0	0	8	0	0	18	0	0	0	0	0	0	0	0	0	0	0	0	0	0	0	0	0	0	0	0	0	0	0	0	0	0	0	0	0	15	0	0	0	0	0	0	0	0	0	0	16	0	0	0	17	0	20	0	11	0	0	0	0	0	0	0	0	0	0	0	0	0	0	0	0	0	0	0	0	0	0	0	0	19	0	0	0	29	33	0	0	0	0	0	0	0	0	0	0	0	0	0	0	0	0	0	0	0	0	0	0	0	0	0	0	0	0	0	17	0	21	0	0	0	0	0	11	0	0	12	0	0	0	0	0	0	0	18	15	0	0	0	0	0	0	0	0	0	0	19	0	0	11	0	0	0	0	0	5	21	0	19	0	0	0	0	0	0	0	0	0	0	0	0	0	0	0	0	0	0	7	6	17	16	0	0	0	19	0	0	0	0	0	0	0	13	22	0	0	0	9	0	0	0	0	0	0	0	0	0	0	0	0	0	0	0	0	0	0	0	0	0	0	0	0	0	0	0	0	0	0	0	0	0	0	14	0	0	0	0	40	21	20	0	0	0	0	0	0	0	0	14	0	0	0	0	0	0	0	11	0	0	0	0	0	0	0	0	0	0	0	0	0	0	0	0	0	0	16	0	0	0	0	0	13	0	7	0	0	0	0	0	0	0	3	0	0	8	0	0	0	0	8	0	0	0	8	0	0	0	0	0	0
0	0	0	0	0	0	0	0	0	0	0	0	0	0	15	12	0	0	0	0	0	14	0	0	0	0	0	0	0	0	0	0	8	0	0	0	0	0	0	0	0	0	13	13	0	0	0	0	0	0	0	0	0	0	20	0	0	0	0	0	0	0	0	0	0	0	0	0	0	0	0	0	0	0	0	18	0	0	0	0	18	0	0	0	0	0	13	13	0	0	0	0	0	0	0	0	0	0	0	0	0	0	0	0	0	0	0	0	15	12	0	0	0	0	0	0	0	10	0	0	0	0	0	0	0	0	15	0	0	0	0	0	0	0	0	0	0	0	0	0	0	0	0	0	0	0	0	0	11	0	0	0	0	0	0	0	0	0	15	6	0	0	0	0	0	0	0	0	0	0	0	0	11	6	0	0	0	0	0	0	0	16	0	0	0	0	0	0	0	0	18	0	18	13	0	18	0	12	13	0	0	0	0	0	0	0	0	0	0	0	0	0	0	0	0	0	0	0	0	0	0	0	0	0	0	0	0	0	0	0	0	0	31	10	0	0	0	0	0	0	0	0	0	0	0	0	0	0	0	0	0	16	18	0	0	0	0	17	0	0	0	10	0	0	0	0	0	0	0	0	0	0	10	0	0	0	0	0	0	0	0	0	0	0	0	0	0	0	0	0	0	0	0	0	18	11	0	0	0	0	0	18	7	11	0	0	0	0	11	0	0	0	0	12	0	0	0	0	0	15	15	0	0	0	0	0	0	0	0	0	0	0	8	0	0	0	0	0	0	0	0	0	0	0	0	0	0	0	0	0	0	0	0	0	0	0	17	13	0	0	0	0	0	0	13	0	0	0	0	0	0	0	0	0	0	15	0	16	0	0	0	0	0	0	0	0	0	0	0	0	0	0	13	18	25	19	0	0	0	0	0	0	0	0	0	0	0	0	0	0	0	0	0	0	0	0	0	0	0	0	0	0	10	0	0	0	0	0	0	0	0	14	0	0	0	0	0	0	0	0	0	0	0	0	0	0	0	0	0	0	0	0	0	0	0	0	0	0	0	0	0	0	0	0	0	0	0	0	0	0	0	0	0	0	0	0	0	0	0	0	0	0	17	15	0	1	0	0	0	0	9	0	0	0	0	0	0	0	0	9	0	0	0	0	0	12	0	0	0	0	0	0
0	0	0	0	0	0	0	12	0	0	0	0	0	0	0	0	0	15	7	18	0	14	0	0	0	0	0	0	0	0	0	0	0	0	0	0	0	0	0	0	0	12	0	0	0	0	0	13	10	0	0	0	0	0	14	0	0	0	18	0	0	0	0	0	0	0	0	0	0	0	0	0	0	0	0	0	0	0	0	10	0	0	0	0	11	0	0	0	0	0	0	0	0	0	0	0	0	0	0	0	0	0	0	0	0	0	0	0	12	0	0	0	0	0	0	0	0	0	0	0	0	0	0	0	10	0	0	0	0	0	0	0	0	0	0	0	13	0	0	0	0	0	0	0	0	0	0	0	33	0	0	14	12	0	0	0	16	0	0	0	0	0	0	0	0	0	0	0	0	0	0	0	0	0	0	0	0	0	8	0	0	0	0	0	0	0	0	0	17	16	8	0	0	0	0	0	0	0	0	0	0	0	0	0	0	15	0	0	0	0	0	0	0	0	0	0	0	0	0	0	31	11	0	0	0	0	0	0	0	40	23	21	20	0	0	0	0	0	14	0	0	0	0	0	0	0	0	0	0	0	14	0	0	0	0	0	0	0	0	0	0	0	0	0	0	0	0	0	0	0	0	0	0	0	0	0	0	0	0	0	0	0	0	0	0	0	0	17	0	16	0	0	0	0	15	0	0	0	0	5	9	0	0	0	0	0	0	0	0	0	0	0	16	12	0	0	0	0	0	0	0	0	0	0	0	0	0	0	0	0	0	0	12	0	0	0	0	0	0	0	0	0	0	0	28	7	11	0	0	0	0	0	0	0	0	0	0	0	4	10	0	0	0	0	0	0	0	0	0	0	0	0	0	0	0	0	16	16	0	0	0	18	0	0	0	0	0	0	0	0	0	10	22	33	0	0	0	0	0	0	0	0	0	0	0	0	0	0	12	12	0	0	0	0	0	0	0	0	0	0	0	0	0	0	0	0	0	10	0	0	0	10	0	0	0	0	0	0	0	0	0	0	0	0	0	0	0	0	0	0	0	0	0	12	9	0	0	0	0	0	0	0	0	0	0	0	0	0	0	13	12	0	0	0	0	12	15	0	0	0	0	0	0	0	0	0	0	0	0	0	0	0	0	0	0	0	0	16	0	0	0	0	0	0	0	0	0	15	0	12	13	0
0	0	0	0	0	0	0	0	0	0	0	0	0	0	0	0	0	0	0	0	0	0	0	0	0	0	0	0	0	0	0	0	0	0	0	0	0	0	0	0	0	0	0	0	10	0	0	0	0	0	0	0	0	0	0	0	0	0	0	0	0	15	0	0	0	15	4	0	0	0	0	0	0	0	0	0	0	0	0	0	0	0	0	0	29	0	0	0	0	0	0	0	13	0	0	0	0	0	0	0	0	0	9	12	0	0	0	0	0	0	0	0	0	0	0	0	0	0	0	0	0	0	0	0	0	0	0	0	0	17	19	0	0	0	0	0	0	11	0	16	0	0	0	0	0	19	0	0	0	0	0	0	0	0	0	0	0	0	0	10	0	0	0	0	0	0	0	0	0	0	0	0	0	0	0	0	0	0	0	0	0	0	0	0	0	0	0	0	0	4	20	18	0	0	17	0	0	0	0	22	0	0	0	0	0	14	0	0	0	0	0	0	10	0	0	0	5	0	0	0	0	0	8	13	0	0	0	0	0	16	0	0	0	0	0	0	0	11	25	9	0	0	0	0	0	11	0	0	0	0	9	0	0	0	0	0	0	0	0	0	3	14	0	0	0	0	0	0	0	0	0	15	0	0	0	0	0	0	9	0	0	0	0	0	0	18	0	0	0	0	0	0	0	0	0	0	0	0	0	0	0	0	8	0	0	12	0	0	0	0	0	0	0	0	0	0	0	0	0	0	0	0	0	0	0	0	0	0	0	0	13	0	0	0	10	0	0	0	0	0	0	17	0	0	0	0	0	0	0	34	0	0	0	0	0	0	0	0	0	13	0	9	0	12	0	0	0	0	0	0	0	0	0	26	27	0	0	0	0	0	0	11	0	0	0	0	0	0	0	0	0	20	11	10	0	0	0	17	0	0	0	18	0	0	0	0	0	0	17	24	7	0	0	9	0	0	0	0	0	0	25	13	0	0	0	0	0	0	0	0	0	0	0	0	0	0	0	0	0	13	0	0	0	0	0	0	0	0	0	0	18	0	0	13	0	0	0	0	0	0	0	0	0	0	0	0	0	0	0	0	0	0	0	19	0	0	0	0	0	0	0	0	0	0	0	0	0	0	0	0	0	0	0	12	16	0	0	0	17	0	0	0	0	0	0	0	0	14	0	0	0	0
0	0	0	0	0	0	0	0	0	0	0	0	0	0	0	0	16	0	0	0	0	0	0	0	0	0	0	0	0	0	0	0	0	0	0	0	0	0	0	0	0	0	0	0	0	0	0	0	0	0	0	0	0	0	0	0	0	0	0	0	0	0	0	0	0	9	0	0	0	0	0	0	0	0	0	0	0	0	0	10	0	0	0	0	0	0	0	0	0	0	0	0	15	0	0	0	0	0	0	0	15	1	6	11	0	0	0	0	0	0	0	0	0	0	0	0	0	0	0	0	0	18	0	0	0	0	0	0	12	0	0	0	0	0	0	0	0	0	0	0	0	0	0	9	0	0	0	0	0	0	0	0	0	11	0	18	0	0	0	0	0	0	0	0	0	0	0	0	0	0	11	0	0	0	0	0	0	0	0	0	8	0	0	0	0	7	15	0	0	0	0	17	11	0	0	0	0	0	0	15	0	0	0	0	0	0	16	0	0	0	0	0	0	0	0	0	17	0	0	0	0	0	0	0	0	0	0	11	0	0	0	0	0	0	0	0	0	0	0	21	0	0	0	0	17	17	0	0	0	0	0	0	15	0	0	16	0	0	0	0	0	11	16	8	0	0	0	0	0	0	0	0	0	13	0	0	11	0	0	0	0	0	0	10	0	0	0	0	0	0	0	0	0	0	0	0	0	0	0	0	0	17	0	0	0	0	0	0	0	0	0	0	0	17	1	3	0	0	0	0	0	0	0	0	0	0	0	0	0	0	24	0	0	0	0	0	0	0	0	0	0	0	0	0	17	0	0	14	21	15	7	0	0	0	0	0	0	0	0	14	0	0	0	0	0	12	0	0	0	0	0	8	12	0	1	0	0	0	0	0	0	17	0	0	0	0	12	14	0	24	17	0	8	10	0	0	0	0	0	0	0	0	0	0	8	0	8	26	12	0	14	0	0	11	6	0	0	0	0	0	0	0	7	0	0	0	0	0	0	0	0	0	0	0	0	0	0	0	0	13	0	0	0	0	0	0	0	0	0	0	0	0	0	11	0	0	0	0	0	0	0	0	0	0	0	0	16	0	0	0	0	0	0	26	10	0	0	0	0	0	0	0	0	0	0	0	0	0	0	0	0	0	0	0	0	0	0	0	0	0	0	0	0	0	0	0	0	0	0	0	0	7
0	0	0	6	12	0	0	0	0	0	17	0	0	13	0	26	0	0	15	0	4	0	0	0	0	0	17	9	0	0	0	0	0	0	0	0	0	0	0	0	0	0	0	0	0	0	16	11	12	0	0	0	0	0	0	0	0	0	11	0	0	0	0	0	0	0	8	16	0	0	0	15	0	0	0	0	0	0	0	16	0	5	0	0	0	17	0	0	0	0	0	0	17	0	10	0	0	12	15	0	0	0	0	0	0	0	0	0	0	0	0	0	0	0	0	17	0	9	14	0	0	0	0	0	0	0	17	0	16	0	0	0	0	0	0	7	0	0	0	17	0	16	0	0	19	0	0	0	0	0	0	0	0	12	0	0	0	0	0	0	0	0	16	0	0	0	10	0	0	0	0	0	0	0	0	0	0	0	0	0	0	0	9	0	0	0	0	0	0	0	0	0	15	0	0	0	0	13	27	0	10	0	0	0	0	0	0	0	0	0	0	17	0	0	0	0	0	0	0	0	13	0	0	0	0	10	0	0	0	0	0	13	12	18	0	0	0	0	0	0	0	0	0	0	0	0	0	0	0	16	0	0	8	0	0	0	0	12	0	0	0	0	0	15	0	0	0	5	0	0	0	0	0	19	0	0	0	0	0	0	0	7	0	0	0	0	0	0	0	0	11	0	0	15	10	0	0	0	0	0	0	0	0	0	16	0	0	0	0	0	0	0	0	0	0	0	0	0	0	0	0	0	16	0	0	15	13	0	0	0	0	0	0	0	0	0	0	0	0	0	15	7	0	0	0	0	0	0	7	17	16	14	0	0	0	0	0	0	0	0	0	0	0	4	0	0	0	0	0	0	0	0	0	0	9	15	0	0	0	0	0	0	0	0	0	0	0	0	16	17	0	0	2	10	0	0	0	0	0	0	0	0	0	0	0	0	0	9	0	0	0	0	0	0	0	0	0	0	17	0	16	0	0	0	0	0	10	0	0	13	11	0	0	0	0	0	0	0	5	6	0	0	0	0	0	0	0	0	0	0	0	0	0	10	0	0	6	8	0	0	0	0	0	0	0	0	15	0	0	0	0	0	0	0	0	0	0	0	0	0	0	0	0	0	0	0	0	0	0	0	0	0	0	0	0	0	0	0	0	0	0	0	0	0	0	0	0	0	0	19	25	14
0	20	0	0	8	0	0	0	0	0	0	0	0	13	0	5	13	0	5	4	15	0	0	0	0	0	0	0	0	0	0	0	0	0	0	0	0	0	9	0	0	0	0	0	10	0	0	0	14	0	0	0	0	0	0	0	0	0	0	0	0	0	0	0	0	0	0	0	0	0	0	10	12	0	0	0	0	0	0	0	0	0	0	0	0	0	16	0	0	0	0	0	0	0	16	0	0	0	0	0	0	10	0	0	0	0	0	0	0	0	0	0	0	0	0	0	0	0	0	0	0	0	0	0	0	0	0	16	9	0	0	0	0	0	0	3	0	0	0	2	0	0	0	0	0	0	0	0	0	0	0	0	0	13	12	0	0	0	0	0	0	0	0	0	0	0	11	0	0	0	0	0	0	0	0	0	0	0	0	0	0	0	0	0	0	0	0	0	0	18	0	0	0	0	0	0	0	0	8	0	0	0	0	0	0	0	0	0	0	0	0	0	0	17	0	0	0	0	0	0	0	0	15	8	0	0	0	0	15	0	0	0	0	0	0	0	0	0	0	0	0	18	0	0	0	0	11	40	31	12	0	0	11	0	11	0	10	11	0	0	0	0	0	11	0	0	12	12	0	0	0	0	0	11	0	0	0	0	0	0	0	16	0	0	0	14	12	0	0	0	0	0	0	19	0	0	0	0	0	0	0	0	0	0	0	0	0	0	0	0	0	0	0	0	0	0	0	0	0	0	0	0	0	0	0	0	0	0	0	0	0	0	0	0	0	0	0	0	0	0	17	0	0	0	0	0	0	0	0	0	0	0	0	0	0	0	0	0	13	13	18	0	4	14	0	0	0	0	0	0	0	0	0	4	0	0	0	0	0	0	0	0	0	10	3	0	9	0	17	0	0	0	8	0	17	0	0	0	0	0	0	0	0	0	0	0	0	0	0	12	14	10	0	0	0	9	0	0	0	0	0	0	0	0	0	0	0	0	0	0	13	0	0	0	0	0	0	0	0	0	0	0	0	0	0	0	0	0	0	0	0	0	0	0	0	10	0	0	0	0	0	0	0	0	0	0	0	0	0	0	0	0	0	0	0	0	0	0	0	0	16	0	0	0	0	0	0	0	0	0	0	14	9	13	0	0	0	0	0	12	0	0	0	0	0	0	0	0	0	0	13	17
0	0	0	0	0	0	0	0	0	0	0	0	0	0	0	0	0	0	0	0	0	0	0	0	0	0	0	0	10	0	0	0	0	0	0	0	0	0	0	0	0	0	0	0	15	0	0	0	0	0	0	0	0	0	0	5	0	0	0	0	0	0	0	9	0	0	0	0	0	0	0	0	32	10	0	0	0	0	0	0	0	0	0	0	0	0	0	0	0	0	0	0	0	0	0	9	0	0	0	0	0	34	11	0	0	0	0	0	0	0	0	0	0	0	0	0	0	0	0	0	0	0	0	0	0	0	0	0	26	0	11	11	0	0	0	0	0	0	0	0	0	15	0	0	0	0	0	0	0	0	0	0	0	0	0	0	0	0	0	0	0	0	0	0	0	0	0	0	0	0	0	0	0	0	0	0	0	0	0	0	0	0	0	0	0	0	0	0	0	0	0	0	0	0	0	0	0	0	0	0	0	0	0	0	0	0	0	0	17	0	18	0	0	0	0	0	0	0	0	0	0	0	0	0	0	0	0	0	0	0	0	15	0	0	0	0	0	0	0	0	0	0	4	18	10	0	32	35	22	18	0	0	0	0	0	0	14	17	0	0	0	0	0	18	13	0	0	0	0	0	0	9	26	17	0	0	0	0	0	10	19	0	0	0	0	0	0	0	0	0	0	0	0	0	242	0	0	0	0	0	12	0	0	0	0	0	0	0	0	0	0	0	0	0	0	0	0	0	0	0	0	0	0	0	0	0	0	0	0	0	0	0	0	9	0	0	10	0	0	0	0	19	0	21	0	0	0	0	0	0	0	0	15	0	0	0	0	0	0	0	0	0	0	9	0	0	0	0	0	0	0	0	0	17	0	0	0	0	0	0	0	0	0	0	26	10	0	17	8	0	0	0	0	0	16	1	0	0	0	0	0	0	0	0	0	0	0	17	0	0	0	0	0	0	0	17	0	0	0	0	0	0	0	0	0	0	0	0	0	0	27	0	0	0	8	17	0	0	0	0	0	0	0	0	0	0	0	0	0	0	0	0	0	0	0	0	0	15	0	0	0	0	0	0	0	0	0	0	0	0	0	12	0	8	0	0	0	0	0	0	0	0	0	0	0	0	0	0	0	0	0	0	0	13	0	0	0	0	0	0	0	0	0	0	0	0	0	9	0	0	0	12
0	0	0	0	0	0	21	0	12	17	0	16	0	0	0	0	0	0	12	0	8	13	0	0	0	0	0	0	0	0	0	0	0	0	0	0	0	0	0	0	0	0	0	0	0	0	0	0	0	0	0	0	0	0	0	0	0	0	0	2	3	2	3	0	0	0	0	0	0	0	0	0	0	0	16	0	0	0	0	0	12	0	0	0	13	15	0	0	0	0	0	0	0	15	0	0	0	0	0	0	0	0	0	0	0	0	0	0	0	0	0	0	0	0	0	0	0	0	0	0	0	0	0	0	0	0	0	0	26	7	0	0	0	0	0	0	0	0	0	0	0	0	0	0	0	0	0	0	0	0	0	0	0	0	0	8	0	0	0	0	0	17	0	0	0	0	0	11	10	0	0	0	0	0	0	9	0	0	0	0	0	0	0	0	0	18	0	0	0	0	0	0	0	0	0	0	0	0	0	0	0	0	0	0	0	0	0	0	0	0	0	0	0	11	0	16	0	17	0	0	0	0	0	0	0	0	0	0	0	0	16	0	0	0	0	9	0	0	0	0	0	0	0	6	16	0	31	12	0	0	9	0	0	0	0	0	0	20	19	0	0	0	0	11	27	0	0	0	0	0	0	0	0	0	0	0	0	0	0	0	0	0	0	0	0	0	0	0	0	0	0	20	0	0	0	0	0	0	0	0	0	0	0	0	0	0	0	0	0	0	0	16	9	0	0	0	0	3	28	20	0	0	0	0	0	0	0	0	0	0	0	0	0	0	0	0	0	0	0	0	0	0	0	0	0	0	0	0	0	17	0	0	0	0	0	6	0	0	0	0	0	0	0	0	0	0	0	0	0	0	15	0	0	0	0	0	0	0	0	0	0	0	0	0	0	0	0	14	0	0	0	0	1	0	0	0	15	9	0	0	0	10	0	0	0	0	0	0	0	0	0	0	0	0	0	0	0	0	0	0	18	0	0	0	0	0	0	0	0	0	16	0	0	0	0	0	0	0	0	0	0	0	0	0	0	0	0	0	0	0	0	0	0	17	0	17	0	9	0	0	0	0	0	0	0	0	0	0	0	0	0	0	0	0	0	0	0	0	0	0	0	0	0	0	0	0	0	0	0	0	0	0	0	10	0	16	0	0	0	0	0	9	0	0	0	0	0	0	0	0	0	0
0	0	0	0	0	0	0	0	0	0	0	0	0	0	0	0	0	18	13	0	0	0	0	0	0	0	0	0	0	0	0	0	11	0	0	0	0	0	0	0	0	15	0	0	16	40	11	15	0	0	0	0	0	0	0	0	0	0	3	4	3	4	4	4	1	0	0	0	0	0	0	0	0	0	0	0	0	0	0	0	14	0	11	0	0	1	0	0	0	0	0	0	0	0	0	0	0	0	0	0	0	0	0	13	14	0	0	14	0	0	18	0	0	0	0	0	0	0	0	0	0	0	12	12	0	11	0	0	0	31	0	0	0	0	0	0	0	0	0	0	0	0	0	18	0	0	0	0	0	0	0	0	0	0	0	0	18	0	0	0	0	0	0	12	0	0	0	0	9	0	0	0	0	0	0	11	8	0	0	0	0	0	0	0	0	0	0	0	0	0	0	0	0	0	0	0	10	0	0	0	0	0	0	0	0	0	0	0	0	0	0	0	0	0	0	0	0	0	0	0	0	0	0	0	0	0	0	0	0	0	0	0	0	0	0	0	0	0	0	0	0	0	0	0	0	11	0	0	0	0	0	0	0	0	0	0	0	0	14	26	14	0	0	0	7	0	0	0	0	0	0	0	0	0	0	0	0	0	0	0	0	0	0	0	0	0	0	0	0	0	0	0	0	0	0	0	0	0	0	15	0	0	0	0	0	0	0	0	0	0	0	0	0	0	0	0	0	16	45	26	9	0	19	0	0	0	0	0	0	0	0	0	0	0	0	0	3	3	0	0	0	0	0	12	9	0	0	0	0	0	0	0	0	0	10	12	0	0	0	0	0	0	0	0	0	0	0	0	0	0	13	0	0	0	0	0	0	0	0	9	0	0	0	0	0	0	0	16	0	0	0	0	0	0	43	0	0	0	0	0	0	0	0	0	0	0	0	0	0	0	0	0	10	12	11	0	0	0	0	0	0	0	0	15	0	0	13	0	0	0	0	0	0	0	0	16	0	0	0	0	0	0	0	0	0	0	8	0	0	0	0	17	0	11	0	0	0	0	0	0	0	0	0	10	0	0	15	11	0	0	0	0	6	0	0	16	23	10	0	13	16	0	0	0	0	0	0	0	0	0	0	0	0	0	0	9	0	0	0	0	0	0	0	0	0	0	0	0	18	0	0	0
0	9	14	0	0	0	0	0	0	0	0	13	14	0	0	0	0	0	0	0	0	0	0	0	0	14	0	0	16	0	0	0	0	0	0	0	0	0	0	0	0	0	0	0	9	0	0	0	0	0	0	0	0	0	0	0	0	3	4	6	16	18	16	20	3	1	17	0	0	0	15	0	0	15	0	0	0	0	0	0	0	0	0	0	0	0	16	0	0	0	0	0	0	0	0	0	0	0	0	0	0	0	15	0	0	0	0	0	0	0	0	0	0	0	0	0	0	15	0	0	0	0	0	0	0	0	0	0	18	18	0	0	0	0	0	0	0	9	0	0	0	0	0	11	0	0	0	0	0	0	0	0	0	0	0	0	0	0	0	9	0	0	0	13	0	0	0	0	0	1	0	0	0	17	10	0	16	0	0	0	0	0	0	12	0	0	0	0	0	0	0	0	0	0	0	0	0	0	0	0	0	0	10	0	0	0	3	13	0	0	0	0	0	0	0	0	0	0	11	13	0	0	0	12	12	0	0	0	0	16	26	0	0	0	0	0	0	0	0	0	0	17	0	0	0	0	0	0	0	0	8	0	0	0	0	0	0	0	0	0	0	0	0	0	0	0	0	14	0	0	0	11	14	0	0	0	0	0	0	0	15	1	10	0	0	0	0	0	0	0	0	14	0	0	0	0	0	0	0	0	0	0	0	0	0	16	0	0	0	0	18	0	0	0	0	0	0	0	12	0	15	0	15	25	17	0	0	9	0	8	0	0	0	0	1	3	18	20	27	18	25	0	0	0	0	0	0	0	0	0	0	0	0	0	16	0	0	0	0	0	0	0	0	0	0	0	0	0	0	0	0	0	0	0	0	0	0	0	9	14	0	7	0	0	0	0	9	13	19	0	0	0	9	0	10	0	0	14	0	0	0	0	0	0	0	0	0	0	0	0	0	0	0	0	15	0	0	0	0	0	0	25	0	0	0	0	22	0	0	0	0	0	0	0	0	0	0	16	0	0	11	0	12	16	0	0	0	0	0	15	0	14	0	0	0	0	0	0	0	0	17	0	0	0	0	0	11	0	0	0	0	0	0	17	0	0	0	0	0	0	0	0	0	0	0	0	0	0	0	0	9	0	0	0	0	0	0	33	0	0	0	0	0	10	0	0	8	0	0	0	0	18
0	0	0	0	0	0	0	0	0	0	0	13	10	0	0	0	0	0	0	10	0	0	0	0	0	6	0	0	9	0	0	0	0	0	0	0	0	0	0	0	0	0	0	0	0	0	0	0	0	0	0	0	0	11	0	0	2	3	5	22	178	211	50	5	3	3	19	0	0	0	18	0	0	0	0	0	0	0	0	0	0	0	0	11	0	0	0	0	0	0	0	15	0	0	0	0	0	0	0	0	0	0	11	0	0	0	0	0	0	0	7	0	0	0	0	0	0	0	10	0	11	20	0	0	0	0	0	0	0	0	0	0	0	0	16	0	0	14	10	0	12	0	14	14	0	0	0	0	0	0	0	0	0	0	0	0	0	0	0	6	16	0	0	15	0	0	0	0	0	15	0	0	0	0	0	0	0	0	0	0	0	0	0	0	0	0	0	0	0	0	0	0	0	0	0	15	0	0	0	0	0	0	0	0	0	0	0	0	0	0	0	0	0	0	0	0	0	0	0	0	0	0	0	0	0	0	0	0	0	0	14	0	0	0	0	0	0	0	0	0	0	0	0	0	0	0	0	0	0	0	16	15	0	0	0	0	18	0	0	0	0	0	0	0	0	0	0	0	0	0	0	0	0	18	0	0	18	0	8	9	0	0	13	0	0	0	0	0	0	0	18	13	0	17	13	0	0	0	0	0	0	0	19	0	0	0	0	0	0	0	0	0	0	0	0	0	21	11	0	0	0	0	0	0	0	0	0	0	0	0	0	0	0	13	19	26	84	105	30	10	0	0	0	0	15	0	17	0	0	0	0	0	0	0	0	17	0	0	0	0	0	0	0	0	0	0	0	0	0	0	0	0	0	0	0	0	0	0	16	20	16	0	0	0	0	0	23	0	0	0	0	0	0	0	16	11	0	23	0	0	0	0	0	0	0	0	0	0	17	0	0	11	0	0	0	10	0	0	0	0	0	0	0	0	0	0	0	0	0	0	0	0	0	0	0	0	0	0	0	0	13	15	0	0	0	0	0	0	15	0	0	8	0	0	0	0	27	15	0	8	0	0	0	0	0	14	12	0	0	0	0	0	0	0	0	0	0	0	0	0	0	0	0	0	0	0	0	0	0	0	5	16	0	0	0	0	0	0	0	0	11	0	0	0	0	0	0	0	0	0	0	0
0	0	0	0	0	0	0	0	0	0	11	0	0	0	0	0	0	0	0	0	0	0	0	13	36	27	0	0	0	0	0	0	17	22	0	0	0	0	0	9	0	0	0	16	0	0	0	0	0	0	0	0	0	0	0	0	2	3	5	67	687	896	152	9	4	3	0	0	0	0	0	0	0	0	0	0	0	0	0	0	0	0	0	0	0	0	0	0	0	0	17	0	0	0	0	0	0	0	0	0	0	0	0	0	0	0	0	0	0	11	0	0	17	0	16	4	0	0	15	0	0	0	0	0	0	0	0	0	0	0	0	0	0	0	0	0	0	8	0	0	0	0	0	0	0	0	0	0	15	0	0	0	0	0	0	0	0	0	0	0	0	0	0	11	0	0	0	0	0	0	0	0	0	0	17	0	0	0	0	0	0	0	0	0	0	0	0	0	0	0	0	0	0	0	0	0	0	0	0	0	0	0	13	0	0	0	0	0	0	0	0	0	0	0	0	0	0	0	0	0	0	0	13	10	0	13	0	0	0	0	0	0	0	0	13	0	0	0	0	9	0	0	0	0	0	0	0	0	0	0	0	5	11	0	0	0	0	0	0	0	0	0	0	0	0	0	0	12	0	0	0	0	0	0	0	19	0	0	0	0	15	0	0	0	0	0	5	0	0	0	0	0	0	0	0	0	0	0	0	0	0	0	0	0	0	0	0	0	0	0	0	0	0	0	16	10	0	0	0	0	0	0	0	0	0	0	0	0	0	0	14	21	16	6	3	20	203	221	38	3	12	0	0	0	0	0	13	0	0	0	0	0	10	0	0	0	0	0	0	0	0	0	13	0	0	0	0	14	10	0	0	0	0	0	0	0	10	8	0	0	0	0	0	0	0	0	30	0	0	0	0	6	14	0	0	0	0	0	0	0	10	0	0	0	0	0	0	0	0	0	0	0	0	0	0	18	0	0	0	0	0	0	0	0	0	0	0	0	0	0	0	0	0	0	17	13	0	0	0	0	0	0	0	0	0	0	8	12	12	0	6	0	0	0	5	0	0	0	0	0	0	0	0	0	0	0	0	16	11	18	0	13	0	17	0	18	15	0	0	0	0	0	0	0	0	14	0	0	0	0	0	0	0	0	0	0	0	0	13	12	0	0	0	0	0	0	0	0	0	0	0	0
15	0	0	0	10	0	0	0	0	0	0	0	15	0	0	0	0	0	7	0	0	0	0	0	29	15	16	0	0	0	0	0	0	13	0	0	0	0	0	0	0	0	16	0	0	0	0	0	0	0	0	0	11	0	0	0	2	4	5	42	279	433	106	6	3	3	0	0	0	0	0	0	0	0	0	0	0	0	0	0	0	0	0	0	0	0	0	0	0	0	9	0	0	0	0	0	0	0	0	0	0	0	0	0	0	0	0	0	0	0	0	0	8	0	0	0	0	0	0	0	0	0	0	0	0	0	0	0	0	0	0	0	0	0	0	8	0	16	0	0	0	8	0	0	0	0	0	0	0	0	0	0	0	0	0	0	0	0	0	0	0	0	0	0	0	0	0	0	0	0	0	0	0	0	0	0	0	0	0	0	0	0	0	0	0	0	0	0	12	0	0	0	0	0	4	0	0	0	0	0	0	0	13	0	0	0	0	0	0	0	0	0	0	0	0	0	5	19	0	0	0	0	8	0	0	12	0	0	0	0	0	0	17	0	0	0	0	0	0	0	0	0	0	0	0	0	0	0	0	0	0	0	0	0	0	0	0	0	0	0	0	0	0	0	0	0	0	0	0	0	0	0	0	2	0	0	18	0	0	0	0	0	0	0	0	10	27	15	0	0	0	0	0	0	0	0	0	0	0	0	0	0	0	0	0	0	0	0	0	0	0	0	0	0	0	0	12	0	0	0	0	0	0	0	13	13	7	0	0	0	0	0	6	8	13	21	88	102	16	3	16	0	0	0	0	0	0	0	0	0	0	0	16	0	0	0	0	0	0	0	0	0	11	0	0	0	0	0	0	0	0	0	0	0	0	0	0	0	0	0	0	0	0	0	0	0	26	7	0	0	0	0	0	0	0	0	0	0	0	0	0	0	0	0	0	0	0	0	0	0	0	0	0	0	0	0	0	0	0	0	0	0	0	0	0	0	0	0	0	16	0	11	14	0	0	0	0	17	7	0	0	0	0	0	0	0	0	14	0	0	18	0	0	0	0	17	0	0	0	0	0	0	0	0	0	0	0	12	15	0	0	0	0	0	0	0	0	0	9	0	0	0	0	0	0	0	0	0	0	22	41	0	0	0	13	0	0	0	2	4	0	0	0	0	0	0	0	0	0	0	0	4
20	0	0	0	0	0	0	0	0	0	0	0	0	0	0	0	0	0	0	0	0	0	0	0	25	22	0	0	0	0	0	0	0	0	17	15	0	14	11	0	0	0	0	14	17	0	0	0	0	0	0	0	0	0	16	13	1	3	4	8	39	71	13	4	3	0	0	0	0	0	0	0	0	0	8	0	0	0	15	0	0	0	0	0	0	0	0	0	0	0	0	0	0	0	0	0	9	0	0	0	0	0	0	0	0	0	0	0	0	5	0	0	0	0	0	0	14	0	0	0	0	0	0	0	0	0	0	0	0	0	0	0	0	0	0	0	11	0	0	0	0	15	0	0	0	0	0	0	0	0	0	0	0	0	0	0	0	0	0	0	0	0	5	17	13	15	19	15	14	16	18	20	20	48	12	0	0	11	0	10	0	0	0	0	0	0	0	8	0	0	0	0	0	0	0	0	0	0	0	0	0	0	0	0	0	0	0	0	22	14	0	0	0	0	0	0	0	0	0	0	0	0	0	0	0	10	0	0	0	0	0	0	10	0	15	0	0	0	6	14	0	0	0	0	0	0	0	0	0	0	0	0	0	16	2	0	0	0	0	16	0	0	0	0	0	0	0	0	0	0	0	0	0	0	0	0	0	0	0	0	0	0	12	0	0	0	0	0	24	0	0	0	0	0	0	0	0	0	0	0	0	0	0	0	0	0	0	0	0	0	0	0	0	0	0	0	0	0	0	0	11	25	8	0	0	0	0	0	7	0	0	0	0	0	0	7	5	5	12	2	0	0	0	0	0	0	0	0	0	0	0	0	0	0	0	0	0	0	0	0	0	0	0	0	19	0	17	0	0	0	15	0	0	0	0	0	17	0	0	8	0	0	0	0	0	14	0	0	0	0	0	0	9	0	0	0	0	10	10	0	0	16	0	17	0	0	0	0	0	12	0	16	0	0	0	15	0	0	0	0	0	0	10	0	0	0	0	0	0	0	0	0	0	0	0	0	0	0	0	0	0	0	0	0	0	0	18	8	0	0	0	0	0	0	0	0	14	0	0	0	0	0	0	0	15	0	0	0	0	0	0	0	0	0	12	12	26	0	19	0	0	0	0	0	0	0	0	0	0	14	0	0	0	0	0	0	0	0	0	0	0	0	0	11	0	0	0	14	0	0	0	0
0	0	0	0	0	0	0	0	0	0	0	0	0	0	0	0	0	0	0	0	11	0	0	0	0	0	0	0	0	0	12	0	0	0	4	0	32	0	0	0	0	0	0	0	0	0	0	0	0	0	0	0	0	0	0	8	0	2	3	4	5	13	4	4	3	0	0	0	0	0	0	0	0	0	0	0	0	0	10	0	0	19	0	0	17	0	0	0	0	0	0	0	0	0	0	0	0	0	0	0	0	0	9	0	0	0	0	0	0	0	0	0	0	0	0	0	15	0	0	0	0	0	0	0	0	0	0	0	0	0	0	0	0	0	17	0	0	0	0	10	0	0	0	0	0	15	0	0	18	0	0	0	0	0	0	0	0	0	0	0	0	0	0	0	0	0	0	0	0	0	0	0	0	27	0	0	0	13	24	7	0	0	0	0	0	0	16	0	0	0	0	0	0	0	0	0	0	0	0	0	0	0	0	0	11	16	0	0	0	0	0	0	0	0	0	0	0	0	0	0	17	0	0	0	0	0	0	0	12	0	0	0	0	0	15	22	17	0	0	0	0	0	0	0	0	0	0	0	0	0	0	19	0	0	0	0	0	24	14	0	0	0	0	0	0	0	0	15	10	35	10	0	0	0	0	0	0	0	0	0	0	0	0	6	0	0	0	0	10	0	0	0	0	0	0	0	0	0	0	0	0	0	0	0	0	0	0	0	6	17	0	16	0	12	0	0	0	0	0	0	0	18	14	0	0	0	0	0	0	0	0	0	0	0	0	0	2	2	2	0	0	0	0	0	0	0	0	0	0	0	0	0	0	0	0	13	12	0	0	0	0	0	0	0	0	0	0	0	20	0	0	0	0	0	0	0	0	10	0	0	0	0	0	0	0	16	0	0	19	0	0	0	0	0	0	0	0	9	12	0	0	0	0	0	0	0	0	0	0	0	0	0	0	0	0	0	0	0	0	0	0	0	13	0	0	0	0	0	0	0	0	0	0	13	12	13	0	0	0	0	0	0	0	0	0	0	16	0	0	0	0	0	0	0	0	6	12	0	0	17	11	0	0	0	0	0	16	0	0	0	0	0	0	0	2	0	0	0	0	0	0	0	0	0	0	0	0	0	0	0	0	0	0	0	0	0	0	0	0	0	0	15	0	0	0	0	0	0	0	0	0	0
0	14	12	0	34	8	0	0	0	0	0	0	13	0	0	0	0	0	13	14	0	0	0	0	0	0	0	9	0	0	0	0	0	18	18	0	12	0	0	0	0	0	0	0	0	3	0	0	0	0	0	0	0	0	0	0	0	0	2	3	15	3	3	2	0	0	0	0	0	0	0	0	0	0	16	0	16	0	0	0	0	11	0	0	18	0	0	0	0	0	0	0	0	0	13	0	0	0	0	0	0	0	0	0	0	0	0	0	0	0	0	0	0	0	0	0	0	9	0	0	0	0	0	0	0	0	0	0	0	0	0	11	16	19	0	0	0	0	0	0	14	0	0	0	0	20	17	0	0	0	0	0	0	0	0	0	0	0	0	0	0	0	0	0	0	0	0	24	0	0	0	0	0	0	0	0	0	12	8	0	0	19	19	0	0	0	0	0	0	0	0	0	0	0	0	0	0	0	10	0	0	0	0	0	0	0	0	11	17	0	0	0	12	0	0	0	0	0	0	0	10	0	12	8	0	0	0	0	0	0	0	0	0	13	16	9	0	0	0	0	15	0	0	0	0	12	0	0	0	0	0	0	0	0	0	0	0	0	0	0	0	0	0	0	0	0	0	0	0	0	11	0	0	0	0	0	0	0	0	0	0	10	0	0	0	0	0	0	0	0	0	0	0	0	0	0	0	0	0	0	0	0	0	17	0	0	0	0	0	0	0	5	0	15	0	0	0	0	0	0	0	8	11	0	0	0	0	21	12	0	0	0	0	0	0	0	8	0	0	0	0	0	0	0	0	0	12	0	0	0	0	0	0	0	0	0	0	14	0	0	0	16	0	15	0	0	10	0	19	0	0	0	0	0	0	0	0	0	0	0	0	0	0	0	0	15	0	0	0	0	0	0	0	0	0	0	0	0	0	0	0	14	0	0	0	0	0	0	3	15	2	1	0	0	0	0	0	0	0	0	0	0	0	0	0	0	0	0	0	0	0	0	0	0	0	11	0	0	0	0	0	0	10	0	12	16	4	0	0	0	0	0	0	0	0	13	23	0	0	0	0	0	0	0	0	0	0	0	17	0	0	0	0	0	0	0	0	0	0	0	0	0	0	0	0	0	9	0	0	0	0	0	0	0	0	0	0	0	0	0	0	0	0	0	0	0	0	0	0	0	0	0
11	0	17	0	0	0	0	0	0	0	0	0	11	0	0	0	0	16	0	0	0	0	0	0	0	0	0	0	0	0	0	0	0	0	0	0	0	0	0	0	0	34	0	0	13	13	0	0	0	12	10	10	0	10	0	0	0	14	0	0	1	13	0	0	0	0	0	0	0	17	0	0	0	0	0	0	0	0	11	0	0	16	0	0	0	11	0	0	8	0	0	0	0	0	0	0	0	0	0	0	0	0	0	0	7	0	0	0	0	0	0	0	0	0	0	0	0	0	0	0	0	0	0	4	0	8	0	0	0	0	0	0	0	0	0	0	0	0	0	0	0	0	0	13	0	0	0	0	0	0	0	0	0	0	0	0	0	0	0	0	0	0	0	0	0	0	0	0	0	0	0	0	0	22	0	0	0	0	0	0	0	11	0	0	0	0	0	15	0	0	0	0	0	0	0	0	0	0	11	0	0	0	0	0	0	0	0	0	0	0	0	0	0	20	16	0	0	0	18	0	0	19	30	10	0	0	0	0	13	11	0	0	0	0	0	0	0	0	0	0	0	0	0	0	8	0	0	0	5	0	0	3	0	0	0	12	0	15	0	0	0	0	0	0	0	0	0	0	0	0	0	0	17	0	0	0	0	0	11	15	16	0	0	0	0	0	0	0	0	0	0	0	0	0	0	0	0	39	0	0	0	0	12	13	0	0	0	0	23	5	0	0	0	0	0	0	0	0	0	0	7	7	12	0	0	0	0	5	0	0	0	0	0	0	0	0	0	0	0	0	0	0	0	0	0	0	15	0	0	0	0	0	0	0	0	0	0	0	0	0	0	0	0	12	0	0	0	0	21	13	0	0	0	0	11	0	11	0	0	0	7	0	0	0	0	17	8	16	0	0	9	10	0	0	0	0	0	0	0	0	0	10	0	0	0	0	0	3	4	8	17	3	3	0	0	0	0	0	0	0	0	0	10	14	17	0	10	0	0	0	0	0	0	0	0	0	0	0	0	13	12	0	15	16	17	13	0	0	0	0	0	0	0	0	0	0	0	0	0	0	0	11	0	0	0	0	0	0	0	0	0	0	0	0	0	0	0	0	13	15	0	0	0	0	0	0	0	17	0	12	0	0	0	13	3	0	0	0	0	0	0	0	0	0	0	14	0	0	0	0	0	0
0	0	0	0	15	0	0	0	0	0	0	0	13	0	0	0	0	0	14	10	0	0	0	0	0	10	0	0	0	0	0	0	0	0	9	0	0	0	9	27	0	0	0	0	0	0	0	16	0	9	0	0	0	0	0	0	0	8	0	0	11	0	18	0	0	0	0	0	0	0	0	0	0	0	0	0	0	0	26	0	0	0	19	0	0	0	0	0	0	0	0	19	0	0	11	0	0	0	0	0	10	0	0	0	0	0	0	0	0	0	0	0	0	0	0	0	0	0	0	0	0	0	0	16	0	0	0	0	0	0	0	0	14	0	0	0	0	0	0	0	0	0	0	0	0	0	0	0	0	0	0	0	0	0	13	13	0	0	0	0	0	0	0	0	11	10	10	0	5	0	0	0	0	0	0	0	0	0	0	0	0	8	0	10	18	0	0	0	0	0	0	0	0	0	0	0	0	14	31	0	0	0	0	0	0	0	0	0	0	0	0	0	0	21	15	0	0	0	0	0	25	16	0	0	0	0	0	0	0	0	0	0	0	0	10	0	0	10	0	0	0	0	0	0	0	0	0	0	0	16	0	17	0	0	0	0	0	0	0	0	0	0	0	19	0	0	0	18	0	7	0	15	9	0	0	0	10	0	0	0	14	0	0	0	0	0	0	0	0	0	0	0	0	0	0	0	0	0	0	0	0	0	11	16	0	0	0	10	16	0	0	0	0	0	0	0	0	0	0	0	0	0	0	0	8	0	0	0	0	0	0	0	0	0	16	0	0	0	0	0	0	0	0	0	0	0	0	0	0	0	0	0	0	0	0	0	0	0	0	0	0	0	0	0	0	0	0	17	17	0	0	0	0	0	0	0	0	0	0	0	0	0	0	0	11	14	14	0	0	0	8	5	0	0	0	0	0	0	0	0	0	0	0	14	0	16	3	4	4	8	7	4	4	3	0	0	0	11	0	0	0	0	0	10	0	0	0	0	0	0	0	0	0	0	0	0	0	0	0	0	0	0	0	28	9	0	0	0	0	0	0	0	0	0	0	0	0	0	0	0	0	0	0	0	0	0	0	17	0	0	0	0	9	0	0	0	0	0	0	0	0	0	0	0	0	0	0	0	0	14	0	0	0	13	0	0	0	0	17	0	0	0	0	0	0	0	0	0	0	16	0	0
0	0	0	0	0	0	0	0	0	0	0	0	0	0	0	0	0	0	17	5	0	0	0	0	0	0	10	0	14	0	0	0	0	0	0	0	0	0	0	0	0	0	0	0	0	0	0	0	0	0	12	0	0	15	0	0	0	0	0	0	0	0	0	0	0	0	0	0	0	0	0	0	0	0	0	0	0	0	0	0	0	10	0	0	0	0	0	0	0	0	0	0	0	16	0	0	0	13	17	0	14	0	0	0	0	0	0	0	0	0	9	0	0	0	0	0	0	0	0	0	0	0	0	10	0	18	0	14	0	0	0	0	16	0	0	0	0	0	0	0	0	0	0	0	0	0	0	0	17	0	0	0	0	0	12	4	0	0	0	0	0	0	0	0	0	18	0	0	8	0	0	0	0	0	0	0	11	0	0	0	0	0	0	0	0	0	0	0	0	16	0	0	0	0	0	0	0	0	0	27	0	0	0	19	20	0	0	0	0	0	0	0	0	0	0	0	0	0	0	0	26	14	0	0	0	0	0	0	0	0	9	16	0	0	16	0	0	0	0	0	0	0	0	0	0	0	0	0	0	6	15	0	0	0	0	0	0	0	0	0	13	0	0	0	0	0	0	0	0	0	0	2	0	0	0	0	0	0	0	11	0	0	0	0	0	0	0	0	10	0	0	0	0	0	0	0	10	0	0	10	0	0	0	0	0	0	0	0	0	0	0	0	0	0	0	0	0	0	0	0	0	0	0	24	24	6	0	0	0	0	0	0	0	0	0	0	0	0	0	0	0	0	0	17	0	18	17	0	0	0	0	0	11	0	0	0	0	0	0	0	0	0	0	13	0	0	0	0	0	0	0	0	0	0	0	0	0	0	0	0	0	0	0	14	0	0	0	0	0	0	0	0	0	0	0	0	0	0	14	0	0	0	0	0	0	2	4	4	25	140	122	16	4	3	0	0	0	0	0	0	0	0	0	0	0	16	0	0	0	0	0	0	0	0	12	0	32	8	0	0	0	0	16	4	0	0	0	0	0	0	0	0	0	0	0	0	0	0	0	0	0	0	0	3	16	0	0	0	0	0	0	0	0	0	0	0	0	0	0	0	0	0	0	0	0	0	0	0	0	0	0	0	0	0	0	0	0	8	16	0	0	0	0	0	0	0	0	0	0	0	0	0
0	12	13	7	0	0	0	0	0	0	0	9	0	0	0	0	0	0	0	0	0	0	0	0	0	0	0	0	0	0	0	0	0	9	16	0	0	0	0	0	0	0	17	11	17	18	0	0	0	0	0	0	0	0	0	0	0	0	0	8	0	0	0	0	0	0	0	0	0	0	0	0	16	7	0	0	0	0	0	0	0	10	12	10	0	0	0	0	0	0	10	0	15	0	0	0	0	0	0	0	0	0	0	0	0	0	12	0	0	11	0	0	0	0	0	0	0	0	17	0	14	0	0	0	0	0	0	0	0	0	0	35	0	0	0	0	0	0	0	0	0	0	0	0	0	0	0	0	17	0	11	0	0	0	17	0	0	0	0	0	0	0	0	0	0	0	0	0	0	0	0	0	0	0	0	0	0	0	0	0	0	15	0	0	0	0	0	0	0	0	0	0	0	0	0	0	0	0	0	0	0	0	12	0	0	0	10	0	0	0	0	0	0	0	0	0	0	0	0	0	21	0	0	0	0	0	0	0	0	0	18	0	0	0	0	0	0	14	0	0	0	0	0	0	0	0	0	0	0	0	0	0	0	16	0	0	0	10	0	0	0	0	0	0	0	0	0	17	0	17	0	0	0	0	0	0	0	0	11	18	0	0	0	16	0	0	0	0	0	0	0	0	0	0	0	0	0	0	0	0	16	0	0	0	0	0	0	0	0	0	0	0	0	0	4	0	0	0	0	0	0	0	0	0	0	0	0	0	0	0	0	0	0	0	0	0	0	0	0	0	0	0	0	0	0	0	0	0	0	0	0	0	0	0	0	0	0	16	10	0	0	0	0	0	0	0	0	0	0	0	11	0	0	0	0	0	0	0	0	0	11	0	18	10	0	0	0	8	18	0	0	0	0	0	0	0	0	0	10	16	22	0	0	0	0	2	4	8	134	727	704	88	4	4	2	0	15	0	0	0	0	0	0	0	0	0	0	0	0	0	0	0	0	0	0	0	0	9	0	15	0	10	14	0	0	0	27	0	0	0	0	0	0	0	0	0	0	29	0	0	0	0	15	0	0	0	0	0	0	13	0	0	0	0	0	0	9	14	0	0	0	8	0	0	0	0	0	0	0	0	0	0	0	0	0	0	0	0	4	0	0	0	0	0	0	0	0	0	15	0	0	0
0	0	0	15	0	0	0	0	0	0	0	0	0	0	0	0	0	0	0	0	0	0	18	0	0	0	0	0	0	0	0	0	0	0	13	0	0	18	0	9	20	24	24	15	0	0	17	0	0	0	0	0	0	0	0	0	0	0	0	0	0	0	0	0	0	0	0	0	0	0	3	0	0	0	0	0	0	0	19	0	0	0	10	0	0	0	13	0	0	0	16	8	0	0	0	0	0	0	0	0	0	0	0	11	15	11	0	0	0	0	0	0	0	0	0	9	0	7	14	4	0	0	0	0	0	0	0	0	0	0	0	0	0	0	0	0	11	0	0	0	0	0	0	0	0	0	0	0	0	6	13	0	0	0	0	0	0	0	0	0	0	0	0	0	0	0	0	0	0	7	28	0	0	0	0	0	0	0	16	0	0	0	0	0	0	0	0	0	0	0	13	15	0	0	13	0	0	0	0	0	0	0	0	0	0	0	0	0	0	0	18	0	0	0	0	0	0	0	0	0	0	0	15	0	0	0	0	0	0	0	0	0	0	13	0	11	0	0	0	0	0	0	0	0	13	0	0	0	0	0	0	0	0	0	0	0	18	0	0	0	0	0	0	10	0	0	0	0	26	0	0	0	0	0	0	12	14	0	0	0	0	0	0	4	0	0	0	0	0	0	0	0	0	0	0	0	0	0	0	0	14	15	32	7	0	0	0	0	0	0	19	0	0	0	9	0	12	0	0	0	17	0	0	0	0	0	0	0	0	0	0	0	0	0	0	0	0	9	0	0	0	0	0	0	0	0	0	15	0	0	0	0	9	17	0	0	0	0	15	39	7	0	0	0	0	0	0	16	0	0	0	0	0	0	0	0	0	0	0	0	0	0	0	0	0	0	0	0	0	0	0	0	0	0	0	0	0	0	0	0	27	15	0	0	0	3	4	7	133	858	521	71	5	3	1	0	13	0	0	17	0	0	0	0	0	0	0	0	0	17	0	0	0	0	0	0	0	0	0	0	0	15	0	0	0	0	16	0	0	0	0	0	0	0	0	0	12	0	0	0	0	9	18	0	0	0	0	0	0	27	0	0	0	0	0	0	0	10	0	0	0	0	0	0	0	0	0	0	0	0	13	0	12	0	0	0	0	0	7	0	0	0	0	0	0	0	0	0	0	0	0	0
10	0	0	0	0	0	0	0	0	0	0	0	0	0	0	0	0	0	0	0	0	0	0	0	0	15	0	0	0	11	0	0	0	0	0	8	15	15	17	15	10	0	0	0	0	0	0	0	0	0	0	0	0	0	0	0	0	9	0	10	0	14	0	0	0	0	0	0	0	0	0	0	0	0	0	0	0	0	0	0	0	0	0	0	0	0	13	0	0	0	0	0	0	0	0	0	0	0	0	0	15	0	0	0	0	0	0	0	0	0	0	0	17	7	0	0	0	0	4	16	0	0	0	0	0	0	0	0	13	10	0	0	0	0	0	0	0	0	0	0	0	0	0	0	0	0	0	0	0	0	0	0	0	0	0	0	0	0	0	0	0	8	0	0	0	0	0	0	0	0	0	0	0	12	14	0	0	0	12	0	0	0	0	0	0	0	0	0	16	0	0	0	0	0	7	0	0	0	0	0	0	0	0	0	0	0	0	0	0	0	0	0	0	0	0	0	0	0	0	0	0	0	21	9	0	0	0	0	0	0	0	18	0	0	0	0	0	0	0	0	0	0	0	0	9	0	0	10	0	0	0	0	13	0	0	0	12	0	0	10	0	0	14	10	0	0	0	0	26	0	0	0	0	0	0	0	0	0	0	0	0	0	0	0	0	0	0	17	0	0	0	0	0	0	0	0	0	0	10	17	12	0	0	16	18	15	10	0	0	0	0	0	0	0	0	0	0	0	0	0	0	0	0	0	18	0	0	0	0	0	0	0	0	0	0	0	0	0	14	0	0	8	0	0	0	0	0	9	0	0	0	0	10	0	0	0	0	0	0	28	26	18	0	0	8	0	10	0	0	0	0	0	0	0	0	0	0	0	0	0	0	0	0	0	0	0	0	0	14	0	0	0	0	0	0	17	0	0	0	0	0	12	17	9	10	6	4	5	25	135	99	28	4	4	2	0	0	0	0	0	0	0	0	0	0	0	0	0	0	0	0	0	0	10	0	0	0	0	0	15	12	13	15	0	0	0	16	0	0	0	0	0	0	0	0	0	9	0	0	0	13	15	10	0	0	0	0	0	0	0	0	0	0	0	13	11	0	0	0	0	0	0	0	16	0	0	1	0	0	0	13	12	0	0	0	0	0	0	0	16	0	0	0	0	0	0	0	0	0	0	0	0
0	0	29	18	0	0	0	0	0	0	0	12	0	0	0	0	0	0	0	0	0	0	10	0	0	0	0	0	0	0	0	0	0	0	0	11	10	0	0	0	0	0	0	0	0	0	9	0	0	0	0	0	0	0	0	0	0	0	0	0	18	12	12	0	0	0	0	0	0	0	0	0	0	0	0	0	0	0	15	5	0	0	0	0	0	0	0	0	0	0	0	0	0	17	0	0	0	0	0	0	0	0	0	0	0	0	0	3	11	0	0	0	0	0	0	0	0	0	0	0	0	0	0	0	7	0	0	0	11	15	0	0	0	0	0	0	0	0	0	0	0	0	0	0	0	0	0	0	0	0	18	0	0	0	0	0	0	0	0	0	0	0	0	0	0	0	0	0	0	0	0	0	0	0	0	0	0	0	0	0	10	0	0	0	0	0	0	0	0	0	0	0	0	0	0	0	0	0	7	0	0	0	0	0	0	0	9	16	0	0	0	8	0	0	0	0	0	0	0	13	0	0	15	16	34	38	0	0	4	16	0	0	0	0	0	0	0	0	0	0	0	11	0	0	0	0	0	0	19	0	0	0	0	0	17	0	11	0	0	0	0	0	0	0	0	0	33	11	0	0	0	0	0	0	0	0	0	0	0	0	0	0	0	0	0	10	0	0	0	0	0	0	0	0	0	2	10	0	16	0	0	0	0	0	0	0	14	15	0	0	0	0	0	11	0	0	0	0	0	11	0	0	0	0	0	0	8	0	0	0	0	0	0	0	0	0	0	0	10	0	15	0	0	0	0	0	0	7	0	0	0	0	11	17	0	11	24	9	0	0	0	14	13	0	0	0	0	0	0	17	0	0	11	0	0	0	0	0	0	0	17	0	0	0	0	0	0	0	0	0	0	0	0	0	0	0	0	0	0	0	0	0	0	16	16	0	2	3	5	7	6	4	4	3	1	0	0	0	0	0	0	0	0	0	0	10	0	14	24	21	16	18	0	13	14	0	9	13	0	0	0	0	0	0	0	8	19	0	0	0	0	0	0	0	0	0	11	9	0	0	0	0	0	0	0	0	0	0	0	0	9	0	0	0	0	0	0	0	0	0	0	0	0	0	0	0	0	0	0	0	0	15	0	0	0	0	0	0	0	0	0	0	0	0	0	0	0	0	0	0	0	7
0	0	0	14	0	0	0	0	0	0	0	0	0	0	0	16	0	0	0	0	0	0	0	0	0	0	0	0	0	0	0	0	0	0	0	0	0	0	0	0	0	0	0	0	0	13	0	0	0	0	0	0	0	0	0	0	0	0	0	0	0	0	0	0	0	0	0	0	0	0	0	0	0	0	0	0	0	0	0	0	0	0	11	0	0	17	0	0	0	7	0	0	0	0	0	0	0	0	0	0	0	0	11	0	0	0	0	0	9	0	0	0	19	18	0	0	0	0	0	0	0	0	0	9	0	13	16	0	0	0	0	0	0	0	0	16	9	0	0	9	0	0	0	0	0	0	0	15	0	0	0	0	0	0	0	0	0	0	6	0	0	0	0	0	0	15	0	0	14	0	0	0	0	0	0	0	0	0	0	0	14	0	0	0	0	0	0	0	0	0	0	0	0	16	0	0	0	0	0	0	0	0	0	0	0	0	0	0	0	0	19	53	0	0	0	0	9	0	0	0	0	0	0	0	14	0	0	0	0	7	0	0	0	0	0	0	15	0	0	0	0	0	0	0	0	0	0	0	0	0	11	0	0	0	0	0	0	0	0	0	0	0	0	0	0	16	0	19	0	0	0	0	0	0	0	0	0	0	0	0	0	0	0	0	0	0	0	6	0	0	0	0	17	21	0	0	13	13	16	0	0	0	0	0	0	0	0	16	0	0	0	0	0	0	0	0	0	0	0	0	0	0	0	0	0	0	0	0	0	0	0	0	15	0	10	12	0	0	0	0	12	0	0	15	2	0	0	0	0	18	19	12	0	0	0	0	30	24	0	0	0	0	15	65	0	0	0	0	0	8	0	0	0	0	0	0	0	9	0	0	0	0	0	0	0	0	0	0	0	0	0	0	0	14	0	31	13	0	0	0	0	0	0	0	10	15	2	4	3	4	4	4	2	0	0	0	0	0	0	0	0	0	0	0	18	0	0	15	15	0	7	0	0	0	0	0	0	0	0	0	0	0	0	10	0	27	16	0	0	0	0	0	12	0	0	0	0	0	0	0	0	0	0	0	0	0	0	0	0	0	0	0	0	0	0	0	0	0	0	0	0	0	0	0	11	0	0	0	0	0	0	0	0	0	0	0	0	0	0	0	0	0	0	0	0	0	0	0	0	0	7	16
0	0	0	0	0	0	0	17	11	0	0	0	0	0	0	0	0	0	0	14	0	0	0	0	0	0	0	0	0	0	0	15	0	0	0	0	0	0	0	0	0	0	0	0	0	10	0	0	0	0	0	0	0	0	0	0	0	0	0	0	0	0	0	0	11	13	0	0	0	0	0	0	0	0	17	0	0	11	8	0	0	0	0	0	0	0	0	4	0	0	0	0	0	0	14	10	0	0	0	0	0	0	0	0	0	0	0	0	13	0	0	4	0	0	0	0	0	0	0	0	0	12	0	0	0	0	17	0	0	0	0	0	0	0	0	0	0	0	16	0	0	13	0	0	0	0	9	0	0	0	0	0	0	0	0	0	0	0	0	0	0	0	0	0	0	13	0	0	6	0	0	0	0	4	0	0	0	0	0	0	0	0	7	0	0	0	0	0	0	0	0	0	0	0	0	0	14	0	0	0	0	9	0	0	0	0	0	0	0	0	9	1	15	20	0	0	0	0	0	0	0	0	0	0	0	0	0	0	0	0	0	16	0	0	0	0	0	0	0	0	0	0	0	0	0	0	0	0	0	0	0	0	0	0	0	0	0	0	0	0	0	0	0	0	0	8	0	0	0	0	0	0	9	0	0	0	0	0	0	0	9	0	0	0	0	0	0	0	0	0	0	0	0	0	0	0	0	0	15	0	0	0	8	0	0	0	0	25	14	0	0	0	0	0	0	0	0	18	0	0	0	0	0	0	0	10	0	7	16	0	0	0	0	0	23	11	0	0	0	0	0	0	0	0	0	0	19	0	11	0	0	0	0	0	0	8	14	0	12	15	0	0	0	10	14	3	0	0	0	0	0	0	0	12	9	0	0	0	0	0	8	0	0	0	0	0	19	0	0	0	0	0	0	0	0	0	9	0	0	12	0	0	0	0	0	0	21	30	1	21	1	14	0	0	0	0	0	0	0	0	0	0	0	0	0	0	0	0	0	0	3	4	0	0	0	0	0	0	0	0	16	0	0	0	0	8	0	0	0	0	0	13	26	0	0	0	9	0	6	0	0	0	0	0	0	0	0	0	0	0	16	0	0	0	0	0	18	0	0	0	0	0	16	0	16	0	0	0	0	0	0	0	0	0	0	0	0	0	0	0	0	0	0	0	0	0	0	0	7	0	0	0
0	0	0	0	0	0	0	0	0	0	0	0	0	0	16	0	0	0	0	10	0	0	0	0	0	0	0	0	0	0	0	0	0	0	0	0	0	0	0	0	0	0	0	0	0	0	0	0	0	0	0	0	18	0	0	0	0	0	11	0	0	0	0	0	0	0	3	10	16	0	0	0	0	0	0	0	0	0	0	0	0	0	0	0	0	21	10	12	0	0	0	0	0	10	16	8	0	0	0	0	0	0	0	0	0	11	0	11	28	0	0	8	0	0	0	0	0	0	0	0	0	0	0	0	0	0	0	0	0	0	0	0	0	0	0	0	0	0	0	0	0	6	0	0	0	0	0	15	0	0	0	18	0	0	0	9	0	0	0	0	0	0	0	0	0	0	0	0	0	0	0	0	0	0	17	0	0	0	11	0	0	0	7	0	0	0	0	0	0	0	9	0	0	0	0	0	0	0	0	0	0	0	0	0	0	0	0	17	0	0	0	0	0	0	16	0	0	0	0	0	10	0	0	0	0	0	0	0	0	0	0	9	0	0	0	0	0	0	0	0	7	0	0	0	0	0	0	0	0	0	0	0	0	0	0	0	0	0	0	0	0	0	0	14	13	0	0	0	0	0	0	0	0	0	0	0	0	0	0	0	0	0	0	0	0	0	0	9	0	0	0	0	0	0	0	0	0	0	0	0	0	24	0	0	0	0	0	0	17	0	0	0	0	0	0	0	0	10	0	0	0	0	14	8	0	0	0	0	0	0	0	0	0	10	0	0	0	0	0	0	0	14	0	0	0	0	0	0	0	0	0	0	0	0	0	0	0	0	30	10	0	0	0	0	0	30	14	0	0	0	18	0	16	13	6	0	0	0	0	0	0	0	0	0	0	0	0	9	0	0	0	0	0	0	0	0	16	0	16	15	0	9	0	0	18	0	0	15	11	0	0	0	0	0	0	0	0	0	0	0	0	0	0	0	12	0	0	0	0	13	0	0	0	0	0	0	0	0	0	0	0	0	0	0	0	0	0	0	0	0	0	0	0	0	0	0	0	0	0	0	0	0	0	0	0	0	0	17	0	0	0	0	0	0	17	0	0	0	0	0	0	0	0	0	0	0	0	0	0	0	0	0	0	0	0	0	0	19	0	0	0	0	0	17	0	0	12	0	0	0	0	0
0	0	0	0	0	0	0	0	0	19	0	0	0	0	0	0	0	0	0	0	0	0	0	0	18	0	0	0	0	0	0	0	0	0	0	0	0	0	0	0	0	0	0	0	0	0	0	0	0	0	0	0	0	0	0	0	0	0	0	0	0	0	0	0	0	0	0	14	14	24	0	0	0	0	0	12	0	0	0	0	0	0	0	0	0	10	0	0	0	0	0	0	0	0	0	0	0	0	0	0	0	0	18	0	0	0	0	0	0	0	0	0	0	0	0	0	0	0	0	0	0	0	0	0	0	0	0	0	0	0	0	18	0	0	0	0	0	0	0	0	0	18	0	0	8	0	0	0	0	0	0	0	0	0	0	19	0	0	0	0	0	0	0	12	0	0	10	0	0	0	0	0	0	5	1	0	0	0	0	0	0	0	0	0	0	0	0	0	0	0	6	0	0	0	12	0	0	0	0	0	16	0	16	0	0	0	0	0	0	15	2	0	17	0	18	0	0	0	0	0	0	0	0	0	0	0	0	0	0	11	0	0	0	0	0	0	0	0	0	0	0	0	0	0	0	0	0	0	0	0	0	0	0	0	0	0	0	16	0	0	0	0	0	14	12	0	0	0	0	0	0	11	0	0	12	0	0	0	0	0	0	0	0	0	0	0	7	11	0	0	0	0	0	0	0	0	0	18	0	17	0	29	15	0	0	0	0	0	16	10	0	0	0	0	0	0	0	0	0	0	0	0	11	0	0	0	18	0	0	0	0	0	0	0	0	0	0	0	0	0	0	0	0	0	0	0	0	0	0	0	0	0	0	0	0	0	0	0	0	0	4	0	0	0	0	0	0	14	17	16	0	0	12	0	0	0	11	0	0	0	13	10	0	0	0	0	0	0	0	0	14	14	0	0	0	0	8	0	0	0	0	0	0	0	0	0	0	0	0	0	0	0	0	0	0	0	0	0	20	0	0	0	9	0	17	0	0	0	0	13	0	18	0	0	0	0	0	0	0	0	10	12	0	0	0	0	0	0	0	0	0	0	0	0	0	0	0	0	0	0	7	14	0	0	0	0	0	0	0	0	0	0	0	10	0	0	0	0	0	0	0	0	0	0	0	0	0	16	17	0	0	0	0	0	0	0	0	0	0	0	0	0	0	0	0	0	0	0	0	0	0	0
0	15	7	0	0	0	0	0	20	35	16	0	16	0	0	0	0	0	0	0	0	0	0	0	0	0	17	0	0	0	0	0	13	0	2	0	0	0	0	9	0	0	0	0	0	9	0	0	0	0	0	0	0	0	0	0	9	0	0	0	0	0	0	0	0	12	22	28	2	12	14	27	13	26	6	13	0	9	15	0	0	0	0	0	0	0	10	0	0	0	10	0	0	0	0	0	0	0	0	0	0	0	0	0	0	0	0	0	0	9	18	38	12	5	0	0	14	8	0	0	0	0	0	0	5	0	0	0	0	0	0	0	0	0	7	0	0	0	16	0	0	0	0	0	19	19	10	0	0	15	0	0	0	0	0	0	12	27	0	0	0	0	0	0	0	14	0	0	0	0	4	0	15	0	0	0	0	0	0	0	0	0	12	0	0	0	0	0	0	0	0	0	0	17	12	0	14	21	0	0	0	0	29	12	0	7	17	0	0	11	8	0	12	0	11	16	0	0	0	0	0	0	0	0	0	15	0	22	0	0	0	0	0	0	0	17	0	12	0	0	0	0	0	0	0	0	13	12	0	0	0	0	0	0	0	0	0	0	0	0	0	0	0	0	0	0	0	0	0	0	16	0	0	0	16	0	0	0	0	0	0	0	0	17	0	0	0	0	2	3	0	0	0	0	0	0	0	16	0	11	0	0	0	12	12	0	13	0	0	6	0	0	11	0	15	0	0	0	16	0	0	0	0	0	0	0	14	6	0	6	0	0	0	0	0	0	0	15	11	0	0	0	13	0	10	0	0	0	0	0	0	0	0	0	9	0	0	0	0	0	18	0	11	11	12	0	0	11	0	0	13	0	0	0	0	0	0	0	0	0	0	0	16	13	0	16	15	0	0	0	0	0	0	18	0	0	10	0	0	0	0	0	0	0	0	12	25	13	0	0	0	0	0	0	0	0	0	0	0	0	0	0	0	6	24	6	0	0	3	54	24	15	25	0	0	0	16	0	0	10	0	0	0	12	0	0	2	0	11	14	10	0	0	0	0	0	0	0	2	0	17	0	0	25	0	0	0	0	9	0	0	0	0	13	0	0	19	9	12	0	0	12	11	0	16	0	0	0	0	0	0	15	0	0	0	0	0	2	0	0	0	0	0	0	0	0	0	0	0	17	0	0
0	0	0	0	14	9	0	0	0	15	47	25	18	0	0	7	14	0	0	1	0	0	0	0	0	0	10	0	0	0	0	0	0	0	0	0	0	0	0	0	0	0	0	24	15	0	0	0	13	5	0	0	0	0	0	9	5	0	0	9	13	0	0	0	0	0	0	0	0	0	12	8	2	40	10	0	11	9	0	0	0	0	0	0	0	0	27	0	0	0	0	0	0	0	0	0	0	9	0	9	12	0	0	0	0	0	0	0	0	13	9	10	7	0	0	0	0	0	0	0	0	0	0	0	0	0	0	0	0	0	0	0	0	8	13	16	0	21	13	0	0	0	0	14	0	19	14	14	12	12	0	0	0	0	15	9	0	0	0	0	0	0	0	0	0	19	0	0	0	0	0	0	0	0	13	0	0	0	0	0	0	0	0	0	0	12	0	0	0	0	0	0	0	0	0	0	0	15	0	0	0	0	0	0	0	9	6	0	0	0	0	0	14	15	9	0	0	0	0	0	10	0	6	0	0	0	0	0	0	0	0	0	0	0	13	21	13	0	0	0	0	0	0	16	5	0	0	0	0	0	0	0	0	0	0	14	0	0	0	0	17	0	0	0	0	0	10	0	0	6	15	0	10	0	0	0	0	0	0	0	0	0	0	0	0	0	1	0	0	0	0	0	15	0	0	0	0	0	0	0	0	12	27	0	0	16	0	12	0	0	10	0	13	0	0	0	15	0	0	0	5	0	0	0	0	0	0	42	0	1	0	6	14	13	0	16	0	0	15	6	12	20	23	0	0	0	0	0	0	0	0	0	0	0	16	0	9	0	0	0	0	0	0	0	0	0	0	0	0	30	0	0	0	0	0	0	0	14	31	0	0	0	11	0	0	0	0	0	0	13	0	0	0	0	0	10	0	0	0	0	0	0	0	0	0	0	0	0	0	0	0	31	0	0	0	0	0	0	0	0	0	0	15	16	0	9	15	0	0	0	0	0	12	36	0	10	14	0	0	14	13	7	0	0	0	0	0	0	9	0	0	14	0	16	18	0	0	0	0	0	0	16	0	0	0	0	0	0	0	0	0	0	17	10	14	19	0	0	17	0	0	0	0	0	10	0	15	0	0	0	0	0	0	0	0	0	0	0	0	14	32	0	0	17	0	0	0	0	0	0	0	0
15	0	0	0	13	0	0	0	0	0	0	0	0	41	7	0	0	15	0	0	0	0	0	17	0	0	13	0	0	0	15	0	0	0	0	0	0	0	0	0	0	0	0	8	0	0	0	0	0	0	0	0	0	0	7	14	15	0	16	0	0	0	0	0	0	0	0	10	0	0	0	0	0	0	8	0	0	9	0	0	0	0	0	0	0	0	0	0	0	0	0	0	6	0	13	0	0	0	0	0	0	14	0	0	0	0	0	0	0	0	0	0	0	0	0	0	0	0	0	0	0	0	0	0	18	7	0	0	0	13	0	0	0	0	0	0	0	0	0	0	0	0	0	0	0	0	0	0	0	8	14	0	0	0	0	0	0	0	0	9	0	0	0	6	0	0	0	0	0	0	0	0	0	0	9	0	0	6	2	0	0	8	0	0	0	11	7	0	0	0	0	0	0	0	0	0	0	0	15	0	0	0	0	0	14	0	0	0	0	0	0	0	0	0	0	0	9	0	0	0	0	0	0	0	0	0	0	0	0	0	0	0	0	0	0	0	0	0	0	0	11	18	15	15	15	0	0	7	0	0	0	11	14	15	0	0	0	12	0	33	27	0	0	0	0	0	0	0	0	12	0	0	0	0	0	0	0	0	0	0	0	0	0	0	0	0	0	0	0	0	0	0	0	0	0	0	0	0	0	0	0	0	0	0	0	9	10	14	0	0	0	0	0	0	0	0	0	0	0	0	23	26	0	0	0	0	0	0	0	0	0	0	0	0	0	0	0	0	0	0	0	0	0	0	0	0	0	0	0	0	0	0	0	15	0	0	0	0	0	0	0	0	0	0	0	0	0	0	0	0	0	0	0	0	0	0	0	0	11	0	0	0	0	0	0	0	0	0	0	12	0	0	13	12	0	0	0	13	0	0	0	0	0	0	0	0	0	0	0	0	0	8	16	0	0	0	0	0	0	0	0	0	0	0	0	0	0	0	0	0	0	0	0	0	0	0	0	0	0	0	0	9	9	0	0	0	0	0	0	0	10	0	0	0	0	0	0	0	0	0	14	11	0	0	0	0	0	0	0	0	0	0	0	10	0	0	13	0	0	0	0	0	0	0	16	0	0	0	0	0	0	0	17	0	0	0	0	0	0	0	0	0	0	0	0	0	0	0	17	0	0	0
0	0	0	0	0	0	0	0	0	0	0	0	0	9	15	0	0	0	0	0	0	0	15	0	0	0	0	0	0	0	5	0	0	0	0	0	0	0	0	0	0	0	0	0	0	0	8	0	0	0	0	0	0	0	0	0	0	0	0	0	0	0	0	0	14	0	0	13	6	0	0	0	0	0	0	0	0	0	0	0	0	0	0	0	0	0	0	0	0	0	0	0	0	0	0	0	0	0	0	0	0	7	0	0	5	0	0	0	0	0	14	0	0	0	0	0	0	0	0	14	0	0	0	0	4	14	0	14	0	0	0	0	0	0	0	0	0	0	0	0	0	16	0	0	0	0	0	0	0	0	0	12	12	0	0	0	0	0	0	14	0	0	0	14	0	0	0	0	0	9	0	0	0	0	13	0	0	0	0	0	13	0	0	0	0	0	0	0	0	0	0	0	5	0	0	0	0	0	0	0	0	9	0	0	0	0	0	0	0	0	0	0	0	0	16	0	0	0	0	0	0	0	0	0	0	0	0	0	0	0	0	0	25	0	0	0	0	0	0	11	38	23	12	0	15	4	0	0	0	0	0	0	0	10	0	0	0	0	0	0	0	15	0	0	0	0	0	15	0	0	0	0	0	0	0	0	0	0	0	0	0	0	0	0	0	0	0	18	0	0	0	0	0	0	0	0	0	0	10	0	0	0	0	0	0	0	0	0	0	0	0	0	0	0	0	0	16	0	0	0	13	27	21	9	0	6	0	10	0	0	0	0	16	0	0	0	0	0	0	0	0	0	0	0	0	0	0	0	0	0	0	0	0	0	0	0	0	0	0	8	0	0	0	0	0	0	0	0	0	14	0	12	0	0	0	0	0	0	0	0	0	0	0	0	0	0	0	0	0	0	0	0	0	11	7	0	0	0	0	0	0	0	8	0	0	0	0	0	0	0	0	0	0	0	0	0	11	0	0	0	0	0	0	0	0	0	0	0	0	0	0	0	0	0	0	0	0	0	0	0	0	16	0	0	0	0	0	0	0	0	3	0	0	0	0	0	0	0	0	3	0	0	0	0	0	0	0	0	0	0	0	0	0	0	0	0	12	0	0	0	0	0	16	0	0	0	0	0	0	9	0	0	0	0	0	0	1	2	15	0	0	0	0	0	34	0	7	0	0	0	0	14
0	0	0	15	0	0	16	0	14	0	0	0	0	0	13	0	0	0	0	0	0	0	0	0	0	0	0	0	0	0	0	0	0	0	0	0	0	0	0	0	0	0	0	1	2	3	2	2	0	0	0	0	0	0	0	0	0	0	0	0	0	0	0	0	0	0	0	0	0	0	0	0	0	0	0	0	0	0	0	5	14	0	0	0	0	0	9	0	0	0	0	0	12	14	0	0	0	0	0	0	0	0	0	15	15	0	0	0	0	0	0	0	0	0	0	0	14	0	5	0	0	0	0	0	0	0	0	0	0	0	0	0	0	0	0	0	0	6	0	15	0	0	0	0	7	0	0	0	0	0	0	0	12	18	0	0	0	15	0	0	8	0	0	0	0	0	0	0	24	0	0	0	0	0	0	0	0	0	0	0	0	0	0	0	0	0	0	0	0	0	0	0	13	0	0	0	0	0	15	0	0	0	0	15	0	0	0	0	0	0	0	0	0	0	0	0	0	11	0	0	0	0	0	0	15	0	0	0	0	0	0	8	0	0	9	0	0	0	30	23	20	0	0	0	11	0	0	0	0	0	0	0	0	0	0	0	0	0	0	0	8	0	0	0	0	0	0	0	0	0	0	0	0	0	0	0	0	0	9	0	0	0	0	0	0	0	0	0	0	0	0	0	0	0	0	0	0	16	0	0	0	0	0	0	16	0	16	0	0	0	0	0	0	0	0	0	0	0	0	0	0	0	9	0	0	0	0	0	0	0	0	0	0	0	0	0	0	0	13	11	0	0	0	0	0	0	0	0	9	0	6	0	0	0	0	0	0	0	18	0	0	7	14	0	0	0	0	0	0	0	0	11	0	0	0	17	0	0	0	0	0	0	0	0	14	10	0	0	0	0	0	0	0	0	0	0	0	0	0	0	0	0	0	0	0	0	0	0	0	0	7	14	0	0	0	0	0	0	0	0	0	0	0	0	0	0	0	0	0	0	0	15	0	0	0	0	12	0	0	0	0	2	11	0	0	0	0	14	0	8	0	0	0	0	0	0	0	0	0	0	0	12	0	0	17	0	0	0	0	0	0	0	0	0	0	0	0	0	0	0	0	0	0	0	0	0	0	0	0	0	0	8	0	0	1	3	4	4	15	3	0	0	0	0	0	0	0	8	0	0	0	15
0	0	0	0	8	0	0	0	0	0	0	0	15	0	0	0	0	13	0	23	13	0	0	0	0	15	0	0	0	0	0	0	0	0	0	0	0	0	0	0	0	0	2	4	4	4	3	3	2	10	0	0	0	0	0	0	14	0	0	0	0	0	0	0	0	0	0	14	0	0	0	0	0	0	0	0	0	0	0	9	11	0	0	0	0	0	0	0	0	0	0	0	0	0	0	0	0	0	0	0	0	0	0	15	0	0	0	0	0	11	12	0	0	0	0	0	11	0	0	0	0	0	0	0	0	0	0	0	0	0	0	0	0	0	0	0	0	13	0	0	0	6	11	0	13	0	0	0	0	0	10	0	19	14	0	10	0	0	0	0	0	0	0	0	0	0	0	0	0	0	0	0	0	0	0	0	0	0	0	0	0	0	0	0	0	0	0	0	0	0	0	14	0	0	0	0	0	0	0	0	10	0	0	0	0	14	0	0	0	0	0	14	7	0	0	0	0	13	0	0	0	0	0	6	0	0	0	0	0	0	8	0	0	0	17	20	14	14	0	0	0	0	0	0	0	0	17	0	0	0	10	0	25	0	0	9	0	0	0	0	3	0	0	0	0	0	0	0	0	0	0	0	0	0	0	0	0	0	0	17	0	0	0	0	0	0	0	0	0	0	0	0	0	0	0	0	0	0	0	0	0	0	0	0	0	0	16	17	8	0	0	10	0	0	0	0	0	0	0	0	0	0	0	0	0	10	0	16	16	16	0	0	0	0	0	0	0	0	0	0	0	0	0	0	0	0	0	0	0	0	0	0	0	0	0	0	0	0	0	0	16	6	0	0	0	8	0	0	0	0	0	0	0	0	0	0	0	0	0	17	0	0	0	0	0	0	0	0	0	0	0	0	0	0	0	0	0	0	0	0	16	0	0	0	0	0	0	0	0	0	0	0	0	0	0	0	0	0	0	0	0	0	0	0	0	0	0	0	0	0	0	0	0	0	0	0	0	0	0	0	0	14	0	0	0	0	0	9	0	2	0	0	0	0	0	0	0	0	0	0	0	0	0	0	0	0	0	0	0	0	0	0	0	0	0	0	0	0	6	13	0	0	0	0	0	0	0	0	0	0	0	0	0	0	3	5	14	27	11	4	3	0	0	0	13	0	0	11	0	0	0	15
0	0	0	0	14	0	0	0	9	0	0	0	0	0	0	0	10	0	0	0	0	0	0	0	0	0	0	0	0	0	0	0	0	0	0	0	0	0	0	10	0	2	4	4	19	39	12	4	3	2	0	0	0	0	0	0	6	12	0	0	0	0	0	0	0	0	0	0	0	0	0	0	0	0	0	0	0	0	0	24	20	0	0	0	0	0	0	0	0	0	0	13	0	0	0	0	0	7	0	0	12	0	0	0	0	0	0	0	0	0	0	0	0	0	0	0	0	0	0	0	7	0	0	0	0	0	0	0	1	0	0	0	0	0	0	0	11	0	0	0	0	0	0	0	0	0	0	0	0	0	11	2	0	0	0	0	0	0	0	0	0	0	0	0	0	0	0	0	0	0	0	0	0	0	0	0	0	0	0	0	0	0	0	0	0	0	0	0	0	12	10	0	0	14	0	0	0	0	0	0	0	0	0	0	0	5	0	0	13	0	0	0	6	0	0	0	15	0	0	0	0	0	0	0	0	13	0	0	9	0	0	0	0	0	28	15	0	0	0	0	13	19	0	13	9	0	0	0	0	0	0	0	0	0	0	0	1	0	15	0	0	16	0	0	0	0	0	0	0	0	0	0	0	0	0	0	0	0	0	0	0	0	0	9	0	0	0	0	0	0	0	0	0	0	0	9	10	14	0	0	0	0	0	0	0	0	0	0	10	0	0	0	0	0	0	0	0	0	0	12	0	0	0	0	0	0	0	29	17	0	0	16	0	0	0	0	0	0	0	0	0	0	0	15	0	0	0	0	0	0	0	0	0	0	0	15	0	0	0	0	15	0	0	14	13	13	19	0	0	0	0	0	10	14	12	0	30	0	10	24	0	9	10	0	0	0	0	0	0	0	0	0	0	0	0	0	0	0	0	0	0	0	0	0	0	0	10	0	0	0	0	0	0	0	0	6	0	0	0	0	0	0	0	0	0	0	0	0	0	0	0	12	0	0	0	0	0	0	0	0	0	0	0	0	0	0	0	0	0	0	0	0	0	0	0	0	0	0	0	15	0	0	0	0	0	0	0	0	0	0	0	0	0	0	0	0	0	0	0	0	0	0	0	0	0	0	0	0	0	0	0	0	0	0	4	10	133	231	107	5	2	0	0	6	0	0	0	0	0	0	0	0
0	0	0	0	13	0	0	0	15	0	0	0	0	0	0	0	15	0	0	0	0	0	0	0	0	0	0	0	0	0	0	0	0	0	0	0	0	15	3	12	0	2	3	15	168	259	102	7	3	0	0	0	0	0	0	0	0	0	0	0	0	0	0	0	0	0	0	0	0	0	0	15	7	0	8	0	0	0	0	0	0	0	0	0	0	0	0	0	0	0	0	0	0	0	8	0	0	0	0	0	8	0	0	0	0	0	0	13	0	0	0	0	0	0	0	0	0	11	8	0	0	0	15	0	0	0	0	0	10	11	0	0	0	0	0	0	12	0	0	0	0	0	0	0	0	0	0	0	0	0	0	0	9	0	0	0	0	0	0	0	0	0	0	0	0	14	0	6	0	0	0	0	0	0	0	0	0	14	0	0	0	0	0	0	15	0	0	0	0	0	0	0	0	0	0	0	0	0	0	0	0	0	0	0	0	0	16	0	18	0	0	0	0	0	18	15	0	0	0	0	0	0	0	0	0	0	0	0	0	0	17	0	0	7	0	0	0	0	0	0	0	0	0	0	0	0	0	0	0	14	0	0	0	5	0	0	0	0	0	0	0	16	0	0	0	10	9	0	0	0	9	0	0	0	0	0	17	0	0	0	0	0	0	0	0	0	0	0	0	0	0	0	0	14	0	0	0	0	0	14	0	0	0	0	0	9	0	0	0	0	0	0	0	0	0	0	0	0	0	0	0	0	13	0	0	9	0	0	0	0	0	0	0	11	0	0	0	0	0	0	0	11	0	0	0	0	0	0	0	0	0	0	0	18	0	0	0	0	0	0	0	0	0	0	0	0	0	0	0	16	0	16	0	16	13	0	0	0	0	0	0	4	7	0	0	0	0	0	0	0	0	16	0	0	0	0	0	0	0	0	0	0	0	0	0	0	0	0	0	0	0	0	0	0	0	0	0	15	0	0	0	0	0	0	0	0	0	0	0	14	10	0	0	0	0	0	14	0	11	0	0	0	0	0	0	0	0	0	0	0	0	0	0	0	0	0	0	0	0	11	10	0	0	0	0	0	0	0	0	0	0	0	0	0	10	0	0	0	0	0	0	0	0	0	0	0	10	0	0	0	0	0	0	1	4	13	177	319	141	10	3	0	0	16	10	0	0	0	0	0	0	16
1	0	0	8	8	0	14	0	0	0	10	0	0	0	0	0	0	0	0	0	0	0	0	0	0	0	0	10	0	0	12	0	16	0	0	0	0	0	14	0	0	3	4	17	209	706	166	11	18	15	0	13	10	0	9	0	0	0	0	0	0	0	0	0	0	0	0	0	0	0	0	0	0	0	0	0	0	0	0	0	0	0	0	0	0	0	0	0	0	0	0	0	0	6	23	10	0	0	0	0	0	0	0	0	0	0	0	0	0	0	0	0	0	0	0	0	0	0	0	0	0	0	0	0	0	0	0	0	0	0	0	0	0	0	0	10	0	0	0	0	0	0	0	0	0	0	0	0	0	0	0	0	0	0	0	0	0	0	0	0	23	0	0	0	0	7	0	0	0	0	0	0	10	0	0	0	22	0	0	0	0	0	0	0	7	11	11	0	0	0	11	19	0	0	0	0	14	14	0	0	0	0	18	0	0	0	2	0	9	0	0	0	0	18	18	0	0	0	13	0	0	0	0	0	0	0	0	0	0	0	0	0	0	0	0	0	0	0	0	0	0	0	0	0	0	14	10	0	0	0	0	0	0	14	0	1	0	0	0	0	0	7	10	17	0	0	8	8	12	0	0	26	0	0	0	0	0	0	0	0	3	0	0	0	0	8	0	0	0	0	0	0	0	0	0	0	0	0	17	13	0	0	0	0	0	0	0	0	0	0	0	0	0	15	0	0	0	0	0	0	0	0	8	15	0	0	0	0	0	0	0	0	0	0	0	0	0	0	0	0	0	0	0	0	0	0	0	0	0	0	0	0	0	0	0	0	0	0	0	0	0	0	0	0	0	0	0	11	0	0	0	0	11	0	0	0	0	0	0	0	0	12	0	9	0	0	0	0	0	13	0	0	0	0	0	0	0	5	0	0	0	15	0	0	0	0	0	0	17	0	0	0	15	0	0	0	0	0	0	0	0	0	0	0	0	0	0	0	0	0	0	0	0	0	0	0	13	0	25	0	0	0	7	0	0	0	11	0	0	0	0	16	0	0	0	0	0	0	0	0	0	0	0	0	0	0	0	0	0	0	0	0	0	0	0	0	0	0	0	0	16	0	0	0	0	0	12	0	0	0	0	0	0	17	3	4	44	92	28	4	2	0	0	0	0	0	0	11	0	0	0	9
3	0	0	0	16	0	0	0	0	0	12	0	0	0	9	0	0	0	0	0	0	0	0	0	0	0	0	0	0	16	0	0	0	0	0	13	8	0	16	0	0	1	3	5	90	172	50	5	3	0	0	0	0	0	0	0	0	0	0	0	0	0	0	0	0	0	14	0	0	0	0	0	0	0	0	0	0	0	9	0	0	0	0	0	0	0	0	0	0	0	13	9	0	0	8	0	0	0	0	0	0	0	0	8	0	0	0	0	0	0	0	0	3	0	0	11	27	0	0	0	0	0	0	0	0	0	0	0	0	0	0	0	7	0	0	0	0	0	0	0	0	8	0	0	0	0	0	0	0	0	9	0	0	0	0	0	0	0	0	7	0	0	0	0	0	0	0	0	0	8	0	0	0	0	8	0	0	0	0	0	0	0	0	0	0	6	7	0	0	0	0	0	0	0	0	16	7	9	0	0	6	0	0	0	0	0	0	0	0	0	0	7	8	7	15	12	22	0	0	0	0	0	0	15	6	0	0	0	0	13	3	0	0	0	0	0	0	0	0	0	0	0	0	0	0	0	0	0	0	0	0	0	0	0	0	24	0	11	0	0	0	0	0	0	0	0	0	0	0	0	0	0	8	0	0	10	0	0	0	0	0	0	0	0	0	15	10	0	9	0	0	0	13	0	0	0	0	0	18	0	0	0	0	0	0	0	0	0	0	0	0	10	0	0	0	0	0	0	0	0	0	0	0	0	0	0	10	0	0	0	0	9	0	0	15	0	0	0	0	8	0	0	0	0	0	0	0	7	0	13	19	11	12	0	0	0	0	0	0	0	0	0	0	0	23	0	0	0	0	0	0	5	15	0	0	0	0	0	0	0	0	14	0	0	0	0	0	0	0	12	0	0	0	0	0	0	0	15	0	0	0	0	0	10	0	14	14	0	0	0	0	0	0	0	0	0	0	0	0	0	0	16	5	0	0	0	0	0	0	0	0	0	0	0	0	0	0	0	0	0	0	16	11	0	0	0	0	0	0	0	0	0	0	0	0	0	0	14	0	0	0	0	10	0	0	0	0	16	9	11	0	0	0	0	0	0	0	0	0	0	15	0	0	0	0	0	0	0	0	0	0	0	0	0	2	43	3	5	4	3	13	0	0	0	0	12	14	0	0	0	0	0
2	0	0	0	0	0	0	0	0	8	0	0	0	0	0	0	0	0	0	0	0	0	0	0	0	0	0	0	0	0	0	10	17	5	0	0	0	0	0	0	0	0	2	19	5	9	5	3	2	0	0	0	0	0	0	0	0	0	0	0	0	0	0	0	0	0	13	4	17	0	0	0	0	0	0	0	0	0	0	0	0	0	0	0	0	0	0	0	0	0	0	0	0	0	0	0	14	0	0	0	0	0	0	13	9	0	0	0	0	0	0	0	3	0	0	8	0	0	0	0	0	0	0	0	0	0	0	0	0	0	0	0	0	0	0	0	0	0	0	0	0	0	0	11	0	0	0	0	0	0	12	8	0	0	0	0	0	13	0	0	0	0	0	0	0	0	0	0	0	0	0	12	14	6	10	0	0	0	0	0	0	0	9	0	0	0	0	0	0	0	0	0	0	0	0	0	0	12	0	0	8	0	0	0	0	0	0	9	0	6	0	0	0	0	0	0	0	0	0	0	11	8	0	7	0	0	0	0	0	0	0	0	0	0	0	0	0	0	0	0	0	12	0	0	0	0	8	0	0	0	0	0	0	0	12	15	10	0	0	0	0	0	0	0	0	0	0	0	0	0	0	0	0	0	15	10	0	0	0	0	0	0	0	14	6	0	0	10	0	15	0	0	12	0	12	0	0	0	0	0	0	6	0	0	0	0	0	0	14	0	0	0	0	0	0	12	0	0	0	11	0	0	0	14	0	0	0	0	0	0	0	15	0	0	0	0	0	0	0	12	13	0	0	0	0	0	0	0	0	0	0	0	0	0	0	0	0	0	0	16	0	0	0	10	27	0	12	12	0	0	0	0	0	0	0	0	0	11	0	0	0	0	0	0	0	0	0	0	0	0	0	0	0	0	0	0	0	0	0	0	0	0	0	0	0	0	0	0	0	0	0	0	10	0	0	0	0	0	0	0	0	0	0	0	0	0	4	0	17	0	0	0	0	0	0	0	18	16	7	0	0	0	0	5	0	0	19	0	0	0	0	0	0	0	9	0	0	0	0	0	8	0	15	0	0	0	0	0	14	10	0	0	6	0	0	0	0	0	0	0	0	0	0	0	0	0	0	0	0	27	0	0	0	0	0	2	13	3	2	2	0	0	0	0	0	0	0	0	0	0	0	0
0	0	0	0	0	0	0	8	0	11	0	15	0	15	0	0	0	0	0	5	0	0	0	0	0	0	0	0	0	0	0	0	0	0	0	0	16	0	0	0	0	0	0	2	3	13	18	2	2	0	0	0	0	0	11	0	16	0	0	0	0	0	0	0	0	10	0	0	0	0	0	0	0	0	0	0	0	0	0	0	0	0	0	0	0	0	0	0	0	0	0	0	0	0	0	0	0	0	0	0	0	0	12	0	0	0	12	9	9	0	0	0	0	0	0	0	15	5	0	0	0	0	0	0	0	0	0	0	0	0	0	9	29	7	0	0	10	0	10	0	0	0	0	0	0	0	0	0	0	0	0	0	0	0	9	0	0	0	0	0	0	0	0	0	0	0	0	8	0	0	0	11	0	0	0	0	0	0	0	0	0	0	0	0	0	0	0	10	0	0	0	0	0	0	0	0	0	0	0	5	0	0	0	0	0	0	0	0	12	20	10	0	0	5	7	0	3	0	0	0	0	0	0	21	0	0	0	0	0	0	0	0	0	0	0	0	0	0	0	0	0	10	0	0	0	0	0	0	0	0	0	0	0	0	0	0	0	0	0	0	0	0	0	0	14	13	0	0	0	0	0	0	0	0	0	0	0	0	0	0	0	16	0	12	12	0	0	0	0	0	9	0	0	0	0	0	0	0	16	0	0	0	0	0	0	0	0	13	18	0	0	0	0	0	0	0	0	0	0	11	14	11	0	0	0	0	0	10	0	14	6	0	0	0	0	11	0	0	0	0	0	0	0	0	0	0	0	17	0	0	0	11	0	0	0	14	0	0	0	0	0	0	0	0	0	0	0	8	0	0	0	0	0	0	0	0	0	0	0	0	0	11	32	28	0	0	0	14	13	0	0	0	0	0	0	0	0	13	14	0	17	0	0	0	17	0	0	0	0	0	0	0	0	0	0	0	0	0	0	0	0	0	0	0	0	0	17	0	0	0	14	10	0	0	14	0	0	0	0	10	0	0	0	0	0	0	10	0	0	0	0	15	7	0	0	0	6	0	0	0	0	0	0	0	0	0	0	0	0	7	6	12	10	0	0	0	0	0	0	0	0	0	0	0	0	0	0	0	0	0	0	0	0	0	17	0	0	0	0	0	0	0	0	0	0	0	0	0	0	0	17	0
0	0	0	8	0	0	0	0	0	0	0	0	0	14	15	0	0	0	0	0	0	0	15	0	0	0	0	0	9	12	0	0	0	0	0	0	0	0	0	0	0	11	28	9	0	2	1	0	0	0	0	0	0	7	0	0	25	0	15	0	0	0	0	0	0	9	8	0	0	0	0	0	0	0	0	0	0	0	0	0	0	0	0	0	0	0	0	0	8	0	0	0	0	0	0	0	0	0	0	0	0	0	0	0	0	0	0	0	0	0	0	0	0	0	0	0	0	8	5	0	0	0	0	0	0	20	28	0	0	0	0	10	0	0	0	0	0	0	10	0	0	0	0	0	0	0	0	7	12	0	0	0	0	0	0	0	0	0	0	0	0	0	0	0	0	0	0	0	0	0	0	0	14	0	0	0	0	0	0	0	0	0	0	0	4	0	0	0	0	0	0	0	0	0	0	0	0	0	0	16	0	3	0	0	0	0	0	0	9	0	0	0	8	14	0	0	0	0	0	0	0	0	0	0	0	0	0	0	15	0	0	0	0	11	0	0	0	0	0	0	0	0	8	11	0	0	0	0	0	0	0	10	16	0	0	0	0	0	0	0	8	0	10	0	0	9	0	0	0	0	0	0	0	0	0	0	0	0	5	8	0	0	0	10	12	0	5	15	12	0	0	0	8	5	0	0	0	0	0	0	0	0	0	0	0	0	0	11	12	0	0	0	0	0	0	0	0	0	0	0	0	0	4	0	0	0	0	0	0	0	0	0	0	0	0	0	0	0	0	0	0	0	0	0	0	0	0	12	0	0	0	0	0	0	0	0	0	0	0	0	0	0	0	0	0	0	0	0	0	0	0	0	0	0	0	0	0	0	0	0	8	0	0	0	17	0	0	0	0	0	0	0	0	0	0	0	0	0	7	18	0	0	0	0	0	0	0	0	0	0	10	0	0	0	0	22	6	0	0	0	0	0	0	0	0	0	0	0	0	0	0	11	0	0	0	0	0	0	0	0	0	0	0	0	0	0	13	0	0	0	0	0	0	7	0	0	0	0	0	0	0	11	5	0	0	0	0	0	0	0	0	0	0	0	0	0	0	0	0	11	11	0	10	0	0	0	0	15	10	11	0	0	0	0	0	0	0	0	0	0	0	0	0	0	0	0	0	0	0	0	0	0
0	0	0	0	0	0	0	0	0	0	0	0	0	0	0	0	0	0	0	0	0	0	0	0	11	0	0	0	0	0	0	0	0	0	14	0	0	0	0	0	0	0	0	0	0	14	6	9	0	0	0	8	0	0	0	0	11	0	0	0	0	0	0	0	0	0	0	0	3	13	0	0	0	0	0	0	0	0	0	0	0	0	0	0	0	0	0	6	13	0	0	0	0	0	0	0	0	0	0	0	0	11	12	0	0	0	0	0	0	0	0	0	0	0	0	0	0	0	0	0	0	0	0	0	6	19	13	0	0	0	0	5	0	0	0	0	0	0	14	0	0	10	0	0	16	0	0	0	0	0	0	0	0	0	0	0	0	0	0	0	0	0	0	0	0	0	0	0	0	0	0	14	0	0	0	0	0	0	0	0	0	0	0	0	0	12	0	0	0	0	14	6	0	12	0	0	0	0	0	0	0	11	0	0	0	15	0	0	7	0	0	0	0	0	0	0	0	0	0	0	0	17	6	0	0	0	0	0	0	0	0	0	0	0	8	0	0	0	10	0	0	0	0	0	0	9	0	0	9	7	0	0	0	0	0	17	8	0	0	0	0	0	11	0	0	0	0	16	4	0	0	0	9	22	0	0	11	0	0	0	0	0	0	0	0	8	8	0	0	0	0	0	10	0	9	0	0	0	0	0	0	0	0	5	0	0	0	0	0	0	0	0	0	0	0	0	0	0	0	0	22	11	0	25	0	0	0	0	0	0	0	0	0	0	3	15	17	0	0	0	0	0	0	0	0	0	0	2	0	0	0	0	0	0	0	0	0	0	16	10	15	0	0	0	0	0	0	0	0	0	0	8	17	0	0	11	0	0	0	0	0	0	0	0	0	15	0	15	0	0	0	17	0	0	7	0	0	15	20	1	17	0	0	0	0	0	0	0	0	0	0	0	0	0	0	0	0	0	0	0	0	0	0	0	0	0	0	0	0	0	0	0	0	0	0	0	0	0	0	0	0	0	0	0	0	0	0	0	0	0	0	0	0	13	0	0	0	0	0	0	0	13	15	17	0	0	0	0	0	0	0	0	0	0	0	0	0	30	0	0	0	0	0	0	0	0	0	0	0	0	0	0	0	0	0	0	0	8	0	0	0	0	0	0	0	0	0	0	0	0	0	0
0	0	0	0	0	11	11	0	0	0	0	0	0	0	0	0	0	0	0	0	0	0	0	0	9	10	13	0	0	0	0	0	0	14	0	0	0	0	13	12	0	0	0	0	0	4	0	0	0	0	0	14	11	0	0	0	0	0	0	0	7	0	0	0	9	10	0	0	0	0	0	0	0	0	0	0	0	0	0	0	0	0	0	0	0	0	0	0	0	0	0	0	0	0	0	0	0	0	0	0	0	0	0	0	9	0	0	0	0	0	0	0	0	8	11	0	0	0	0	0	0	0	0	0	0	0	0	0	0	0	9	0	0	0	8	7	0	14	5	0	0	0	0	0	2	0	0	0	10	0	0	0	0	0	9	0	0	0	0	0	0	0	0	0	0	0	0	0	0	0	0	8	13	0	0	0	0	0	14	0	0	15	12	13	0	11	0	0	0	7	0	10	15	22	13	0	0	0	0	0	0	0	0	0	0	0	0	30	0	0	10	0	0	8	0	0	11	8	0	0	0	0	7	0	9	0	0	0	16	0	0	0	0	0	0	0	0	0	9	5	14	0	0	0	0	15	0	0	0	11	2	0	0	0	10	0	0	11	0	12	0	0	9	0	0	0	10	0	9	0	29	0	0	0	0	0	0	39	0	0	0	0	0	0	16	10	0	0	0	0	10	0	0	0	0	0	0	0	0	0	0	0	0	0	12	14	0	10	0	0	0	0	0	7	0	0	0	0	0	0	0	0	8	29	0	0	0	0	0	0	0	0	0	0	6	14	0	0	0	0	0	0	0	0	17	20	11	0	0	0	0	0	0	0	0	0	0	0	10	9	0	0	0	14	0	0	0	0	0	0	0	0	0	0	18	10	0	0	0	0	0	0	12	0	0	0	20	12	0	0	0	0	0	0	0	0	9	0	0	0	0	0	0	0	0	0	0	0	8	0	0	0	0	0	0	0	0	0	0	0	0	0	0	0	0	0	0	0	0	13	0	0	0	0	0	13	14	0	0	0	0	0	0	0	0	0	0	0	0	0	0	0	0	0	0	0	0	0	0	12	0	0	0	0	0	0	17	0	0	0	0	0	0	0	0	0	0	0	0	0	0	14	0	0	0	0	0	0	25	0	0	0	0	0	0	0	0	15	0	0	0	0	0	0	0	0	0	0	0	0	12	0
0	0	0	0	0	0	0	14	0	0	0	0	0	0	0	0	0	0	12	0	0	0	0	0	0	0	0	0	0	0	0	0	0	0	0	0	0	14	0	0	0	0	0	0	0	1	0	0	0	0	0	0	0	15	0	0	0	13	0	9	0	0	0	0	0	0	0	0	0	0	0	0	0	0	0	13	8	8	7	0	0	0	0	0	0	0	0	0	0	0	0	0	0	0	0	0	0	0	0	0	0	0	0	0	0	0	0	0	0	0	0	0	0	0	0	0	0	0	0	0	0	0	0	0	9	0	7	0	0	0	0	0	0	0	0	0	6	14	11	0	0	0	0	0	0	0	0	0	0	0	0	0	0	0	12	0	0	0	0	0	0	0	22	0	0	0	14	9	0	0	0	0	8	0	0	0	0	0	0	0	0	0	0	0	0	9	8	0	8	0	0	0	0	0	19	18	12	0	0	8	0	0	0	0	0	0	0	16	0	9	0	0	0	0	0	0	0	9	0	0	0	11	13	0	14	9	0	0	0	0	0	7	10	0	0	17	0	0	0	23	20	0	0	0	0	0	0	0	0	0	0	0	0	0	0	0	0	0	0	0	14	38	11	0	0	0	15	0	0	0	22	0	11	0	0	0	6	0	0	18	0	0	0	0	0	0	0	10	0	0	0	0	0	0	0	0	0	36	0	0	11	0	6	9	0	2	9	17	0	0	15	0	0	0	0	0	0	0	0	11	11	0	0	0	0	11	0	0	0	0	0	0	0	0	0	0	0	0	0	0	0	0	0	0	0	0	0	0	0	16	0	0	0	15	0	0	8	0	0	0	0	0	0	0	0	0	16	0	0	0	0	0	0	9	15	0	0	0	0	0	0	0	0	0	0	0	0	14	13	0	0	0	16	0	10	0	16	0	0	0	0	0	0	0	16	0	0	0	0	0	0	0	0	0	0	0	0	0	0	0	0	0	0	0	0	11	0	0	0	0	0	0	12	0	0	0	0	0	17	0	14	0	0	0	0	7	0	0	0	15	0	0	0	0	17	0	0	0	0	0	0	0	0	0	0	0	8	18	0	0	2	0	0	0	0	0	0	0	0	0	0	10	0	0	0	0	15	0	0	0	0	0	0	0	3	0	16	0	0	0	0	0	0	0	0	0	9	0	0	0	0	0
0	0	11	12	0	0	0	0	0	7	0	0	9	0	0	0	9	0	31	0	4	12	0	0	0	0	0	0	0	0	0	0	0	0	0	0	7	7	0	0	0	0	0	0	0	0	6	16	0	0	15	0	0	0	0	0	0	9	0	0	0	0	0	0	0	0	0	0	0	0	0	0	0	0	0	0	1	0	0	0	0	0	0	0	6	0	0	0	0	0	0	0	0	0	0	0	0	0	0	0	0	0	0	0	0	0	0	0	12	9	0	0	0	7	0	0	0	0	0	10	0	0	0	7	0	0	0	0	0	0	0	8	0	0	0	0	0	0	14	0	0	0	0	0	0	0	0	0	0	0	0	0	0	0	0	0	0	0	0	0	0	0	0	0	10	4	0	0	0	0	0	7	0	0	0	0	0	0	0	0	0	0	0	7	0	0	0	0	5	0	0	0	0	7	0	0	9	13	13	16	0	0	6	8	7	9	0	15	0	0	0	0	0	0	0	0	0	0	0	0	0	0	0	0	9	0	0	0	0	0	0	0	0	0	0	0	0	0	0	0	0	0	0	0	0	0	0	0	0	0	0	0	0	0	0	2	9	17	14	11	11	11	0	0	0	9	0	0	0	0	28	17	0	0	7	10	0	0	0	0	0	0	0	0	0	0	0	10	0	0	0	16	6	0	0	0	7	16	0	8	0	0	0	0	0	0	0	0	0	0	0	9	0	0	0	0	0	0	0	0	0	0	0	0	0	0	0	0	0	0	0	0	0	0	0	0	0	0	0	0	15	0	0	0	0	0	13	0	0	0	17	0	0	0	0	0	0	0	0	15	0	0	0	0	0	0	12	11	0	0	0	0	12	34	0	0	0	0	0	0	0	0	0	0	0	0	0	0	29	16	0	0	8	0	14	0	0	0	0	0	0	0	0	0	0	0	0	16	0	0	0	0	0	0	0	0	0	0	0	0	0	10	0	0	0	0	0	0	0	0	0	0	9	0	0	0	0	0	0	0	0	0	0	13	0	0	0	0	0	0	0	0	0	10	0	0	0	0	0	0	0	0	0	0	0	0	0	0	0	0	16	0	0	0	0	0	0	0	0	0	0	0	0	0	0	0	0	0	0	13	0	0	0	0	0	0	0	0	0	0	18	0	0	0	0	0	0	0	16	0	0	0
0	0	0	0	0	4	0	0	14	11	0	0	15	0	0	0	0	0	10	0	0	0	0	0	0	0	0	0	0	0	0	0	0	0	0	0	0	0	0	0	0	0	9	0	0	17	15	0	0	0	0	0	8	0	0	0	0	0	0	0	0	0	0	0	0	0	0	12	0	0	0	9	19	0	0	0	0	0	0	0	0	13	0	0	0	0	0	0	0	0	0	0	0	8	0	0	0	0	0	0	0	0	0	0	0	0	0	0	9	0	0	0	0	0	0	0	0	0	0	0	0	0	0	0	0	0	0	0	10	0	0	0	0	0	0	0	0	0	0	0	0	0	0	0	8	9	0	0	0	0	0	0	0	0	0	0	0	0	0	0	0	0	0	0	0	0	0	5	0	10	0	0	0	0	8	0	0	0	10	0	0	0	0	0	19	0	0	0	0	0	0	8	0	0	0	0	0	6	0	12	15	12	0	23	4	0	8	0	0	0	0	0	0	0	0	0	0	13	9	0	0	0	8	0	6	8	0	0	0	9	0	13	0	9	0	0	0	17	0	5	9	19	0	0	0	0	0	0	0	0	9	0	0	0	0	0	0	0	0	20	8	0	11	0	0	0	0	0	13	0	0	0	0	0	0	0	11	0	0	0	0	9	0	0	0	0	0	0	15	8	0	0	10	0	0	0	0	0	0	7	9	13	0	0	0	0	12	0	9	0	0	13	0	0	21	0	0	8	11	14	0	0	15	17	0	0	0	14	0	0	0	14	0	0	0	0	0	0	0	0	0	0	0	0	0	0	11	0	0	0	0	0	8	0	0	0	0	0	0	0	0	0	0	0	0	0	9	8	8	25	0	0	15	15	0	0	0	0	0	23	0	0	0	0	0	0	0	0	0	12	17	0	0	0	0	0	0	0	0	0	0	0	0	0	0	0	11	13	0	0	0	0	0	0	0	0	0	11	11	0	12	14	0	11	14	0	0	0	0	0	7	18	0	0	0	0	0	0	0	0	0	0	0	0	0	0	0	0	0	0	0	0	0	0	0	0	0	0	0	0	0	0	0	0	0	8	14	0	0	0	0	0	0	0	0	0	0	0	0	0	0	0	0	0	0	0	0	18	17	0	8	0	0	0	0	0	0	0	0	0	0	0	0	0	0	0	0	0	0	0	0	0
0	0	0	0	0	0	0	0	0	0	0	0	0	0	0	0	0	0	0	0	0	0	0	0	0	0	0	0	0	0	0	0	0	0	0	0	0	0	0	0	0	0	0	0	13	10	0	0	0	0	0	0	0	0	0	0	0	0	0	0	6	0	0	0	0	0	0	11	0	13	0	0	0	5	0	0	0	0	0	0	7	24	0	0	14	0	0	0	0	0	0	0	0	0	0	0	0	0	0	0	0	0	0	0	0	8	0	0	0	0	0	0	0	0	0	0	0	0	0	0	0	0	0	0	0	8	0	0	0	0	0	0	0	0	0	0	0	0	0	0	5	0	0	0	0	0	10	0	9	0	0	0	0	0	0	0	0	0	0	0	0	0	15	0	6	0	0	0	8	12	0	0	0	0	0	2	0	0	0	0	0	0	0	14	13	0	0	0	0	0	0	0	0	9	0	0	0	4	8	0	0	6	14	13	0	10	0	0	0	14	0	0	0	0	0	8	0	0	0	0	0	0	0	0	7	0	0	10	0	0	0	5	0	0	0	0	10	11	0	0	0	0	0	0	11	0	0	0	5	0	0	0	9	0	0	10	11	0	18	0	10	0	0	0	0	7	0	17	0	0	0	0	0	0	0	0	9	0	0	10	0	0	0	0	0	14	0	0	0	0	0	0	0	0	0	0	0	10	14	0	0	0	0	17	0	0	0	8	0	0	0	27	0	0	0	0	0	0	0	14	0	0	0	9	0	10	0	12	0	0	0	0	0	0	0	0	0	0	0	0	0	0	0	0	0	0	8	0	0	10	16	0	0	0	0	0	0	0	0	0	0	17	0	0	0	0	0	0	0	11	0	0	0	0	0	0	0	0	0	13	0	0	0	0	0	0	8	0	0	0	2	16	0	0	0	9	0	0	0	0	0	0	0	0	0	0	0	0	0	0	0	0	0	0	0	0	0	13	0	0	0	5	0	0	10	0	0	0	0	13	10	0	13	0	0	0	0	15	0	0	0	0	0	0	6	31	8	0	0	0	0	0	0	0	0	0	0	0	0	0	0	0	0	0	15	0	0	0	0	17	0	0	0	0	0	0	16	0	0	10	0	0	0	0	0	0	12	0	0	0	0	0	18	0	0	0	0	0	0	0	0	0	0	0	0	0	0	0	0	0	0	0
0	0	0	0	0	0	0	0	0	0	0	0	0	15	0	0	0	0	11	0	0	0	0	0	9	0	0	0	0	0	0	0	0	0	0	0	0	0	0	0	0	0	0	0	0	11	0	0	0	8	0	0	0	0	0	0	0	0	0	0	0	0	0	9	0	0	8	0	0	8	0	0	0	0	0	0	0	0	0	0	0	0	0	7	0	0	0	0	0	12	8	0	14	0	0	0	35	0	0	0	0	0	0	0	0	9	0	0	9	0	0	0	0	0	0	0	0	0	0	0	13	0	0	0	0	0	0	0	0	0	0	0	0	0	0	0	0	0	0	8	11	0	0	0	0	0	0	0	0	0	0	0	0	0	10	0	0	0	0	0	0	0	0	0	0	0	22	12	0	0	0	0	24	0	0	0	0	0	0	0	0	0	0	0	0	0	0	0	0	0	8	0	0	0	0	7	11	25	0	0	0	0	0	13	26	17	9	0	7	0	0	0	0	0	0	0	17	0	0	0	0	0	0	0	10	0	0	0	0	0	0	5	0	10	10	0	0	0	0	0	0	0	13	0	0	0	0	0	9	0	17	8	0	0	0	10	8	0	0	0	0	0	0	0	7	0	0	0	4	0	0	15	8	0	12	0	0	0	0	0	0	0	0	0	0	0	0	0	0	0	0	0	0	0	0	0	0	0	0	0	0	0	17	0	0	0	0	0	0	0	0	0	0	0	0	0	0	0	0	5	4	0	0	9	0	0	0	0	0	0	0	0	0	0	0	0	0	0	0	0	0	0	0	0	0	0	0	0	0	0	0	0	0	8	0	0	13	10	0	8	0	0	0	16	0	0	0	0	0	0	11	0	0	0	11	0	0	0	0	0	0	0	0	0	0	0	0	0	0	0	0	0	15	0	0	0	0	0	0	0	0	0	0	0	0	0	0	0	0	0	0	0	0	0	0	0	0	0	0	0	0	0	0	0	0	0	0	0	0	0	0	0	11	0	0	0	0	0	11	13	0	0	0	0	0	0	0	0	0	0	20	22	26	0	0	0	0	0	9	0	0	0	17	16	0	0	13	0	2	0	0	0	0	0	17	16	0	0	0	0	0	0	0	0	17	0	26	0	14	0	10	0	0	0	0	0	0	0	0	0	0	0	0	0	0	0	0	0	8	0	0	0
0	0	0	0	0	0	0	0	0	0	0	0	0	0	0	0	0	0	9	0	0	0	9	0	16	0	0	0	0	14	0	0	0	0	0	0	0	0	0	0	0	0	0	10	15	0	0	0	0	0	0	0	0	0	0	0	0	0	0	0	0	0	0	9	0	0	0	0	0	0	0	0	0	0	0	0	0	0	0	0	0	0	0	11	0	0	0	0	0	0	0	0	0	0	0	0	24	0	9	0	0	0	0	14	0	0	0	0	0	0	15	0	0	11	7	0	0	0	0	0	0	0	0	9	0	0	0	0	0	0	0	0	0	0	0	0	0	0	0	0	0	0	0	0	0	0	0	0	0	0	0	0	0	0	0	4	7	22	0	11	0	0	6	0	11	0	9	0	0	5	0	0	12	0	0	0	0	0	0	0	7	4	7	0	0	0	0	0	27	0	0	0	0	0	0	0	0	0	8	8	0	12	7	0	0	5	13	14	13	0	9	0	0	8	0	0	0	0	0	0	0	0	0	0	0	0	0	0	23	12	2	0	10	0	0	0	0	0	0	9	0	10	37	11	0	0	0	0	0	0	0	2	0	0	11	26	0	0	0	10	0	0	0	5	0	11	0	0	11	0	0	0	0	0	0	0	10	0	16	0	0	2	0	0	0	0	0	14	0	12	11	0	0	0	0	0	0	0	0	6	0	0	0	0	0	0	0	0	0	0	0	0	0	0	10	0	0	0	0	0	0	0	0	0	0	0	0	0	0	0	0	10	0	0	0	0	0	0	0	0	0	0	0	0	0	0	0	7	0	0	0	0	0	0	0	0	0	0	0	0	0	0	0	0	0	0	0	0	0	0	0	0	0	0	0	0	0	0	0	0	0	0	0	17	0	0	0	9	0	0	0	0	0	0	0	0	0	0	0	0	0	0	0	0	11	0	0	0	0	0	0	0	0	0	10	12	0	0	0	0	0	16	0	0	0	0	0	10	0	0	0	0	0	15	0	0	0	11	0	0	0	0	0	0	0	0	0	0	0	0	7	37	32	0	0	17	0	0	15	0	0	0	0	15	0	0	22	26	21	0	0	0	0	0	8	0	0	0	0	6	17	0	0	0	0	0	0	0	15	0	0	0	0	0	0	0	0	0	0	0	0	0	3	0	15	0	0	0	10	0	0	0
0	15	0	0	0	0	0	0	0	0	0	0	0	0	0	0	0	0	0	0	0	0	0	8	0	0	0	0	0	0	0	14	0	9	9	0	0	0	0	0	0	0	0	11	0	0	0	0	0	0	0	0	0	0	14	8	0	0	0	0	0	0	0	0	0	0	0	0	0	0	0	0	0	0	0	0	0	0	0	0	0	0	0	0	0	0	0	0	0	0	0	0	3	0	0	0	15	0	11	8	0	0	0	0	0	0	0	0	0	0	0	0	0	0	0	0	0	0	0	0	0	11	0	8	0	0	0	0	0	0	0	0	10	0	0	0	0	0	0	0	3	0	0	0	13	12	0	0	0	0	0	5	0	0	0	0	13	10	14	0	15	0	6	0	15	0	4	0	0	0	0	0	0	0	0	0	0	0	0	0	12	4	0	0	0	0	9	9	9	0	9	0	0	0	0	0	0	0	8	0	9	0	0	0	5	6	0	0	9	15	16	12	0	0	0	0	7	9	7	0	0	0	0	0	0	0	0	0	0	10	0	0	0	16	14	0	9	0	0	0	0	0	9	0	0	0	17	9	9	0	0	0	0	0	0	20	15	6	0	8	13	0	0	6	11	10	0	0	0	0	11	0	7	11	9	5	0	0	7	5	0	0	0	10	0	0	0	0	0	8	0	0	0	0	0	0	0	0	0	0	11	5	0	0	0	0	0	0	0	0	15	3	0	0	0	0	0	0	20	0	13	0	0	0	0	0	13	0	0	0	16	8	12	0	10	0	0	0	0	0	0	0	0	0	0	0	10	0	0	0	0	0	0	11	0	0	15	0	0	0	0	0	0	0	16	0	0	0	0	0	0	0	0	0	0	0	0	0	0	0	19	0	9	0	0	0	0	0	0	0	0	0	0	0	0	0	0	15	0	0	0	0	0	0	0	0	0	0	0	0	0	0	0	0	0	0	0	0	0	0	0	0	0	0	0	0	0	0	0	0	0	0	0	0	0	0	0	0	0	0	0	0	0	17	0	0	0	12	0	0	0	12	11	0	0	0	0	0	0	0	0	0	0	10	0	0	0	0	0	0	0	0	0	0	0	0	0	0	0	0	0	0	0	0	0	0	0	0	0	0	0	0	0	0	0	0	0	0	15	0	0	25	18	0	0	0	0	0	0	9	5	0
0	0	0	0	0	7	0	0	0	0	0	0	0	0	0	0	26	0	0	0	0	9	0	0	0	20	0	10	0	0	0	0	0	0	0	0	13	15	0	0	0	0	0	0	0	0	0	0	0	0	0	0	0	10	0	0	0	0	0	0	0	0	0	0	0	0	9	0	0	0	0	9	12	0	0	0	13	0	0	0	0	0	0	0	6	0	0	0	0	0	0	0	9	0	0	0	0	0	0	0	0	14	14	0	0	0	0	0	0	0	0	0	0	0	0	0	0	8	14	28	0	12	0	0	0	0	0	14	0	0	0	0	0	0	0	0	0	0	0	0	12	13	7	0	0	25	23	0	0	0	0	0	3	0	0	0	0	0	0	0	0	0	0	0	0	0	0	0	0	0	0	0	0	0	0	0	11	0	0	7	9	0	8	9	0	0	0	0	14	0	0	19	0	0	0	0	8	0	9	0	0	0	0	0	0	0	16	0	0	11	0	12	15	10	0	0	13	0	0	0	11	0	0	0	0	10	0	0	0	0	8	0	8	11	0	11	0	0	0	12	18	0	0	27	0	0	17	10	0	0	0	2	0	0	0	0	21	0	29	0	0	0	0	0	0	0	0	0	0	9	0	13	0	0	33	0	0	0	12	4	10	0	16	0	0	0	0	11	0	0	0	0	0	0	0	0	0	0	0	8	0	0	0	0	0	0	0	0	0	0	0	0	0	0	7	0	0	0	20	0	9	0	0	0	0	0	13	0	0	0	0	0	0	0	0	0	10	0	0	0	0	0	0	0	0	9	0	0	16	0	0	0	0	0	7	0	10	0	0	8	0	0	0	0	0	0	0	0	0	0	0	11	0	0	0	0	0	0	0	0	9	0	0	0	0	0	0	0	0	0	0	0	0	0	0	0	0	0	0	0	2	0	0	0	0	0	0	0	0	0	0	0	0	0	15	0	0	0	0	0	0	0	0	0	0	0	0	0	0	0	0	0	0	0	0	0	0	0	0	0	0	0	0	22	0	0	0	11	0	0	0	0	0	0	0	0	0	0	0	0	0	0	8	0	0	0	0	0	0	9	14	0	0	0	0	0	0	0	0	0	0	10	9	0	0	0	0	9	6	0	0	0	0	0	0	0	0	0	0	0	0	0	0	0	0	0	0	0	0	0	13	7
0	0	0	0	8	0	7	0	0	8	0	0	0	0	0	0	0	0	0	0	0	0	0	0	0	0	0	0	21	15	0	0	0	32	19	0	0	0	0	0	0	0	0	0	0	0	0	0	0	0	0	0	0	0	0	0	0	2	0	0	0	0	0	0	8	0	0	0	0	0	0	0	0	15	0	0	0	15	19	16	0	0	0	0	0	0	0	0	0	0	0	0	0	0	0	0	0	0	9	0	0	0	0	0	0	0	0	0	0	0	0	0	0	0	0	0	0	0	0	0	0	7	0	0	0	0	0	5	0	10	0	0	0	0	0	0	0	0	0	0	0	23	0	0	0	0	0	0	0	0	0	8	0	0	0	0	0	0	0	0	5	0	5	0	0	16	10	0	10	18	0	0	0	0	18	0	0	0	0	0	0	15	0	0	0	0	0	0	0	0	0	7	0	5	9	7	0	0	0	0	0	0	9	0	0	0	0	0	0	9	0	0	9	18	31	8	7	0	0	10	16	0	8	6	10	0	0	0	10	0	0	10	0	0	0	9	0	0	0	0	0	0	0	0	0	11	0	0	0	10	10	8	0	0	0	28	0	0	0	0	0	12	0	2	0	9	0	0	0	0	0	35	0	0	0	0	0	0	0	0	0	8	0	0	0	0	0	14	0	0	2	0	0	0	9	0	9	0	0	0	0	11	0	0	0	0	0	0	0	0	0	10	0	0	0	0	4	0	0	0	0	0	0	0	0	14	0	0	0	0	0	0	0	0	0	0	0	0	0	0	4	0	8	0	0	0	0	0	0	0	0	0	0	0	0	0	0	0	0	16	10	0	0	0	0	0	0	0	0	16	0	0	0	9	10	0	0	0	0	0	11	0	0	0	6	0	0	0	0	9	0	0	0	0	16	0	0	17	0	13	13	0	0	17	0	0	0	0	0	0	0	0	12	0	0	0	11	0	0	0	0	0	0	0	0	13	0	0	0	0	0	0	9	0	0	0	9	0	0	10	0	0	0	0	0	0	0	0	0	0	0	0	0	0	0	0	0	0	0	0	0	0	11	13	0	0	0	0	0	0	0	0	0	0	0	0	0	15	9	0	0	0	0	0	0	0	0	10	7	0	0	0	0	0	0	10	0	0	0	0	0	0	0	0	0	0	12	0	0	0	15	12
0	0	0	0	0	0	0	10	0	7	0	6	0	0	0	0	0	0	9	0	0	0	0	0	0	0	6	0	6	0	0	0	4	0	0	0	0	5	0	0	0	0	17	0	0	0	0	0	9	0	0	0	0	0	0	0	0	0	0	0	0	0	5	0	0	0	0	0	0	0	0	0	0	0	0	0	0	0	8	0	8	0	0	0	0	0	16	0	0	0	0	0	0	0	0	0	10	29	11	0	9	0	0	0	0	0	0	0	0	0	0	0	5	9	0	0	0	0	0	0	0	0	11	8	0	0	15	0	0	0	0	0	0	11	0	9	0	0	0	0	0	19	14	4	0	0	0	8	9	0	0	0	0	0	0	0	0	0	0	0	7	0	0	7	0	0	16	0	13	0	0	0	0	0	7	6	0	0	0	0	0	0	0	0	0	18	0	10	0	9	0	0	0	0	0	0	0	9	0	0	0	0	0	0	0	7	0	0	0	0	0	0	0	0	9	11	13	20	0	0	13	0	0	0	0	13	0	0	0	3	25	0	0	0	9	0	0	0	9	0	8	10	0	12	0	0	0	0	0	0	11	8	16	0	0	0	19	12	13	0	17	0	0	11	9	0	34	0	16	0	0	0	0	0	0	0	12	0	0	0	0	0	0	0	25	0	0	10	0	16	0	0	9	16	7	0	0	0	19	0	0	0	0	0	8	6	0	0	8	0	10	0	0	0	0	2	6	0	18	0	0	0	0	0	0	8	4	15	0	0	0	0	0	0	0	0	10	0	0	0	14	0	0	0	8	0	0	0	15	0	0	11	0	0	0	0	0	0	0	0	0	0	0	0	0	0	0	0	0	0	18	12	0	0	0	0	0	0	0	0	0	0	0	0	0	0	0	0	0	14	0	0	0	0	0	0	0	0	0	0	14	0	0	0	0	0	0	0	0	0	0	0	0	0	0	0	0	0	11	10	14	0	0	0	0	0	0	0	0	0	0	0	0	0	11	0	10	0	0	0	0	0	0	0	0	0	0	0	0	0	11	7	0	0	0	0	0	0	0	0	0	0	0	0	0	0	0	0	0	0	0	0	0	0	0	0	0	0	0	0	0	0	0	0	0	0	0	0	0	0	0	0	0	16	0	0	0	0	0	0	0	0	0	0	0	0	15	0	0	0	0	0
0	0	0	0	0	0	0	0	0	0	0	0	0	0	0	0	0	4	13	0	0	0	0	0	6	0	0	0	31	0	0	9	14	0	0	0	0	0	0	0	0	0	0	0	0	0	0	0	0	0	0	0	0	0	0	0	0	8	0	0	0	0	6	0	0	0	0	0	0	0	0	0	16	0	0	0	0	0	0	0	9	0	0	0	0	7	0	0	0	0	0	0	0	0	0	9	0	0	9	0	0	0	0	14	0	0	0	0	0	0	0	0	0	0	0	0	0	0	0	0	0	0	0	14	0	0	0	11	0	0	15	0	0	0	0	0	0	0	8	9	0	0	0	0	0	0	25	0	14	0	6	0	0	0	0	0	0	0	0	0	0	0	0	0	0	0	0	0	10	0	0	0	0	0	0	0	26	0	0	0	10	18	13	9	8	0	0	7	0	0	6	0	0	0	0	12	0	0	7	10	0	0	0	0	4	0	0	0	0	10	0	0	0	0	0	10	9	19	27	24	4	8	0	0	0	16	0	6	0	0	0	0	11	0	0	0	0	0	30	0	0	9	0	12	8	21	8	9	8	0	0	11	9	12	0	0	10	0	0	0	0	10	8	12	17	21	0	0	10	9	0	0	0	0	0	9	0	0	0	0	0	0	0	15	0	0	0	0	0	0	0	12	0	0	0	0	0	0	0	0	0	0	0	0	0	0	8	10	0	8	8	0	0	0	0	0	0	0	0	9	0	0	9	0	0	0	0	0	0	0	0	0	0	9	0	11	0	0	0	0	0	11	0	0	0	0	7	0	0	0	0	0	0	0	0	0	0	0	0	0	0	0	0	0	0	0	0	0	0	0	0	0	9	0	0	0	0	15	0	0	0	10	0	0	0	0	0	0	0	0	0	0	0	8	0	0	8	0	0	0	16	0	0	0	0	0	0	0	0	0	0	0	0	0	0	0	0	12	9	0	0	0	14	0	0	0	0	0	0	9	0	0	0	0	6	0	14	0	0	0	0	0	0	0	0	0	14	0	0	0	7	0	0	0	0	0	0	0	0	0	0	0	0	0	0	0	0	0	0	16	0	0	0	0	0	0	0	0	0	0	0	0	0	0	0	0	0	0	0	0	0	0	0	0	0	0	0	0	0	0	0	0	0	0	0	0	0	16	0	0	0	0
0	0	0	0	0	9	11	0	0	0	14	0	0	0	0	0	0	0	0	0	0	6	0	0	14	9	0	0	0	0	0	0	0	0	0	0	0	0	0	0	0	0	0	12	0	0	0	2	0	14	0	0	0	0	0	0	0	0	0	0	10	0	0	0	0	0	0	0	0	0	0	0	0	0	0	0	0	0	0	0	0	0	0	0	0	0	0	0	0	0	0	0	13	0	0	0	0	0	0	0	0	8	0	6	0	0	0	15	0	0	0	0	0	0	0	10	0	0	0	0	8	0	0	0	0	0	0	21	0	0	0	8	0	0	0	0	0	23	0	0	16	0	0	0	0	0	0	0	0	0	0	0	12	0	0	0	0	10	0	0	0	0	0	0	14	0	0	0	9	0	7	0	6	0	0	0	26	0	8	0	0	0	14	5	0	10	17	0	0	0	0	0	15	0	0	0	9	3	13	0	0	0	9	14	0	0	0	0	0	0	0	9	0	0	0	0	0	12	14	14	20	17	0	0	0	9	25	0	8	0	0	0	0	0	10	10	0	19	0	0	0	0	0	12	0	14	9	0	9	11	27	15	0	0	0	0	0	0	7	0	14	15	19	0	0	0	0	0	0	8	0	28	0	0	0	0	10	16	0	0	15	5	0	13	4	0	0	0	0	0	26	0	0	0	3	11	6	0	22	0	0	9	9	17	0	0	0	0	0	0	0	0	5	0	7	6	0	10	0	0	0	0	0	7	32	0	0	0	10	0	16	14	11	0	0	0	14	0	0	0	0	14	0	14	12	0	0	0	0	10	0	0	0	0	0	0	0	0	0	0	0	20	9	0	0	8	0	0	0	0	0	0	0	0	0	0	0	0	0	0	0	0	9	0	0	0	0	10	0	0	0	0	0	0	0	9	0	0	0	0	0	0	0	0	0	0	0	0	0	0	0	0	10	0	18	0	0	0	3	0	0	0	13	10	12	0	0	0	0	25	0	0	0	0	0	0	10	7	0	0	0	0	0	0	0	0	11	0	0	0	0	0	0	0	0	0	0	0	0	0	0	0	0	0	0	3	0	0	0	0	0	0	0	0	0	0	0	0	0	0	0	0	0	16	0	0	0	0	0	0	13	0	0	0	0	0	13	0	0	0	0	0	0	0	0	0	0	0	0	18	0	0
13	12	0	0	0	10	0	0	0	0	0	0	0	0	0	0	0	0	0	10	15	0	0	0	0	7	0	0	0	0	0	0	0	10	0	0	11	0	0	10	0	0	0	0	0	0	8	12	0	11	0	0	0	0	0	0	0	0	0	0	11	0	0	0	0	0	0	0	0	0	0	0	0	14	0	0	0	0	0	0	0	0	0	0	0	0	0	0	0	0	0	8	4	0	0	0	0	0	0	0	0	13	0	10	16	9	0	6	0	0	0	0	0	0	0	0	10	0	0	9	0	0	0	0	0	0	0	0	0	0	0	0	0	0	0	0	0	0	9	0	0	0	0	0	0	0	0	0	0	0	0	9	11	0	10	0	0	0	0	0	0	0	0	0	0	0	0	10	0	0	10	0	8	10	0	0	14	0	0	11	0	0	0	0	4	15	4	7	0	5	10	0	0	10	0	0	8	14	0	8	0	0	0	18	9	9	0	0	0	0	0	0	0	10	0	4	10	12	0	0	9	40	20	0	0	5	7	0	9	11	36	0	0	8	0	0	9	0	9	20	7	0	0	0	2	10	9	0	0	5	11	0	8	10	15	0	0	8	0	23	0	0	16	0	0	0	0	0	19	0	0	0	0	15	0	0	0	0	0	0	0	0	11	9	0	0	0	0	0	0	10	0	10	10	10	32	0	10	0	21	6	7	0	0	36	0	7	0	0	0	0	0	0	0	10	0	25	0	0	16	15	0	0	16	0	12	0	0	0	0	0	0	8	0	0	0	0	0	9	16	0	0	11	0	0	0	0	0	0	0	0	0	0	0	0	0	0	13	0	0	0	0	0	9	0	0	0	0	0	0	0	0	0	18	4	3	0	0	0	0	0	0	0	18	0	0	0	3	0	0	0	0	0	0	9	0	0	0	0	10	0	0	0	0	0	0	0	0	0	0	0	0	0	0	26	25	0	0	0	0	0	0	0	0	0	0	0	0	0	0	0	0	0	0	0	0	0	1	0	0	0	0	0	0	0	17	0	0	0	0	0	0	0	0	0	0	0	0	0	0	0	0	0	0	0	15	0	0	0	0	0	0	0	0	0	5	0	0	13	8	0	0	0	12	8	0	8	0	0	0	12	0	0	0	19	0	9	0	0	0	0	0	0	9	0	0	7	0	0	0	0	11
6	0	0	0	0	9	0	0	0	7	0	0	0	0	0	0	0	0	0	0	0	0	0	0	0	0	0	0	0	0	0	0	0	24	0	0	0	0	0	0	0	0	0	0	0	0	0	0	0	0	8	8	0	0	0	0	0	9	0	0	0	0	0	0	15	0	0	0	10	0	0	0	0	0	0	0	0	0	0	0	0	0	0	0	0	0	2	15	0	0	0	0	0	0	0	0	0	0	6	7	0	0	0	0	13	9	5	12	0	0	9	0	0	0	0	0	0	15	0	0	0	0	0	0	0	0	0	0	0	0	10	0	0	0	0	12	0	0	13	0	9	0	0	0	0	0	16	11	0	0	0	0	0	0	0	7	0	0	0	0	0	0	7	0	4	0	0	5	26	8	20	0	16	0	0	14	22	0	0	14	8	0	0	14	20	0	14	5	21	15	16	7	10	9	11	12	14	7	0	18	8	0	0	10	16	0	0	15	9	6	10	0	0	0	0	11	10	9	34	8	0	23	12	36	10	0	15	11	8	0	25	19	19	3	3	0	11	7	7	11	0	8	0	43	0	14	18	11	0	13	0	24	7	0	10	35	12	24	7	4	0	0	0	10	0	12	0	6	0	2	10	0	13	0	5	22	6	9	0	0	8	0	0	9	0	0	0	9	11	15	9	0	0	0	0	0	0	21	0	0	0	11	0	0	0	0	0	10	9	0	0	20	0	0	0	0	9	10	10	0	0	0	0	0	0	0	7	0	0	9	0	0	0	0	8	0	0	0	0	0	18	0	0	0	0	9	0	0	0	0	5	0	9	20	9	0	6	0	0	12	0	0	0	0	0	16	10	0	0	0	9	0	0	0	0	0	0	0	0	0	0	0	0	0	0	0	0	0	0	0	0	0	0	0	0	0	17	8	18	0	0	0	0	0	0	0	0	0	15	0	0	0	0	0	14	13	0	0	0	0	0	0	0	0	0	0	0	0	0	0	0	0	0	0	0	0	0	0	0	0	0	0	0	0	0	0	0	0	0	0	0	15	0	0	0	0	10	0	0	0	0	0	0	0	0	10	0	18	0	0	0	0	9	0	13	14	0	18	10	0	0	0	0	15	0	0	0	0	0	16	0	0	0	0	13	35	11	0	0	0	0	0	0	0	0	0	0	0	0	0	10	22
0	0	0	0	0	0	4	0	0	0	0	0	0	0	16	0	0	0	0	0	0	0	20	23	0	0	0	0	0	0	0	0	0	0	0	0	0	0	0	0	0	0	0	0	0	0	8	0	0	7	0	0	7	0	0	0	0	0	0	0	0	6	0	0	0	0	0	0	13	0	0	0	0	0	0	0	0	0	0	0	0	0	0	0	0	0	0	0	15	0	0	7	0	0	0	0	0	0	0	0	9	0	0	0	0	0	12	0	0	0	0	0	0	8	0	0	0	0	0	0	9	12	0	0	0	0	0	0	0	0	0	0	0	0	9	11	0	0	17	0	0	9	4	10	0	0	16	0	0	0	0	9	0	8	8	4	0	0	0	14	6	9	1	20	14	8	0	0	0	2	0	8	14	11	11	10	27	6	0	26	22	0	22	21	7	0	0	0	0	26	0	15	13	19	0	0	0	0	14	0	0	0	15	8	20	9	0	18	8	8	36	10	8	0	9	0	7	15	7	10	10	0	15	16	10	10	5	0	0	0	0	0	6	38	39	0	20	5	15	17	34	0	0	17	10	31	7	0	30	0	10	0	7	8	0	36	25	0	10	4	0	0	8	14	0	0	8	11	30	0	11	0	11	0	0	6	10	10	15	33	9	13	0	24	0	20	0	10	0	0	7	0	4	7	10	0	16	8	19	0	10	19	0	0	9	12	0	0	0	34	24	0	9	23	24	0	0	0	0	9	0	18	0	0	0	0	0	0	0	7	11	0	12	0	14	0	0	0	0	0	11	8	0	9	0	0	0	0	10	0	0	0	9	0	0	0	0	0	0	0	0	0	0	0	16	0	0	0	14	10	27	0	0	0	0	0	0	11	0	0	0	0	0	0	0	0	0	9	0	0	0	16	15	9	0	10	0	0	0	0	0	0	0	0	0	0	0	7	0	0	0	0	0	0	0	0	0	0	0	0	0	0	0	0	0	0	10	0	0	0	11	13	0	0	0	0	0	0	0	0	0	0	0	0	0	0	0	0	0	0	0	0	0	0	0	0	0	0	0	0	0	15	10	0	0	0	0	0	27	0	0	0	16	11	0	0	0	0	0	0	0	0	0	0	0	0	0	0	0	0	16	9	18	19	10	3	1	0	0	0	0	0	0	0	0	0	6	0	0	0	0	22
0	0	0	15	0	10	10	0	16	0	0	0	0	0	24	0	0	0	0	0	15	0	0	4	0	0	0	0	11	0	0	0	0	0	0	0	0	0	0	0	0	0	0	0	0	0	12	9	0	7	0	0	0	0	0	0	0	0	0	13	28	9	0	0	0	9	0	0	0	0	0	8	14	0	0	0	0	0	0	0	0	0	0	10	4	0	0	0	0	10	13	0	0	0	0	0	0	0	0	0	14	0	0	0	10	0	11	0	0	10	0	0	0	0	0	0	0	0	0	0	0	9	0	0	0	0	0	0	0	0	10	0	0	0	9	0	0	0	0	0	10	0	0	0	0	10	0	0	0	14	8	0	0	0	0	8	20	0	0	0	0	26	0	15	7	0	8	8	8	10	0	5	0	7	0	8	16	14	11	17	16	31	28	9	0	10	0	13	7	42	15	0	17	5	17	8	25	20	26	23	8	16	19	14	17	11	4	16	26	11	7	11	20	40	0	19	8	13	0	0	8	0	18	10	10	0	12	28	0	10	18	22	14	20	31	7	22	11	7	0	10	20	15	0	19	23	10	19	24	17	17	38	6	18	38	19	77	4	6	30	20	0	0	18	0	19	10	8	0	7	19	30	21	5	13	0	32	19	10	7	2	29	38	41	23	29	13	25	18	42	11	19	13	36	9	0	31	0	33	0	7	9	0	0	10	20	23	12	3	0	33	20	0	8	8	0	0	8	20	0	8	0	10	0	9	0	7	0	0	19	0	4	5	22	12	0	0	8	0	25	0	9	12	25	0	0	10	0	0	0	0	15	0	0	0	0	10	11	0	0	0	7	0	0	0	0	0	0	11	0	13	18	0	0	9	14	10	0	0	0	0	0	0	0	0	0	0	0	0	0	0	0	15	0	0	0	0	0	0	0	0	0	0	0	0	0	0	0	8	0	0	0	0	0	0	0	0	0	0	17	6	0	0	16	0	0	13	0	0	0	0	0	0	0	0	0	0	0	0	0	0	0	0	0	0	0	8	0	10	0	0	0	0	0	0	0	0	8	14	0	0	0	0	0	0	0	0	17	0	0	0	0	0	11	0	0	0	0	0	0	0	0	0	0	0	0	0	0	0	9	15	23	7	4	4	3	3	1	0	0	0	0	10	0	0	0	0	0	0	0	0	20
0	0	0	0	0	19	0	11	11	0	0	0	0	0	16	0	0	0	0	0	0	0	0	0	0	6	0	19	0	0	0	0	0	0	0	0	0	0	0	15	8	0	0	16	0	0	0	0	9	0	0	0	0	0	0	0	0	4	0	13	15	0	0	0	0	0	0	0	0	0	0	8	0	0	8	0	0	0	0	0	0	0	0	0	0	0	0	0	0	0	0	0	0	0	17	0	0	0	0	0	0	0	0	11	9	0	8	0	0	0	0	0	0	0	0	0	0	0	11	15	0	11	0	0	0	0	0	0	0	12	6	0	0	0	0	0	8	0	0	0	0	0	8	9	7	0	9	0	0	0	0	0	0	8	27	3	8	0	0	15	10	16	0	16	8	16	14	0	21	0	10	19	7	0	0	9	14	38	27	16	16	9	21	6	0	0	8	18	0	7	0	23	33	23	0	8	17	12	16	25	16	17	7	5	36	0	32	34	26	0	18	51	11	22	7	72	18	35	8	24	17	9	9	21	11	18	29	6	20	33	16	28	27	34	17	38	0	17	27	17	29	18	43	20	24	29	18	19	29	19	20	18	25	19	17	72	57	18	45	37	57	0	13	32	26	8	49	54	18	35	18	33	25	38	35	36	9	0	15	30	23	9	48	8	37	40	12	12	29	17	10	0	35	8	26	19	5	27	21	0	26	0	3	24	0	28	9	19	0	35	18	32	32	0	0	9	0	0	7	10	11	11	14	9	10	9	8	0	0	0	7	19	12	9	32	5	5	8	0	0	0	9	30	0	0	0	6	8	0	0	0	29	0	0	0	0	5	0	0	0	0	6	13	0	10	0	0	0	0	0	18	8	17	0	0	10	10	0	0	0	0	0	0	0	0	0	0	0	0	15	0	0	6	0	0	0	0	0	0	0	0	17	0	0	0	9	0	0	0	0	0	0	0	11	0	0	0	0	0	0	0	0	0	0	0	0	0	0	0	0	0	0	11	0	0	0	0	0	0	0	0	0	0	0	0	0	0	0	8	0	0	0	0	0	18	0	0	0	0	0	0	0	0	0	0	0	0	0	0	0	0	0	0	0	0	0	0	0	0	0	0	0	0	0	0	0	0	20	14	12	2	4	6	14	18	7	4	3	0	11	0	0	0	0	0	0	0	0	0	17	0	26
0	0	0	0	0	0	0	0	15	0	0	0	0	0	0	0	0	0	8	0	8	8	0	0	16	8	8	0	0	0	0	0	0	0	0	0	0	0	0	0	15	0	0	0	0	0	0	0	0	0	0	0	0	0	0	0	0	0	0	0	13	0	6	0	0	0	0	10	0	0	0	0	7	0	9	0	0	0	0	0	0	0	8	0	0	0	0	0	7	6	13	0	0	0	0	6	0	0	9	0	0	0	0	0	0	0	0	0	0	7	0	0	0	0	17	18	0	0	0	0	0	0	0	0	0	10	21	0	0	6	5	9	2	8	0	0	8	25	0	7	13	3	6	21	44	0	5	16	17	0	10	7	25	0	23	10	16	10	4	13	14	25	0	18	39	21	18	6	9	26	4	8	11	15	32	9	15	18	18	7	17	33	32	47	20	38	42	25	34	10	0	0	23	49	9	25	12	47	51	18	7	51	39	36	3	27	39	18	37	34	16	12	28	41	46	48	58	21	28	37	57	10	19	73	33	10	31	34	15	48	29	38	41	20	37	12	46	21	28	43	22	54	40	28	65	49	7	69	14	30	19	4	18	36	52	116	70	47	36	57	7	65	11	47	69	56	20	47	34	62	52	43	46	7	21	19	11	20	58	39	42	14	34	27	31	28	10	45	9	22	35	15	46	38	16	22	15	35	29	28	34	32	19	24	49	0	0	23	11	6	0	2	16	40	10	0	0	15	10	18	10	13	10	10	0	9	0	11	24	38	21	0	26	12	18	10	11	0	20	0	9	11	8	0	0	0	0	0	14	0	11	0	0	9	0	0	0	0	0	0	5	0	0	0	0	0	0	0	0	0	9	0	0	15	0	0	0	0	0	0	15	0	8	20	0	0	0	0	0	0	0	0	0	0	0	0	0	0	0	0	0	0	0	0	0	0	0	0	0	15	7	0	0	0	0	8	0	0	0	0	0	0	0	0	0	0	0	0	0	17	0	0	0	0	0	0	0	0	0	0	11	0	0	0	0	0	0	0	0	0	0	0	0	0	16	0	0	0	0	0	9	0	0	0	0	0	0	0	0	0	0	0	0	12	0	0	0	0	0	0	0	0	0	0	0	13	18	10	0	0	14	5	20	200	267	62	5	3	12	0	0	0	0	8	0	0	0	0	0	0	19	11
0	10	0	0	0	0	0	0	0	0	0	0	25	0	0	0	0	0	0	0	0	0	0	0	16	14	29	8	0	0	0	0	0	0	8	9	12	0	9	0	6	0	0	0	0	0	0	15	0	0	0	0	0	0	0	0	0	9	0	0	0	0	0	0	0	0	0	0	0	14	0	0	11	13	0	0	0	0	0	0	0	0	0	3	0	0	0	10	0	0	0	0	0	10	14	0	0	0	0	0	0	0	0	0	0	6	0	0	0	0	0	0	0	0	7	0	0	0	0	9	0	9	0	0	19	9	7	0	0	4	0	6	0	0	6	0	0	0	0	0	9	8	0	27	0	11	14	25	10	7	9	14	15	7	8	18	0	45	8	6	9	31	9	19	42	15	19	26	22	22	37	14	27	45	16	45	28	53	19	29	0	19	20	44	15	36	55	53	33	21	39	28	73	33	26	51	24	42	16	42	44	55	35	25	36	42	41	39	20	29	45	39	45	32	60	67	50	25	27	54	46	81	59	51	15	45	41	16	65	26	34	50	63	40	45	27	16	64	79	47	26	59	54	18	29	66	19	61	27	35	36	75	45	40	60	90	107	89	42	31	44	28	66	85	64	68	31	55	57	74	89	48	77	43	21	48	56	51	33	92	16	100	8	46	8	35	77	16	50	37	33	19	60	6	36	17	41	21	28	59	41	26	39	17	57	28	30	11	42	36	34	11	0	17	38	37	22	26	20	22	25	9	11	0	0	20	22	8	20	9	18	0	51	0	11	48	16	9	21	10	0	22	5	15	0	7	0	17	0	11	13	6	9	4	0	7	0	0	10	9	4	17	10	9	9	0	0	0	0	0	0	9	0	0	18	0	11	13	0	0	0	0	0	21	0	0	0	0	0	0	0	0	0	0	0	0	16	0	0	0	0	0	0	0	0	0	9	0	0	0	0	0	0	8	5	0	0	0	0	1	0	0	0	0	0	0	6	0	14	0	0	0	0	6	4	0	0	15	9	0	0	0	0	0	0	0	0	0	0	0	0	17	0	0	0	6	0	10	0	0	0	0	0	0	25	0	0	0	0	25	9	16	11	12	0	0	0	3	0	0	0	0	0	14	15	10	16	0	0	0	3	4	43	367	752	161	12	4	2	0	0	0	0	0	13	0	0	0	0	0	13	0
0	0	0	0	0	0	0	0	0	10	0	0	0	0	0	0	0	0	0	0	0	0	10	9	10	3	15	22	34	16	14	0	0	0	0	0	0	0	0	10	6	0	0	0	0	0	0	10	10	0	0	1	0	0	0	0	0	12	0	0	0	0	0	0	0	0	0	0	0	6	0	0	0	0	7	0	0	0	24	0	0	0	0	14	11	0	0	8	0	0	14	8	9	8	15	0	0	0	0	0	0	0	0	0	0	0	8	0	0	0	0	0	0	9	7	9	11	0	0	0	0	8	4	9	8	16	0	0	0	5	24	9	10	0	0	0	0	0	33	23	0	17	0	0	16	7	22	6	31	40	25	31	21	20	24	0	20	40	48	24	52	10	12	24	32	28	33	29	26	14	8	23	31	25	26	33	25	11	64	35	48	46	25	18	38	39	14	58	20	14	34	34	15	49	52	69	45	68	64	43	56	23	34	56	87	51	50	68	34	58	55	20	49	41	79	71	52	34	46	26	60	60	60	90	57	84	43	24	92	79	73	42	58	75	52	43	39	55	94	0	52	72	74	67	66	64	46	57	55	37	34	62	44	56	41	106	201	79	87	43	65	70	26	66	56	27	37	121	92	50	59	67	64	48	48	34	30	57	43	42	67	45	16	21	59	48	105	39	33	11	51	66	28	65	51	63	31	11	36	38	22	60	44	30	49	33	5	15	23	67	16	31	12	0	46	55	27	20	10	18	11	10	18	23	30	24	19	25	11	11	0	39	18	21	19	40	21	20	11	33	6	0	26	45	9	0	17	24	7	0	14	11	17	9	34	12	0	0	0	0	16	0	18	0	0	0	7	0	0	0	0	0	0	0	0	16	13	20	0	0	0	0	8	0	0	0	0	12	0	0	0	0	0	0	0	0	0	0	0	10	0	0	0	9	0	0	0	16	0	0	0	0	0	0	5	0	0	0	0	16	0	0	0	0	0	0	24	0	0	0	0	7	0	8	12	0	0	0	0	0	0	0	0	9	0	0	0	0	0	0	0	0	0	0	13	0	16	0	0	0	0	0	0	0	0	13	11	11	16	17	17	21	0	0	0	0	0	0	0	0	9	13	12	0	9	0	0	0	0	0	3	4	20	180	272	119	16	13	2	0	0	0	0	0	20	0	0	0	0	0	0	0
0	0	0	0	0	7	0	0	0	0	0	0	0	0	0	0	0	0	0	0	0	0	0	0	0	0	0	0	0	12	16	16	7	0	0	0	0	0	9	0	0	0	0	0	0	6	11	9	0	0	0	10	6	0	0	10	0	0	0	0	0	0	0	0	0	10	0	0	0	0	0	0	0	5	0	0	0	15	0	0	0	0	0	0	0	0	0	0	0	7	0	0	0	0	10	0	0	0	0	0	0	14	0	0	15	0	9	0	0	8	0	10	8	9	6	0	14	0	0	7	0	2	11	15	17	21	26	27	8	0	14	0	11	38	20	0	0	0	0	7	13	15	0	23	20	15	14	45	11	41	8	30	22	47	9	28	32	22	74	24	27	19	42	34	20	20	29	13	37	52	14	18	18	41	0	58	53	15	95	43	64	13	57	54	54	26	34	63	49	28	64	18	60	50	48	24	64	71	52	38	47	73	38	86	46	54	31	61	51	68	106	126	58	64	85	54	64	46	41	54	27	71	54	64	59	72	50	64	70	90	105	72	77	68	71	88	106	97	86	84	43	50	65	67	94	63	130	72	64	78	78	76	54	101	106	131	141	83	111	107	130	54	62	40	63	53	65	33	110	42	53	11	41	92	52	64	82	65	66	79	80	46	92	37	67	58	52	51	54	81	90	42	94	59	53	58	46	50	25	104	29	24	82	50	26	51	24	16	69	0	37	59	65	48	19	44	36	83	14	34	52	27	17	20	42	34	11	29	50	25	11	41	11	18	19	45	37	16	19	13	13	26	0	15	9	11	11	20	29	0	37	0	0	7	0	0	19	18	10	0	0	0	0	0	12	0	0	0	0	11	0	0	9	11	0	0	0	0	0	11	13	0	0	14	12	0	0	0	0	0	0	0	0	9	0	0	0	0	0	0	0	0	0	0	0	0	0	21	0	0	0	0	0	0	0	0	0	0	0	0	0	0	0	0	0	0	7	9	0	0	0	11	0	0	11	0	0	0	0	0	0	0	0	0	0	8	14	0	0	0	0	0	0	0	12	0	0	0	0	0	16	12	0	0	8	14	19	17	6	0	0	0	0	0	0	0	0	0	0	7	13	11	12	0	0	0	0	0	0	0	24	13	5	35	27	30	4	4	1	0	13	0	0	0	0	0	0	0	0	0	0	0
5	0	0	0	8	0	0	0	8	0	0	0	0	10	0	0	0	0	10	0	0	0	0	12	0	0	0	0	0	12	13	0	0	0	9	0	0	0	0	0	0	0	0	0	0	0	18	10	0	0	8	10	0	0	0	11	6	0	0	0	0	0	9	0	0	0	0	0	0	0	0	0	0	11	12	14	0	0	0	12	0	13	0	0	0	0	0	0	0	0	0	0	0	11	13	0	0	0	0	0	0	0	0	0	14	0	0	7	0	7	0	16	0	0	0	0	16	0	15	11	10	13	5	11	8	8	0	32	52	52	19	0	0	0	15	0	14	44	27	34	22	23	18	11	0	12	12	14	22	24	50	46	51	26	21	29	27	14	32	36	9	30	7	25	36	6	19	24	29	20	23	26	18	55	43	8	41	20	29	55	32	65	55	38	31	59	72	67	60	44	81	43	48	68	68	42	56	77	65	93	86	34	113	32	45	54	80	41	89	38	118	42	71	80	90	71	69	70	54	92	98	33	67	52	36	137	70	50	86	116	87	78	91	77	88	102	92	147	123	82	131	74	84	63	122	82	87	83	60	100	108	105	81	64	99	138	197	67	59	73	94	61	72	71	50	65	32	53	46	47	63	83	86	43	168	42	25	82	129	70	46	93	29	43	49	76	73	24	58	62	47	65	50	76	98	83	73	56	51	64	69	17	48	36	48	37	31	50	43	33	26	48	21	41	35	96	61	27	38	84	61	20	30	46	19	33	35	10	10	15	23	26	14	11	37	8	0	37	0	17	17	25	14	10	24	24	18	21	20	16	0	20	18	7	19	12	0	14	12	0	12	0	0	0	0	0	16	0	11	12	0	0	5	0	0	0	0	0	7	0	0	0	0	0	1	3	0	0	14	8	9	0	12	0	0	0	0	0	11	0	0	0	0	0	0	0	0	0	0	0	0	0	0	0	0	16	0	0	0	0	0	0	0	0	0	45	0	0	0	0	0	0	0	5	28	6	15	0	0	0	0	0	0	0	0	9	0	0	0	0	0	0	0	0	0	0	5	0	0	0	0	0	0	0	0	0	0	0	5	7	0	0	0	0	0	0	0	0	0	0	0	9	0	9	12	0	0	0	0	0	0	2	4	4	5	5	3	13	0	0	0	0	0	0	0	0	0	0	14	13	0	0
0	7	8	0	0	6	12	0	0	20	0	24	0	10	0	0	0	0	13	0	0	0	0	0	0	0	0	0	0	18	6	0	0	0	0	0	0	0	0	0	0	0	0	0	0	0	10	4	0	0	0	0	5	0	0	0	0	0	0	0	10	0	0	0	5	0	0	0	0	0	0	0	0	11	0	9	0	0	0	12	0	0	11	0	1	0	0	0	0	6	0	18	8	0	0	10	0	0	0	0	0	0	9	8	0	9	0	0	0	15	0	8	8	0	0	10	10	0	0	0	0	8	10	10	10	0	47	39	24	19	44	7	17	33	7	42	52	26	17	22	17	21	0	31	31	41	24	33	30	6	19	71	18	44	43	26	25	36	39	49	44	18	59	17	40	55	33	94	69	46	22	73	55	68	84	18	63	52	66	24	34	23	37	59	87	24	41	52	42	104	77	35	46	96	64	51	28	49	102	93	97	60	72	88	57	83	63	44	78	79	104	85	93	54	93	39	104	110	58	89	61	105	104	49	78	78	57	113	93	83	160	64	97	130	117	112	107	55	119	95	39	67	136	124	95	105	105	113	108	99	112	52	35	102	90	272	128	49	66	96	117	37	83	73	131	120	128	57	65	134	81	63	85	133	50	78	72	100	112	113	55	132	101	116	84	77	46	40	66	45	68	72	79	41	73	102	83	50	96	68	59	26	82	45	39	39	50	107	51	50	36	69	0	46	61	28	24	2	22	56	64	10	48	80	94	35	40	33	37	15	64	22	27	44	39	33	78	11	43	9	53	52	51	25	5	42	0	11	12	31	15	41	11	6	0	10	39	13	29	12	9	24	16	9	9	10	18	0	0	16	0	8	10	0	0	0	0	0	12	13	0	9	0	0	0	15	0	8	0	0	16	0	0	0	12	0	0	10	0	11	13	0	0	0	0	3	0	0	9	16	0	22	26	0	9	0	0	0	0	0	0	0	0	0	0	0	8	11	0	0	15	0	0	0	0	0	0	0	0	0	0	0	0	0	0	10	0	0	0	0	0	0	17	0	16	0	15	0	0	0	0	0	0	0	0	0	0	0	16	0	0	0	0	0	0	0	0	0	0	0	0	0	0	0	0	0	0	0	0	0	0	0	2	4	3	2	2	0	0	0	0	0	0	0	0	0	0	0	0	0	0	0
0	0	0	0	0	0	0	0	0	0	0	0	0	0	0	0	14	0	15	0	0	0	0	0	0	0	0	8	0	0	14	0	9	0	0	0	0	0	16	0	0	0	0	0	0	6	10	0	10	0	0	0	0	8	13	8	0	0	7	0	9	11	0	0	9	0	8	0	0	0	0	0	0	0	4	15	0	0	5	22	0	0	0	0	7	0	17	0	0	9	0	0	0	0	0	0	9	0	0	0	0	9	34	0	0	0	9	10	0	6	8	0	18	0	0	18	18	6	14	6	10	0	5	8	35	0	26	6	7	10	26	0	8	18	17	55	0	18	49	16	10	18	41	25	65	34	28	34	36	58	18	37	37	47	10	60	27	42	24	35	67	42	45	63	71	32	31	28	20	78	23	38	24	89	30	53	32	26	27	122	74	39	55	47	66	53	93	76	70	57	63	56	87	69	61	47	83	72	69	152	79	81	71	67	96	88	91	132	82	121	81	112	95	94	109	117	96	119	64	138	81	55	80	127	86	79	109	68	78	124	122	73	78	101	99	78	75	45	107	153	116	205	126	90	91	126	96	57	118	90	93	73	158	64	141	273	252	131	82	88	128	47	137	106	99	115	78	125	164	76	73	66	145	123	91	73	97	80	93	102	50	77	65	62	118	115	83	124	43	113	94	69	21	58	89	61	50	75	97	119	70	40	47	39	52	61	65	82	40	64	92	49	59	96	22	41	20	66	64	57	88	25	34	52	22	66	37	60	23	11	35	35	81	26	12	21	21	36	7	45	43	36	0	32	21	12	8	10	11	17	11	7	19	17	10	17	11	19	29	11	3	0	9	11	9	27	0	0	0	31	7	16	0	9	7	10	0	15	0	10	0	0	0	0	12	12	0	0	0	0	0	2	0	14	10	23	0	11	0	0	15	0	0	0	10	0	0	9	0	11	0	0	0	0	0	0	13	10	0	0	0	0	0	0	0	0	0	0	0	13	9	0	0	0	0	12	0	0	0	0	0	9	0	0	0	0	0	0	0	0	0	0	0	0	0	0	0	0	0	0	0	0	0	12	18	0	0	10	0	0	0	0	0	0	0	0	0	0	0	0	0	0	0	0	9	5	0	0	0	0	0	17	0	0	0	0	0	0	0	0	0	0	0	0	0	15	15	0	0	0	0	0
0	0	7	0	0	0	0	0	0	0	0	0	0	0	0	0	0	0	0	0	0	0	0	0	0	0	0	8	0	0	0	8	0	8	11	11	14	0	0	0	0	0	0	10	0	0	0	8	9	16	0	19	0	9	23	26	8	0	0	0	8	0	0	0	0	9	0	0	0	12	9	0	0	0	12	0	0	0	5	8	8	0	0	14	0	0	0	0	0	0	0	15	6	0	10	0	0	8	9	8	0	10	0	5	0	9	6	8	5	14	1	0	10	9	25	9	9	9	20	30	10	25	46	42	8	9	5	4	33	30	15	17	37	29	36	45	20	9	34	7	26	32	15	50	11	57	17	28	29	23	59	42	66	48	57	15	23	50	60	41	74	20	78	46	23	64	42	65	109	24	45	57	53	81	69	59	107	75	64	53	73	73	96	101	36	9	138	90	85	81	83	57	48	57	49	59	93	86	117	58	54	84	60	80	84	86	105	109	74	130	63	87	166	80	103	110	99	66	82	91	69	91	91	96	103	125	83	143	38	41	86	87	140	64	150	92	102	117	88	107	93	159	72	99	96	137	109	107	75	158	56	106	87	111	92	236	230	127	136	84	106	78	107	119	107	52	80	150	106	70	67	77	46	119	123	153	140	122	39	110	146	113	97	78	66	35	41	66	74	93	28	69	115	80	106	105	110	58	87	53	28	39	125	113	14	59	51	62	97	67	55	45	56	60	24	31	40	40	87	60	46	36	23	58	17	30	36	33	33	62	43	51	84	16	62	34	23	66	17	11	50	0	60	18	20	20	4	16	34	8	56	22	11	11	25	23	0	3	0	12	33	7	19	20	12	12	16	0	9	11	0	9	0	10	0	20	0	11	0	7	10	0	0	0	0	0	0	0	0	12	0	0	0	9	27	8	0	0	0	0	0	0	0	0	0	0	18	0	0	0	0	0	0	0	10	0	0	0	0	0	0	0	0	0	0	0	0	0	0	0	19	20	0	0	0	7	0	10	0	17	13	0	0	0	0	0	0	16	0	0	0	0	0	0	0	0	0	0	0	0	0	0	0	0	0	0	0	0	8	0	11	16	0	0	0	0	0	0	0	7	10	0	0	0	8	0	12	0	0	0	0	0	0	15	0	0	0	0	0	0	0	0	0	0	0	0	0	0	0	0	0	0
0	0	0	0	0	0	0	0	0	14	0	12	9	0	0	0	0	5	0	0	2	0	0	0	0	0	0	0	0	0	0	7	0	0	0	0	0	0	0	0	8	33	0	10	0	9	0	0	0	0	0	0	0	0	0	9	0	0	0	0	0	0	9	0	0	0	0	0	14	4	0	0	14	0	16	7	0	0	0	0	6	0	0	0	2	0	0	9	13	0	0	41	0	0	0	0	10	0	0	6	18	4	0	16	13	10	6	0	9	0	8	7	9	8	0	0	34	3	0	0	24	12	29	8	6	11	26	28	0	40	34	20	34	26	17	21	40	33	20	66	34	47	35	23	6	31	52	20	43	56	33	29	81	52	23	58	61	36	59	75	68	23	51	50	66	53	43	42	27	24	27	99	49	64	37	51	31	90	38	94	93	42	67	65	76	99	105	53	62	80	92	66	74	74	63	88	110	76	77	90	97	85	156	141	128	93	82	144	106	66	122	45	183	150	111	133	54	113	88	65	63	124	54	105	123	119	96	76	132	97	143	69	138	163	105	80	106	94	77	120	75	111	166	122	101	56	91	111	130	141	58	104	125	76	68	227	257	135	66	113	74	81	113	84	104	88	120	124	62	151	168	102	133	59	110	113	136	49	71	105	85	71	79	107	121	133	53	126	100	65	80	79	75	89	44	88	99	81	60	59	67	27	63	35	114	32	81	91	66	40	65	77	59	43	61	75	70	0	103	13	43	56	26	25	76	36	23	19	22	55	28	66	31	42	18	70	44	51	42	18	34	48	18	20	32	17	43	15	12	21	25	29	18	20	14	33	4	31	20	11	0	8	9	44	39	10	0	0	0	33	4	0	0	8	0	0	0	0	0	9	15	10	0	0	0	8	10	0	0	0	0	10	0	9	8	0	0	10	10	0	0	0	16	0	0	0	16	0	0	0	0	0	0	17	0	10	0	9	16	0	0	0	0	0	0	0	0	0	0	0	0	0	0	0	0	0	0	0	0	0	15	0	0	0	0	0	13	5	0	6	15	0	0	0	0	0	0	0	0	0	0	0	0	0	0	0	0	0	0	0	0	0	12	0	0	0	0	0	0	24	3	0	0	0	0	0	0	0	15	0	0	0	0	0	0	15	12	0	16	0	0	0	0	0	0	0	0	0	0	0	0	0
0	0	0	0	0	0	0	0	0	0	0	0	12	10	0	0	0	0	0	0	0	10	0	9	0	0	0	0	0	0	6	0	0	0	0	0	0	0	0	0	0	14	0	0	0	0	0	0	0	8	0	0	0	0	0	11	0	0	13	9	0	0	0	0	10	0	19	0	0	0	0	0	7	0	0	0	13	4	0	0	17	6	0	19	0	10	9	0	8	0	0	11	0	0	0	24	0	0	4	0	0	2	13	9	14	6	9	0	9	0	26	9	6	8	21	8	28	26	0	11	16	4	3	8	26	38	37	23	28	9	21	27	21	43	32	19	10	51	39	23	34	20	56	27	34	57	26	79	46	46	17	36	42	28	58	49	37	108	45	31	68	74	38	81	42	71	107	86	77	74	59	45	45	67	87	41	47	87	64	104	53	64	91	87	52	157	29	58	92	141	92	114	75	58	48	89	120	86	69	131	84	104	100	105	111	104	133	51	116	79	140	103	134	130	80	149	80	136	68	97	72	160	53	135	119	98	93	169	67	87	125	92	88	145	146	131	131	135	127	134	127	105	88	108	152	110	141	95	148	93	163	123	169	140	92	302	377	150	86	155	108	112	107	169	123	104	81	112	114	143	129	114	97	115	105	84	119	48	61	82	103	128	61	48	70	85	116	91	110	61	37	83	124	92	102	104	91	62	74	106	89	85	126	98	159	91	97	65	112	110	91	42	34	41	66	87	38	39	91	29	42	78	66	61	62	72	68	43	31	64	45	27	60	38	19	32	56	52	28	44	28	61	36	33	27	17	15	24	39	10	19	20	36	63	18	42	5	36	16	7	10	21	16	55	0	11	13	0	8	0	0	0	11	8	0	0	13	0	0	8	0	0	0	0	0	0	0	0	10	0	0	0	0	8	0	0	0	0	12	0	11	0	0	0	0	17	14	0	0	0	10	16	0	0	0	0	0	14	0	0	0	0	12	0	0	8	0	0	0	0	11	0	0	0	0	0	0	0	0	0	0	0	0	0	0	0	8	0	0	0	0	0	0	0	0	0	0	0	0	0	0	16	0	0	0	0	9	0	0	0	0	0	0	10	15	8	0	0	0	0	0	0	0	0	0	0	16	0	0	0	0	0	0	0	0	4	0	2	1	17	0	0	0	0	0	0	0	0	0	0	0	0
11	0	0	10	0	0	0	13	8	0	0	8	0	0	15	0	0	0	0	0	14	0	0	0	6	0	0	0	0	0	0	0	11	0	8	0	0	0	0	0	0	0	0	9	0	0	0	0	0	8	0	0	0	0	0	0	0	7	0	0	0	0	0	14	0	0	7	0	0	0	0	0	0	0	0	0	0	0	0	10	0	16	9	0	6	0	0	0	0	0	8	17	0	0	10	0	0	3	7	0	7	0	18	22	10	18	17	7	10	23	9	10	20	0	0	22	0	13	17	48	11	43	8	25	26	20	40	29	28	20	0	27	22	15	37	36	15	30	41	31	32	50	51	73	57	64	9	43	41	26	50	36	63	80	58	55	43	35	64	42	80	40	80	82	97	40	79	33	24	53	70	77	54	85	80	168	78	93	52	78	99	40	81	101	91	133	89	86	88	71	105	81	71	83	124	130	93	69	143	67	57	113	121	77	107	103	159	157	97	155	95	136	127	83	101	115	131	192	150	82	73	189	129	75	136	136	135	120	86	137	68	112	145	165	134	134	131	125	160	157	97	89	135	112	126	128	147	111	99	187	142	74	147	111	140	265	414	148	103	88	151	180	130	69	117	148	144	117	118	166	119	117	93	156	130	98	189	140	77	107	136	90	73	122	70	64	125	40	110	136	58	80	103	59	93	62	72	157	69	142	95	50	66	75	93	47	64	97	95	53	69	70	37	59	90	63	83	111	105	87	71	59	49	83	89	104	50	49	72	47	76	33	30	90	34	60	59	63	46	71	70	45	10	87	23	20	104	30	41	7	0	16	20	24	21	7	59	41	6	16	28	17	31	21	24	19	27	0	16	9	0	9	0	9	5	18	0	0	12	14	0	12	0	14	0	9	0	10	0	10	0	6	0	10	16	0	0	4	7	0	10	19	0	0	0	15	19	4	0	8	15	0	0	0	0	0	0	6	9	0	0	0	0	0	0	0	0	10	23	0	0	0	0	0	0	0	0	0	0	0	9	0	0	0	9	0	0	0	0	13	13	0	9	0	0	0	0	0	0	0	0	0	0	0	0	22	0	0	12	0	0	0	10	0	0	0	0	0	0	0	0	0	0	0	0	0	0	0	0	0	0	11	0	15	0	1	2	4	3	4	3	2	0	0	0	0	0	0	0	0	0	0
0	0	0	0	0	0	0	1	0	0	0	0	5	0	0	0	0	6	0	0	4	11	0	0	28	0	0	0	18	0	0	10	11	6	0	0	0	0	9	0	0	8	0	0	0	0	0	0	0	8	7	0	11	9	29	0	7	0	0	0	15	0	0	0	0	8	0	0	5	9	15	0	0	0	4	5	0	0	0	0	0	21	9	0	0	8	0	0	2	0	0	0	0	0	16	0	0	20	0	0	9	8	0	0	0	0	27	8	12	10	13	32	11	1	27	27	26	33	21	16	8	22	30	41	26	31	32	27	28	46	0	17	38	82	41	28	34	28	44	50	43	30	49	41	40	65	71	87	64	111	19	42	77	47	54	43	36	86	79	48	76	71	35	90	67	40	85	52	96	25	52	78	10	58	76	109	114	86	95	65	90	117	60	135	86	117	117	61	49	121	129	117	80	94	72	78	94	87	102	114	131	110	153	136	145	128	83	72	167	110	133	122	133	140	81	178	116	82	168	69	107	180	149	106	144	158	143	85	79	186	126	109	135	106	110	115	160	137	106	148	111	191	87	130	139	102	154	88	160	111	112	193	104	118	114	309	297	153	151	124	73	134	105	164	183	49	146	135	100	175	185	87	99	109	115	128	97	172	98	173	168	109	69	61	113	141	152	88	56	161	39	109	69	138	90	167	49	122	170	62	34	46	47	112	93	55	160	80	70	66	54	102	96	67	65	94	78	75	135	47	38	51	59	54	25	52	71	69	24	53	27	41	36	53	53	46	49	84	35	23	36	22	37	49	36	33	53	38	30	12	11	26	33	10	37	19	41	30	18	30	27	28	11	12	8	16	0	7	10	13	4	6	0	0	5	0	20	8	0	0	0	0	13	0	9	0	21	0	0	0	0	0	0	0	0	8	41	0	25	10	0	0	0	0	22	0	0	0	20	0	0	0	12	0	0	11	0	0	0	0	0	0	0	0	0	14	0	0	0	0	0	0	0	0	0	0	0	0	0	0	0	0	0	8	0	10	15	0	12	0	10	0	0	18	9	0	0	0	0	0	0	0	0	0	0	2	0	0	11	0	0	10	0	0	0	0	0	0	0	0	0	12	0	0	0	0	0	0	0	0	0	0	0	0	0	3	16	14	4	4	4	14	0	0	11	0	0	0	0	0	0	11
11	0	0	0	0	0	0	0	0	0	0	0	0	0	0	4	0	0	0	0	0	27	0	0	0	0	13	9	0	0	0	0	0	0	0	6	0	0	0	0	0	0	0	0	7	14	0	0	0	0	0	0	6	0	0	0	0	0	0	8	0	16	0	0	11	0	0	0	0	0	0	11	0	8	17	4	23	12	0	0	0	0	8	0	13	0	20	0	0	4	19	0	13	16	0	16	14	10	9	9	9	38	9	25	5	17	30	9	15	21	9	9	0	0	22	7	13	10	34	17	59	24	6	0	0	35	20	44	30	38	8	34	26	42	27	30	56	58	39	49	59	66	48	11	49	67	45	68	118	68	69	71	44	76	50	48	92	58	63	85	86	35	118	34	64	74	66	53	101	78	56	56	42	92	65	81	82	122	86	71	78	105	54	73	116	95	125	115	111	130	120	96	179	218	84	111	130	137	160	90	69	120	53	97	134	109	87	103	155	152	168	135	96	101	98	173	109	118	105	111	133	139	77	193	90	70	130	227	154	102	101	108	202	128	178	112	183	97	123	179	158	124	123	136	174	118	144	150	191	97	55	170	123	217	136	306	339	149	190	138	139	193	138	116	177	90	120	132	179	104	89	162	179	99	71	112	154	127	77	115	87	101	102	120	83	131	58	106	88	88	73	95	136	51	73	121	79	81	94	72	59	167	136	40	76	64	71	69	96	61	88	79	65	44	29	102	51	75	35	68	39	93	56	70	72	37	32	64	41	44	60	56	44	42	32	47	50	50	50	0	82	46	26	0	32	58	32	26	11	68	26	16	26	30	17	63	18	10	35	62	13	0	12	21	21	20	19	0	17	0	0	10	0	0	9	0	9	0	7	17	0	0	0	9	0	0	10	11	12	8	0	0	5	0	0	0	11	0	18	0	0	0	9	0	11	0	5	0	17	32	15	0	0	0	0	0	0	0	0	0	10	9	11	11	0	17	0	0	0	0	0	11	0	0	9	0	0	0	0	0	0	0	16	0	0	0	0	0	0	0	0	0	0	9	0	3	0	8	0	0	0	0	0	0	0	0	13	0	0	0	0	16	0	0	15	0	0	0	0	0	0	0	28	0	0	27	0	0	0	0	0	0	0	0	3	4	5	14	38	22	6	12	17	0	0	0	0	0	0	0	12	0
0	0	0	0	0	0	0	0	0	9	0	5	0	7	0	28	0	0	0	0	0	0	0	0	0	0	0	0	0	0	0	0	0	0	0	0	9	0	9	0	9	11	0	0	7	6	10	0	0	0	0	0	4	0	0	0	0	6	0	21	12	12	0	0	10	0	0	0	7	0	0	10	10	0	15	0	19	8	0	0	22	0	10	0	14	5	12	11	7	0	0	6	9	0	0	1	7	36	27	8	8	22	15	0	8	4	32	32	28	17	38	7	9	34	19	41	0	8	29	16	24	19	14	19	41	27	0	55	9	27	21	45	32	21	12	13	39	45	37	26	24	58	31	53	47	16	15	47	57	51	32	36	80	58	51	33	64	48	38	68	38	90	61	34	35	80	104	107	79	28	92	125	83	61	57	51	71	81	135	119	67	81	109	117	110	74	72	98	84	172	78	61	88	111	74	113	81	61	91	84	88	134	94	85	115	122	128	167	111	115	121	151	91	137	132	137	101	144	181	145	87	174	80	140	100	133	110	132	78	134	48	175	179	119	98	115	98	126	111	175	189	185	139	162	124	122	140	97	169	210	173	102	101	126	177	930	292	165	103	164	225	123	146	153	78	144	128	104	131	108	82	209	174	149	57	94	182	217	138	79	200	171	107	75	92	136	91	70	140	91	72	101	156	142	40	111	88	63	80	59	69	144	89	72	115	83	64	70	54	145	104	64	56	80	84	52	30	77	90	73	84	64	40	72	32	40	56	84	51	35	40	35	50	55	44	3	78	56	53	29	51	69	27	17	55	30	32	39	29	25	36	20	14	10	19	71	29	16	48	42	10	34	12	32	10	19	15	6	0	0	20	36	6	0	11	0	7	17	10	28	21	0	0	0	10	9	0	8	3	0	10	0	0	11	7	14	13	0	0	0	11	0	8	0	0	15	0	0	0	0	11	10	9	9	10	0	14	13	0	0	0	0	0	0	0	0	0	0	15	21	8	0	0	0	0	16	8	13	0	0	8	0	10	0	0	0	0	8	15	16	0	0	6	8	0	0	11	0	0	0	0	0	0	0	0	0	14	0	0	0	0	0	0	0	0	0	0	0	7	0	11	2	14	0	0	0	0	0	0	0	0	0	0	0	4	3	14	157	284	192	20	4	41	0	0	0	18	0	0	0	0	0
6	0	0	0	0	0	0	0	0	0	0	0	0	0	10	0	0	0	0	0	0	0	0	0	0	0	8	0	0	0	0	5	0	0	9	0	0	0	0	0	0	33	9	22	8	0	5	0	0	3	6	0	17	8	0	0	2	0	5	0	0	0	9	9	0	0	24	10	0	0	0	0	8	0	0	6	10	0	0	0	0	0	0	0	0	0	0	10	9	0	0	29	0	0	0	10	9	0	4	21	0	0	0	0	0	17	8	10	16	37	16	8	10	14	58	44	9	27	31	7	43	4	33	1	7	34	28	37	23	35	17	26	4	58	26	0	49	36	79	17	10	33	39	21	64	15	46	55	67	32	30	60	95	53	63	64	23	64	88	64	71	47	50	34	50	68	42	81	58	83	99	79	91	107	49	56	86	88	84	59	49	99	64	50	107	42	104	160	76	87	81	96	69	122	65	111	81	139	95	116	156	147	116	117	121	82	71	82	129	86	126	100	104	112	67	129	179	129	139	72	146	133	231	187	113	213	145	67	157	104	110	140	128	144	106	101	129	134	127	203	75	145	124	100	74	141	189	104	118	130	106	108	95	200	280	1,206	341	144	127	151	170	115	142	97	110	133	104	90	118	195	95	174	108	153	119	138	145	118	128	110	89	88	113	136	115	156	120	169	84	73	54	98	79	79	60	81	114	127	94	83	111	88	155	48	88	54	61	120	137	71	59	96	56	53	50	58	45	121	30	57	79	65	67	104	83	80	52	66	71	47	43	66	39	30	21	49	17	46	71	64	52	36	23	31	25	18	8	15	50	10	5	90	38	27	10	28	28	18	23	42	9	26	20	28	0	0	21	18	6	0	11	0	8	18	29	8	0	0	0	5	16	16	0	8	9	0	10	0	0	0	0	0	0	0	0	0	6	7	7	0	12	11	9	0	0	0	6	0	0	0	0	7	0	14	9	11	0	0	0	0	0	0	0	3	0	0	14	0	0	0	0	0	0	0	0	0	0	0	0	11	0	0	0	0	0	0	0	0	10	5	0	0	10	0	0	0	0	0	0	21	0	0	0	0	0	0	8	0	0	0	0	6	0	0	0	0	6	0	0	11	0	11	0	0	0	0	0	0	17	0	0	0	0	1	3	4	31	322	964	262	45	4	3	0	0	19	0	0	0	0	0	0
0	0	0	0	6	0	0	0	0	0	5	0	0	0	14	0	0	0	6	10	0	0	0	0	0	0	0	0	0	0	0	0	0	0	0	11	0	0	0	0	0	0	0	0	0	0	10	0	0	0	9	16	0	0	0	1	0	0	0	0	0	7	0	0	0	0	11	13	0	0	0	17	0	0	0	0	0	3	24	0	9	8	0	0	0	0	10	0	0	24	16	8	17	26	17	12	28	17	18	9	20	0	20	21	0	15	18	0	35	7	0	17	19	27	37	36	11	14	8	8	22	16	55	33	16	23	14	9	33	5	9	25	18	71	61	47	68	65	53	25	51	69	42	29	40	31	36	52	50	38	41	58	40	53	71	26	59	107	74	40	106	15	59	104	57	78	48	52	37	83	99	67	47	73	67	75	107	34	124	53	79	96	72	151	158	92	94	55	93	109	93	71	122	70	76	116	103	82	107	83	125	87	142	150	110	67	133	89	98	106	93	155	103	124	181	171	91	91	150	83	106	143	131	199	127	164	121	157	176	91	196	67	108	127	111	134	123	122	123	157	38	156	116	162	91	134	148	102	84	84	108	134	73	171	152	434	315	124	159	121	124	134	85	98	116	105	123	112	113	113	139	126	82	115	147	131	95	138	109	102	118	123	86	149	97	139	74	134	126	76	117	148	150	48	94	46	67	61	58	88	105	98	90	71	87	70	78	95	103	46	90	19	64	77	119	51	93	53	71	76	51	34	47	63	82	68	46	87	87	37	46	7	49	85	85	69	32	56	69	29	62	64	45	67	37	47	36	18	35	61	101	9	46	21	17	30	38	0	44	12	12	13	0	12	23	15	10	44	18	18	9	0	0	18	11	0	10	10	23	0	0	0	0	6	27	0	0	12	15	5	6	11	0	0	0	0	11	0	0	19	0	11	0	9	0	9	0	0	0	10	0	0	9	0	0	9	19	0	0	0	0	0	0	13	0	0	0	11	0	0	0	12	0	0	0	6	0	0	0	10	0	11	25	0	7	0	0	0	0	7	10	0	0	0	0	0	0	0	8	0	0	0	0	0	0	0	0	8	0	0	9	0	0	0	0	0	0	0	0	0	0	0	0	0	0	0	0	0	0	18	0	0	7	2	2	4	13	139	255	114	11	4	3	18	0	0	0	0	10	0	0	11
0	0	0	0	0	7	0	0	0	0	0	0	27	0	0	0	0	0	15	30	9	0	0	0	0	0	9	0	0	0	0	0	0	0	8	8	0	0	0	0	0	0	0	0	0	0	0	0	0	8	24	0	0	0	15	14	0	0	0	0	0	0	0	0	0	0	18	12	0	0	0	6	17	11	5	8	10	3	17	0	9	0	10	0	6	0	0	0	4	0	0	14	7	5	0	20	8	0	0	7	2	0	25	9	12	9	0	6	25	30	37	6	40	14	12	13	20	35	5	13	35	46	31	25	16	8	6	32	44	19	40	19	42	48	30	29	35	42	30	10	56	60	28	63	98	19	101	29	58	72	45	15	22	96	67	109	21	72	55	83	40	76	77	69	69	55	81	118	111	44	86	71	81	81	85	136	83	109	65	71	89	149	91	109	93	76	71	68	164	62	96	90	93	120	99	108	140	88	128	91	77	97	133	81	125	93	95	130	104	114	119	150	131	88	161	105	118	131	81	116	133	107	123	137	89	99	112	137	95	173	138	155	65	80	66	146	54	228	182	94	99	70	88	121	168	110	108	105	152	136	131	143	130	117	145	297	275	213	123	151	90	133	149	95	118	89	47	123	168	180	114	113	122	111	127	129	114	147	116	97	141	77	178	134	115	103	126	112	125	94	101	85	86	116	92	181	105	117	57	48	48	62	100	84	86	141	140	59	49	95	39	81	21	161	85	71	62	59	71	72	68	58	36	66	66	54	105	72	88	62	57	34	51	24	57	56	3	30	32	59	16	31	18	40	43	40	35	58	46	36	20	17	21	0	9	20	31	30	27	13	11	9	22	9	8	11	50	3	0	9	9	9	7	0	15	8	0	0	10	11	14	0	26	0	0	8	0	6	0	8	11	20	0	0	18	0	21	8	0	0	0	0	0	26	11	10	0	11	0	10	0	12	0	9	19	0	14	0	13	0	0	0	0	5	19	10	0	0	11	0	17	0	7	0	8	0	0	10	0	10	0	0	0	0	11	0	0	0	0	0	0	13	2	4	12	24	0	12	0	0	0	0	0	0	0	0	0	0	0	0	17	0	0	0	21	12	15	0	0	0	0	17	0	0	17	0	0	0	0	0	0	12	0	0	12	4	5	12	18	10	4	4	2	0	0	13	0	24	10	0	0	0
0	0	0	0	0	0	0	0	0	0	0	0	0	0	0	0	0	0	0	21	7	0	0	4	0	0	0	0	0	0	9	0	5	15	12	0	0	0	9	0	9	8	0	15	0	9	0	0	0	25	0	0	13	0	6	16	8	9	9	0	8	0	15	0	0	9	11	9	0	0	0	8	0	10	0	0	0	19	0	0	0	0	6	0	0	17	15	14	8	9	0	25	7	0	16	12	27	7	10	0	22	21	11	47	9	5	17	10	15	20	9	20	11	4	16	0	14	21	18	18	45	25	26	14	19	34	18	56	12	41	25	52	19	32	32	25	30	54	25	21	18	53	51	30	63	53	35	54	32	59	58	58	38	89	33	39	49	52	63	66	73	99	89	33	33	80	86	133	79	19	87	68	104	51	56	39	72	76	101	58	92	44	43	91	90	148	104	101	64	78	106	119	95	101	101	64	85	117	100	77	155	141	110	70	103	72	175	40	95	128	97	105	88	186	173	200	210	126	106	92	92	149	99	134	85	140	123	140	124	80	186	120	119	125	165	142	122	145	143	149	85	160	117	87	118	179	124	136	178	132	156	141	110	139	129	365	278	227	66	132	128	167	146	161	219	147	163	126	123	103	159	163	81	139	89	101	157	67	108	82	101	107	70	99	150	120	84	79	83	74	58	124	91	62	61	152	108	115	64	99	54	66	45	73	78	24	53	66	102	110	137	70	131	113	74	171	117	141	71	48	63	38	84	63	56	5	24	84	8	60	47	33	70	14	40	62	68	19	59	48	30	39	33	34	31	56	0	9	52	16	33	9	33	33	19	52	8	17	35	79	0	11	9	16	29	0	39	9	18	8	19	18	18	20	19	27	9	11	28	11	13	0	0	7	18	0	19	0	7	11	0	11	0	12	0	0	8	11	0	0	0	0	0	0	0	0	0	0	0	9	0	0	0	0	0	0	0	0	0	0	0	0	0	0	0	0	0	0	0	9	9	11	0	18	6	0	0	0	0	0	8	15	0	29	14	5	9	11	0	0	0	0	0	0	0	0	0	12	0	0	0	0	0	0	0	0	10	7	0	0	0	0	0	11	0	10	0	0	10	0	0	9	13	0	8	0	0	0	0	0	0	0	0	0	1	3	4	4	12	21	4	3	1	0	0	0	33	21	0	0	0	0
0	0	0	0	0	13	0	0	0	7	19	0	17	11	0	0	0	18	18	0	0	0	15	5	0	0	0	0	0	0	8	0	0	0	12	0	7	0	6	13	7	0	0	0	7	0	0	0	0	8	0	5	7	0	5	0	0	0	0	0	0	5	0	18	23	12	0	8	8	0	0	0	8	6	12	0	0	0	0	0	0	0	0	0	17	10	0	0	0	13	7	9	0	0	0	7	10	0	0	24	0	0	34	10	17	17	0	8	16	39	0	0	0	21	8	43	27	14	21	44	42	19	48	26	37	44	8	51	13	50	8	27	9	26	22	0	37	17	25	59	10	46	15	42	21	24	51	65	77	51	66	31	15	71	32	99	19	46	80	29	65	68	77	67	78	70	78	89	107	67	42	85	96	103	110	64	72	99	54	64	102	134	80	54	80	86	113	31	79	92	98	85	97	131	86	192	99	142	124	113	126	61	88	86	121	58	72	144	134	68	122	111	53	101	112	111	91	108	177	136	76	78	85	154	56	128	80	103	90	102	104	120	124	141	209	70	134	146	158	99	145	51	162	140	92	114	111	92	217	96	119	158	88	137	77	193	310	141	75	57	111	89	97	106	122	112	99	131	93	210	129	114	129	67	85	131	114	90	45	127	93	43	109	106	61	92	139	81	48	66	88	85	52	88	88	21	69	93	79	42	68	80	121	81	68	93	45	82	21	47	63	65	79	89	29	112	142	42	72	85	22	54	50	27	87	45	42	68	33	52	57	59	22	6	33	81	18	27	41	9	33	68	50	16	8	10	36	16	36	23	38	21	65	29	33	20	32	16	34	0	8	21	9	0	31	10	9	39	23	11	0	16	16	7	13	22	0	0	0	0	0	22	4	0	0	0	8	0	14	10	7	0	19	22	9	5	0	0	0	0	0	3	9	28	0	7	0	9	0	10	0	0	0	8	10	0	0	0	0	5	0	0	0	0	10	0	0	0	0	7	0	0	0	0	0	0	0	0	7	0	1	5	13	6	12	0	9	14	0	0	10	0	0	36	0	0	0	11	0	2	8	0	0	0	0	0	10	13	0	0	10	0	0	0	0	0	0	0	13	0	0	0	12	15	24	15	8	0	0	0	0	0	0	0	0	14	8	4	3	3	2	0	0	13	0	0	12	0	0	0	0	0
0	0	0	0	0	0	0	0	0	0	0	0	0	0	0	0	0	0	0	0	11	10	0	0	0	0	0	0	0	0	0	0	8	7	0	0	7	0	0	0	0	0	6	0	0	0	0	0	0	0	0	6	0	0	8	9	16	0	6	10	0	0	0	0	8	0	0	0	13	0	0	0	16	0	11	7	0	0	8	0	0	0	0	0	0	3	22	0	15	8	12	6	7	0	0	0	0	0	0	19	20	16	20	0	9	7	0	8	33	6	0	20	5	32	26	0	26	33	45	12	19	37	7	19	33	17	10	8	29	7	41	37	10	26	104	43	46	18	37	36	40	60	95	74	40	77	44	64	34	47	52	57	44	67	27	22	30	49	49	95	45	31	63	99	126	28	78	72	68	48	110	62	47	34	89	53	58	74	110	89	26	99	107	92	77	76	44	61	126	100	93	109	108	125	62	68	118	63	64	62	90	97	78	94	139	113	143	153	93	161	79	53	96	78	90	78	115	144	99	93	160	122	106	124	97	192	106	88	110	93	89	135	70	85	123	151	133	68	115	131	88	80	112	168	140	160	175	36	98	145	68	84	168	133	98	277	206	128	116	131	83	100	175	74	69	143	170	80	180	132	131	95	78	174	59	99	94	128	89	192	122	79	135	122	69	94	68	17	74	110	55	95	73	76	99	91	80	79	116	35	77	67	88	72	100	50	80	44	73	52	64	37	80	103	116	103	34	50	91	50	57	22	62	72	63	75	68	37	41	83	82	38	50	38	48	32	2	45	32	37	48	48	41	21	11	52	0	37	28	5	12	10	53	39	40	0	67	35	18	13	19	8	5	45	19	8	12	19	14	19	0	7	8	13	0	16	11	16	9	28	10	14	9	10	12	9	7	11	15	0	10	16	0	8	0	0	5	10	0	0	11	0	0	0	0	0	8	12	12	0	3	0	8	12	9	0	0	0	0	17	0	0	0	0	12	7	0	0	0	0	0	0	0	0	0	0	0	9	8	0	4	9	0	11	16	0	10	6	0	0	0	0	0	0	0	0	0	0	0	12	23	0	0	0	0	0	0	0	0	0	0	0	0	0	0	0	9	0	0	0	0	0	0	10	0	13	10	18	9	0	0	0	0	0	0	0	12	10	14	0	0	24	0	24	16	29	29	17	19	0	13	0
0	0	16	0	0	0	0	12	8	0	0	0	0	0	0	0	12	0	7	0	1	0	0	0	0	0	0	0	0	0	0	9	7	25	0	9	0	0	0	0	0	9	3	0	9	10	0	0	25	11	0	6	0	0	0	7	0	9	9	8	0	20	2	0	10	0	0	0	0	0	0	0	0	16	0	0	10	6	0	0	0	0	0	10	0	9	30	0	7	0	0	8	10	14	10	23	0	10	0	15	14	3	28	9	18	19	20	7	9	15	23	8	18	0	9	26	0	32	15	7	5	25	9	12	0	17	17	0	22	37	45	20	18	10	7	14	22	24	30	35	26	20	61	22	80	40	55	63	63	27	62	58	53	51	66	37	34	64	8	63	33	73	54	44	101	34	44	80	65	32	107	125	68	107	84	46	64	62	91	92	31	67	93	104	87	47	70	69	87	95	112	74	98	77	71	150	89	85	83	63	69	103	134	80	99	79	115	113	94	88	103	83	154	102	86	89	101	86	109	154	115	121	136	129	69	131	82	121	92	122	166	97	141	80	82	125	124	80	73	189	91	113	129	114	108	79	64	92	143	96	81	74	86	91	52	217	267	192	94	90	156	114	99	114	128	83	137	76	88	113	96	75	108	93	67	120	133	87	60	120	140	83	119	69	95	76	116	81	107	69	76	130	107	83	66	80	77	45	98	64	58	83	82	108	66	48	90	67	84	117	98	75	45	94	41	70	71	70	27	49	48	60	58	49	29	78	34	83	50	32	49	42	104	65	52	54	64	27	42	34	74	7	10	44	54	21	72	76	31	10	23	15	38	19	28	37	29	49	28	27	41	17	27	66	32	9	15	21	18	24	9	0	0	8	20	27	12	9	5	9	0	10	26	11	0	0	0	0	0	8	7	11	0	11	47	24	8	7	0	10	0	0	22	0	0	0	0	0	0	7	0	9	18	18	0	10	14	19	0	0	0	2	10	8	11	0	17	0	0	0	0	0	1	10	0	0	8	0	0	10	0	0	27	33	0	15	26	0	11	0	31	17	0	0	0	0	0	0	0	0	0	0	0	0	0	10	0	0	0	8	9	0	0	0	0	0	0	0	0	0	0	0	0	0	0	0	0	0	0	0	0	0	0	0	0	0	0	0	12	0	0	0	0	0	0	0	0	0	27	16	21	0
8	0	9	0	0	0	0	9	0	9	0	0	0	0	0	0	4	1	9	0	0	0	0	0	0	10	24	0	8	12	0	0	0	12	0	10	5	5	0	0	16	0	0	30	0	15	0	9	29	0	10	0	0	0	0	0	0	0	10	0	4	0	34	13	0	0	0	0	0	0	6	5	0	9	8	9	0	7	7	0	0	10	9	0	0	6	10	0	0	8	0	18	0	12	0	22	14	13	18	0	10	18	15	0	0	44	7	9	7	9	31	18	25	4	25	0	13	7	32	8	59	18	23	47	10	26	0	26	18	28	55	48	33	41	43	27	11	30	37	33	28	25	28	40	30	53	0	23	75	70	34	54	55	64	47	21	85	49	89	85	51	57	61	48	76	50	98	39	84	67	125	32	63	54	79	38	69	63	65	60	86	136	102	125	72	31	115	116	51	43	100	58	100	55	87	83	77	71	84	57	64	95	103	73	92	71	90	121	65	72	100	85	103	63	86	48	81	37	156	128	82	77	148	138	123	166	134	100	192	107	146	93	118	163	112	115	67	127	55	79	67	148	91	114	124	98	62	80	87	138	87	86	140	101	58	255	373	87	93	90	96	65	86	69	133	63	106	127	61	149	98	27	66	121	74	37	81	57	102	61	69	64	101	98	157	89	104	67	91	14	86	150	116	52	115	88	157	115	104	81	87	74	125	49	77	88	43	47	81	78	67	71	100	81	17	40	32	75	65	34	74	31	84	9	34	29	58	46	64	22	41	88	26	32	77	55	21	13	58	68	87	23	82	44	36	38	38	35	30	0	46	19	31	18	13	34	27	45	10	23	18	0	21	0	11	11	5	0	24	0	0	0	11	10	11	10	9	9	11	10	9	17	9	0	22	0	0	16	11	0	9	28	0	9	15	4	18	17	0	9	0	9	10	0	0	0	0	8	9	11	25	0	0	10	15	0	0	15	16	0	0	7	0	0	0	11	0	0	0	0	10	5	9	0	0	18	0	0	0	0	0	0	12	9	9	0	22	0	0	0	0	0	0	17	0	0	0	0	0	0	0	0	0	0	11	8	0	0	0	0	0	0	0	10	0	0	0	0	0	17	0	0	0	0	0	0	0	11	0	0	0	0	0	0	0	0	0	0	0	0	0	0	0	0	0	0	0	0	0	0	9	5
0	10	0	0	0	0	0	0	0	0	0	0	0	8	16	0	0	0	0	0	7	12	11	0	10	22	0	0	0	0	0	9	0	14	7	4	15	0	8	0	0	8	0	8	13	9	0	18	0	0	9	0	0	0	8	14	0	0	0	7	6	3	57	73	22	0	0	0	7	0	0	9	0	8	13	7	0	5	0	0	6	0	0	0	11	0	7	0	0	10	8	0	8	16	0	0	20	15	26	18	0	8	10	18	0	25	32	25	28	49	21	9	7	18	26	21	28	27	0	18	45	33	53	12	47	25	35	47	40	0	25	8	18	24	54	22	42	23	60	19	24	43	34	43	43	48	36	48	52	9	10	27	49	39	24	124	25	49	57	48	10	73	61	69	31	59	59	61	63	18	40	43	34	20	61	73	87	92	55	82	65	77	99	98	68	88	71	28	70	102	82	84	96	50	51	126	82	128	54	113	96	80	78	56	113	98	60	81	41	108	76	127	145	121	89	108	117	148	74	74	104	163	143	64	122	71	62	102	184	158	48	106	98	88	91	104	55	111	138	101	96	116	64	155	107	117	55	127	102	159	91	88	125	88	136	161	248	165	54	145	67	114	95	45	91	91	71	106	100	158	134	63	107	81	134	122	86	47	200	59	159	140	74	146	81	78	123	130	113	93	75	83	63	91	51	94	34	67	37	74	69	37	27	97	44	79	68	77	90	90	74	61	51	96	49	60	22	56	43	73	35	41	63	38	94	52	51	62	39	16	0	81	35	3	32	49	28	40	0	17	30	30	68	55	39	15	55	59	27	13	32	7	35	31	30	19	27	12	42	9	33	15	28	0	7	23	9	11	12	25	8	4	0	11	15	0	20	7	0	29	34	6	10	10	0	0	17	9	16	0	5	0	0	0	0	0	0	0	16	12	7	0	0	0	0	0	0	6	11	0	27	19	0	15	17	9	0	0	0	0	0	0	0	0	0	10	19	0	0	0	0	5	11	8	0	18	9	18	0	0	0	9	15	0	17	0	15	29	25	17	17	10	0	0	0	0	0	0	0	0	0	0	0	0	8	0	0	0	0	0	0	0	0	0	0	10	0	0	0	0	0	0	0	0	0	0	0	0	0	7	14	6	0	0	0	0	0	0	0	0	0	0	5	0	0	0	9	16	0	0	0	0
0	0	0	0	0	0	0	0	0	23	0	0	5	0	0	0	0	16	0	9	0	0	11	0	0	12	0	0	0	0	0	0	0	0	0	7	12	15	20	9	0	0	0	0	0	0	0	8	0	0	0	0	0	9	0	0	6	0	0	0	0	8	19	20	7	0	0	0	0	9	0	13	25	0	3	0	8	9	9	0	9	0	9	0	13	9	0	0	0	9	13	14	7	14	5	9	8	8	6	8	18	7	0	9	0	0	8	8	66	28	6	18	63	9	19	5	30	38	0	22	29	45	12	30	22	0	13	17	54	9	28	22	46	29	26	32	47	37	83	42	31	35	44	48	43	17	10	49	38	43	56	28	47	46	43	42	55	58	35	68	50	83	42	57	54	28	46	43	32	72	37	31	95	48	40	48	39	47	77	97	34	53	64	74	35	84	42	36	83	71	43	70	61	80	66	83	66	77	79	76	82	120	149	40	70	95	127	83	80	74	76	104	79	106	32	72	140	102	72	118	112	100	105	80	135	61	91	96	104	88	158	55	87	65	46	60	53	161	99	80	88	113	58	35	80	116	128	92	55	69	81	87	38	64	114	223	238	89	49	37	85	125	129	122	41	108	91	95	123	46	49	62	32	44	87	122	116	66	81	94	59	47	128	118	45	86	95	94	80	88	34	66	71	70	55	100	47	70	66	74	77	88	46	66	46	54	32	83	82	55	38	61	97	63	52	31	79	58	37	74	84	67	62	65	34	119	46	40	34	43	58	62	54	46	42	21	33	43	68	64	37	9	8	14	37	44	29	35	10	58	19	18	34	36	22	28	10	33	0	16	29	29	24	7	17	21	38	24	23	18	34	5	19	8	19	34	34	14	44	9	8	30	10	16	7	14	0	8	6	21	0	0	0	5	3	23	0	0	0	11	0	0	0	7	9	21	0	0	0	0	11	0	10	0	0	9	23	0	0	0	0	0	0	0	0	0	0	0	10	0	0	10	0	0	10	0	14	0	0	26	40	27	0	0	9	0	10	6	48	11	0	0	0	0	10	0	0	0	0	0	0	11	0	0	7	0	5	0	0	10	0	0	0	0	0	0	0	0	0	0	0	8	0	0	16	10	0	0	0	0	0	0	0	0	0	14	6	0	0	0	0	0	0	0	0	0	0	0	0	0	0	10
0	0	0	0	0	0	0	0	0	0	0	0	0	0	0	15	10	0	15	7	0	0	0	0	0	7	0	0	0	0	0	0	8	15	16	11	19	18	11	5	4	0	10	0	0	0	0	14	10	32	0	0	0	8	0	0	8	10	14	0	0	0	23	2	14	0	0	0	0	0	0	0	0	9	7	13	10	0	0	0	0	22	0	9	0	14	7	0	0	9	6	17	0	0	9	8	24	9	10	0	7	5	7	10	0	18	9	23	36	15	0	17	10	8	10	10	15	17	8	7	33	30	15	16	21	6	0	29	40	14	16	17	18	24	7	18	39	20	33	17	28	59	25	40	26	22	32	29	43	46	54	56	16	25	37	42	77	84	37	58	36	30	25	56	30	17	65	74	64	29	69	47	51	64	85	78	77	52	13	27	78	32	58	22	92	62	96	72	63	37	83	35	41	65	47	74	87	67	27	48	83	73	43	59	71	27	53	89	83	42	83	117	91	126	117	123	87	85	86	89	110	41	79	133	65	162	91	93	107	98	118	78	60	97	62	115	90	127	66	94	58	58	95	132	70	96	128	84	93	104	65	99	172	51	78	218	177	88	133	64	130	101	92	65	60	95	85	67	68	133	51	128	62	92	71	132	83	79	47	106	75	110	53	87	107	116	142	113	37	122	96	23	93	65	54	85	52	19	41	66	62	89	34	52	30	137	95	84	84	38	24	64	58	88	76	42	53	72	69	74	9	69	67	15	54	17	48	45	55	48	17	34	19	31	28	15	48	37	55	17	33	41	19	27	50	8	60	32	41	50	0	12	31	11	15	34	9	9	10	41	20	17	34	30	6	0	4	9	27	24	10	21	27	46	35	17	8	12	25	9	0	5	0	0	8	0	0	10	17	0	8	19	10	8	11	0	0	9	0	10	0	0	19	0	16	10	8	7	11	0	0	0	16	0	0	0	11	0	0	0	0	4	5	19	0	0	9	0	0	11	0	15	10	0	0	0	16	0	0	0	15	8	0	0	0	7	0	0	0	0	0	12	0	27	0	0	0	0	0	0	6	0	9	0	0	11	4	0	0	16	12	12	0	0	0	0	0	0	12	0	0	0	13	0	0	0	0	0	0	0	0	0	0	0	9	13	0	0	0	0	0	16	0	0	0	8	23	0	0	0	0	0
0	0	19	7	2	0	0	11	0	0	8	0	0	0	0	9	8	0	0	0	0	0	14	0	0	11	0	0	0	13	8	12	10	0	10	3	13	0	0	8	16	0	0	0	0	8	0	25	0	0	0	0	16	0	0	0	0	0	0	0	0	0	16	3	0	0	0	0	0	0	0	0	0	17	0	0	12	12	0	1	0	0	10	7	0	5	4	15	0	0	0	0	12	0	0	0	0	17	0	13	9	19	0	17	12	27	13	0	9	18	24	0	0	9	15	7	29	6	24	8	2	48	43	13	20	16	43	22	7	42	10	14	7	25	19	35	36	42	40	17	10	14	0	0	8	39	38	18	18	58	21	28	53	50	58	35	19	29	55	63	74	51	21	27	56	42	49	50	53	24	48	75	39	25	85	47	49	43	83	58	37	39	74	81	78	122	87	64	51	84	40	27	92	81	93	143	90	92	81	42	92	69	121	97	67	53	104	107	86	50	56	53	108	34	94	85	56	45	77	48	99	59	106	115	77	55	127	103	45	141	109	96	59	78	61	120	74	75	45	67	38	46	63	62	126	168	60	100	99	133	102	148	47	62	67	166	215	95	71	113	106	55	190	69	78	47	73	63	85	74	105	69	68	104	65	111	62	108	74	79	72	71	94	96	67	64	63	63	69	65	82	116	79	86	74	93	82	120	39	77	34	57	31	57	53	52	52	60	76	26	66	43	59	33	52	41	44	77	41	45	29	31	12	68	39	0	33	61	44	30	69	45	36	40	21	36	32	23	17	15	36	21	15	15	70	23	26	19	0	28	17	43	32	78	20	26	9	46	19	14	17	15	34	38	0	14	9	0	20	18	10	8	7	15	10	27	0	23	6	16	10	34	1	18	62	7	11	9	8	13	14	24	18	0	0	11	0	11	0	0	17	0	0	11	17	0	0	0	0	0	0	6	11	34	12	19	0	20	0	0	10	20	12	0	0	15	0	0	10	0	0	0	0	0	0	6	0	8	12	0	14	0	0	0	0	0	0	0	0	0	34	8	0	0	0	13	0	0	0	8	13	0	0	0	16	0	0	0	0	10	0	0	0	11	0	0	0	0	12	4	0	0	0	0	0	0	23	11	0	0	0	0	0	0	7	0	16	16	0	0	12	0	0	0	0	0	0	0	0	0	0	0
0	0	10	0	0	0	0	0	0	0	0	0	0	0	0	0	0	0	5	0	16	0	0	0	0	0	0	8	0	15	14	0	0	6	11	0	0	0	0	0	0	9	0	5	0	20	0	0	0	21	0	0	0	0	0	0	10	0	0	6	14	0	0	0	10	0	9	0	7	0	0	0	0	0	10	0	0	0	0	10	0	0	9	10	13	0	4	0	0	0	8	0	0	0	27	29	7	17	0	9	0	10	9	0	9	9	25	0	10	17	24	36	12	45	11	17	0	30	8	0	16	4	19	17	0	12	17	34	6	29	20	23	16	25	27	31	37	20	20	23	17	37	33	32	18	27	30	28	26	7	23	20	51	53	56	47	50	54	33	30	87	43	36	55	37	55	44	35	79	51	29	36	43	70	37	68	53	34	44	25	38	40	67	63	72	73	47	86	61	85	57	53	64	43	20	89	44	85	54	22	52	94	103	83	31	60	93	92	38	69	78	73	85	70	96	101	77	94	74	137	108	51	77	91	84	110	91	53	109	51	53	118	52	60	97	46	35	94	68	170	47	64	84	117	86	131	61	66	59	48	92	67	85	70	114	170	279	61	60	15	47	103	93	48	127	73	55	100	87	70	46	53	120	94	65	149	40	69	103	96	77	41	105	0	79	87	67	121	59	76	56	65	93	61	71	68	41	66	59	36	54	28	63	48	49	51	32	62	29	31	20	40	70	36	94	60	54	86	58	42	71	49	25	6	0	27	51	42	0	58	105	23	19	85	58	21	19	34	31	67	30	42	39	29	28	21	41	27	66	11	0	38	11	21	7	54	0	16	0	28	8	43	27	0	32	49	11	27	14	0	19	12	13	20	0	11	7	32	19	25	0	10	63	0	17	10	1	0	8	0	19	0	11	0	0	18	0	0	0	16	0	0	0	0	0	0	0	0	0	0	11	10	11	0	12	0	11	0	0	0	8	0	0	11	20	0	11	0	0	0	0	0	0	16	0	7	0	16	12	0	28	16	12	0	0	0	0	0	0	51	20	0	0	0	0	0	10	15	0	0	0	0	19	15	0	0	0	0	0	0	0	0	0	0	0	0	0	0	9	0	0	0	0	0	0	0	14	0	0	0	0	0	0	0	0	0	0	0	0	0	4	0	0	0	0	0	0	0	0	0	0	0
0	0	7	0	0	7	0	0	0	0	9	0	0	0	0	0	0	12	0	0	0	0	15	0	0	0	10	9	13	0	0	0	0	9	13	0	0	0	11	0	9	0	0	0	0	0	0	0	6	11	8	0	0	0	0	7	0	0	7	0	9	0	0	0	0	0	9	8	0	10	0	6	9	0	33	0	14	5	0	0	0	14	9	0	8	0	0	0	12	5	0	22	2	0	0	7	9	9	25	33	0	15	9	12	29	9	6	8	0	8	15	0	27	8	8	19	8	9	14	12	36	7	45	12	36	4	0	41	28	9	52	9	39	33	16	37	9	17	28	44	16	45	7	27	0	51	37	16	31	0	36	20	13	28	63	59	38	16	10	36	65	37	45	18	25	70	59	51	28	36	43	6	26	76	32	45	37	41	24	58	37	55	17	59	25	114	92	60	67	61	90	33	52	66	39	38	25	24	24	96	44	54	77	102	47	33	91	73	84	53	58	52	41	56	79	102	75	49	64	122	74	84	132	88	90	81	122	82	68	68	93	65	55	46	55	95	51	68	83	58	51	133	49	44	86	110	114	112	62	43	80	91	113	10	66	180	201	109	104	63	142	99	93	132	90	74	108	96	140	90	54	49	45	91	77	61	70	62	22	53	74	64	72	55	60	67	60	64	87	79	47	79	48	47	42	53	40	48	76	47	8	42	31	60	51	38	12	85	93	66	110	53	46	34	52	33	58	48	27	48	47	56	30	97	28	33	34	19	29	39	29	31	52	34	21	38	13	8	59	42	10	25	24	5	22	26	30	4	28	36	61	25	36	19	16	26	28	21	29	18	11	34	11	9	5	10	0	31	11	0	0	43	0	0	11	0	10	0	19	0	28	0	17	0	0	0	0	0	14	16	8	11	0	0	9	0	0	0	8	32	15	0	0	16	11	10	7	10	0	11	25	7	0	11	0	0	9	0	0	0	0	0	14	0	0	0	5	0	11	0	11	21	0	8	0	9	0	0	0	0	13	0	9	0	0	0	0	16	0	16	9	0	0	0	0	0	0	0	0	0	29	17	17	8	8	0	0	0	0	0	0	0	0	0	0	0	0	0	0	0	0	16	0	0	0	21	0	0	11	23	19	0	8	0	16	0	9	0	0	16	27	0	0	0	0	0	0	0	0	0	0	11
0	0	0	0	0	9	0	0	0	0	9	7	0	0	0	0	11	0	0	0	0	0	8	7	0	0	13	11	0	0	6	0	0	7	10	24	13	45	13	21	21	5	5	0	0	14	0	0	0	17	0	1	0	0	0	4	0	8	0	0	0	0	0	3	10	0	17	11	23	9	9	0	0	0	16	0	8	0	0	0	0	7	0	11	6	8	0	0	0	7	0	5	8	0	9	0	0	0	8	0	0	18	5	0	14	0	9	0	23	17	57	0	18	22	19	13	24	35	0	6	8	18	14	28	18	18	35	18	15	10	34	10	26	14	31	19	25	3	37	8	17	10	36	20	33	42	40	21	20	21	9	18	46	16	15	20	25	17	75	67	31	91	11	46	24	42	76	31	26	87	59	28	45	48	65	40	18	59	73	23	39	68	69	34	16	69	92	46	54	34	62	29	61	75	46	59	92	43	68	44	42	68	31	54	51	88	26	71	62	52	90	117	70	44	46	37	57	69	69	39	80	49	90	58	175	117	77	48	63	61	64	43	95	77	55	59	33	35	31	48	90	47	61	25	84	39	92	77	47	31	88	51	77	68	82	118	154	79	53	75	65	68	103	126	61	42	118	59	96	118	54	51	56	21	86	82	37	68	52	30	44	26	108	85	100	86	68	55	47	72	39	74	37	50	78	20	52	71	31	73	66	64	64	89	41	45	112	44	45	60	76	45	60	78	25	10	38	51	60	34	20	39	35	15	33	41	8	75	29	1	75	9	12	0	0	28	33	35	40	16	32	27	57	15	23	0	15	15	0	31	7	17	0	27	10	13	16	5	16	9	8	22	9	21	20	21	0	7	5	0	8	22	0	9	7	16	18	0	6	16	11	0	5	25	9	0	12	11	0	0	0	0	0	0	8	0	9	0	19	0	15	14	8	8	0	11	9	9	0	24	9	9	0	13	13	0	0	0	24	0	7	0	19	0	0	26	0	0	23	0	0	0	0	5	17	0	0	0	0	0	32	0	0	0	10	13	0	0	0	0	7	0	12	9	0	0	0	12	16	17	11	0	0	15	17	0	0	0	0	9	0	0	0	0	9	0	0	0	0	9	0	0	0	0	0	0	0	0	0	18	22	0	0	0	10	0	0	0	24	19	17	27	16	17	24	0	0	0	10	6	21	17
0	0	5	19	0	0	0	0	0	0	8	10	11	0	0	7	0	0	0	0	0	7	11	19	0	15	8	0	0	0	0	0	16	0	0	0	9	33	0	18	18	11	12	12	13	24	13	11	2	0	0	0	0	10	0	8	0	0	0	0	0	0	0	0	7	16	0	0	0	11	30	10	14	21	0	13	0	9	13	7	9	9	25	8	0	23	10	8	0	0	18	23	2	11	0	4	8	0	10	5	10	9	9	0	0	7	29	17	16	13	16	8	16	3	27	8	17	24	15	34	9	0	10	36	8	31	10	0	35	15	30	22	53	34	22	18	7	21	29	23	19	40	24	31	0	46	11	40	43	3	0	32	28	40	23	39	6	46	35	50	19	27	16	32	34	55	44	49	9	36	51	33	9	62	37	10	31	39	37	59	53	22	8	65	36	65	39	73	38	39	16	28	26	19	28	28	68	82	50	54	61	18	41	22	91	23	66	75	34	31	55	50	52	75	101	22	35	74	110	25	40	127	88	75	77	40	101	57	39	62	119	60	75	63	55	66	91	112	66	18	86	88	68	87	97	64	62	168	44	89	74	72	48	46	47	47	192	82	63	82	65	80	70	51	74	73	65	73	74	71	33	89	96	92	41	45	22	62	60	46	85	31	119	32	48	96	21	16	70	63	29	44	23	41	37	73	112	51	35	40	81	55	59	52	43	28	77	37	60	60	47	9	55	22	15	81	22	69	8	64	62	20	27	12	15	61	67	20	19	53	29	49	50	37	0	9	9	17	6	36	23	11	7	39	22	18	34	0	18	31	57	32	40	17	12	21	0	26	9	6	0	27	9	12	34	0	0	26	0	5	8	38	9	26	0	10	19	0	20	10	9	11	2	21	0	0	0	0	7	10	0	9	8	0	0	0	7	0	0	0	0	16	11	0	0	0	0	10	12	9	0	0	0	25	10	0	0	0	0	0	0	10	22	18	0	0	0	0	0	0	0	0	0	0	21	0	0	0	8	15	28	8	0	0	0	14	9	0	0	0	16	20	20	18	15	26	16	32	9	0	0	28	33	46	0	0	0	0	0	0	8	0	0	0	10	0	0	0	0	0	11	0	0	0	0	0	0	0	0	18	0	0	0	10	10	0	0	0	10	27	18	0	0	0	12	18	17	30	15	15	18	0
0	0	0	0	0	0	7	0	0	10	11	0	0	0	0	8	0	7	5	15	12	0	0	7	0	0	0	0	0	0	0	14	10	0	0	9	5	14	0	0	0	0	0	0	0	0	6	10	10	14	13	27	23	14	32	9	0	10	8	0	0	5	0	0	0	0	0	0	0	11	0	0	0	11	0	9	0	0	9	0	0	8	0	0	8	9	0	8	0	0	0	11	0	10	4	0	10	9	0	16	0	7	0	8	8	3	0	0	7	10	11	9	0	0	16	20	20	15	36	33	29	22	21	19	43	8	37	0	24	16	8	8	8	27	0	15	5	32	32	28	42	21	9	14	17	29	14	16	19	9	17	29	0	8	22	33	37	20	22	31	32	7	39	41	39	17	25	38	49	0	35	44	27	86	37	62	26	30	51	32	65	20	35	37	22	42	43	40	45	54	75	47	43	63	40	39	40	66	28	69	21	50	59	80	32	57	22	67	27	49	26	80	49	74	55	67	80	58	22	58	52	73	95	73	44	37	88	67	67	31	68	39	89	41	45	59	46	56	65	56	78	110	101	65	111	29	62	55	45	34	65	75	40	41	29	148	72	58	82	94	98	107	97	74	83	43	37	66	40	31	63	45	69	53	67	70	61	85	47	42	21	37	71	72	46	57	51	121	57	28	48	51	45	29	33	55	93	45	33	73	84	40	10	90	35	26	47	37	28	0	50	41	33	12	10	54	11	16	88	9	36	34	10	8	61	71	44	20	33	27	10	16	30	0	54	22	16	37	30	17	0	22	20	21	0	33	14	18	18	12	0	18	18	21	0	24	24	30	0	26	9	9	21	8	27	22	19	11	4	16	16	11	22	6	0	19	0	0	14	0	0	11	8	0	7	5	0	2	10	0	11	0	0	9	11	11	7	15	11	10	0	0	0	0	10	18	0	0	0	0	0	1	0	0	18	1	6	0	0	0	9	0	0	0	0	0	0	0	6	0	8	0	0	0	10	9	14	0	0	0	15	0	7	14	0	0	6	16	15	16	16	0	10	0	0	0	0	11	0	0	36	23	10	0	0	0	0	0	0	0	0	0	10	0	0	0	0	0	0	0	0	0	11	11	0	0	0	0	0	0	11	0	0	0	0	9	0	0	0	0	0	0	0	0	0	0	8	0	0	0	16	0
9	0	0	0	0	0	0	0	0	0	0	0	0	0	0	0	13	8	0	10	0	0	8	0	0	0	4	0	0	0	0	0	0	0	10	10	0	0	0	0	0	0	0	0	9	5	0	0	0	9	7	0	0	0	13	9	14	12	11	28	15	27	12	9	0	0	8	0	0	0	0	9	3	9	13	0	0	0	0	6	0	0	0	0	0	0	10	0	0	0	0	0	19	0	5	0	0	0	0	0	0	8	9	9	0	8	0	0	9	10	10	0	0	0	0	17	0	31	8	4	3	8	9	18	15	37	11	0	17	24	16	17	27	27	0	0	13	22	12	24	0	18	10	8	15	24	6	40	34	17	41	38	15	9	62	41	25	8	9	43	10	15	16	26	8	20	6	15	17	28	53	9	46	19	41	42	70	9	20	43	27	41	20	35	33	16	44	71	41	32	34	47	25	29	14	7	71	20	35	45	33	32	68	0	13	52	32	45	44	10	57	75	27	38	20	52	69	41	48	24	39	76	34	24	54	21	38	25	42	72	47	18	37	50	78	36	77	64	64	81	73	62	7	52	55	27	49	54	27	32	51	38	38	12	36	158	48	90	40	69	63	29	36	48	16	33	19	77	21	50	49	45	37	17	59	55	37	21	38	38	33	36	41	25	50	62	58	31	20	20	22	28	46	57	26	38	36	9	38	9	50	18	48	25	31	18	53	64	18	7	37	30	0	26	10	18	10	62	10	28	39	0	57	0	39	39	0	14	28	20	22	0	26	36	30	27	9	43	28	0	21	17	9	16	45	30	9	36	8	18	26	20	12	7	28	31	40	19	0	17	0	24	0	9	0	0	10	14	8	15	39	12	10	15	17	1	2	0	12	7	0	5	6	0	21	0	0	14	0	9	0	7	18	0	14	8	10	0	0	5	0	0	23	0	0	0	0	10	0	0	0	0	11	10	7	0	0	0	0	12	0	0	0	0	0	12	0	0	0	0	7	0	0	0	0	15	25	4	9	0	12	12	0	28	15	12	14	20	10	0	0	0	0	0	0	0	0	0	0	17	0	0	0	0	9	0	0	0	0	0	10	0	0	0	0	0	0	0	0	0	11	0	13	7	0	11	0	11	0	0	0	0	0	0	0	0	0	18	0	0	0	0	0	0	0	0	0	0	0	0	0	0
0	0	9	4	0	0	0	0	0	0	23	0	0	0	0	0	11	0	19	0	0	0	0	0	0	0	0	7	0	0	0	0	0	0	23	0	0	5	10	0	0	0	0	0	0	22	9	0	7	0	8	0	0	0	0	0	10	0	0	0	0	0	8	13	38	16	16	13	15	13	20	0	2	6	0	0	0	0	15	14	8	0	13	7	1	0	0	0	9	0	13	12	0	9	0	0	18	26	7	0	11	0	19	0	9	7	0	0	0	0	8	9	0	0	8	0	0	3	14	25	34	19	37	10	46	19	20	19	9	7	0	6	40	25	10	28	9	19	17	8	27	12	24	0	0	12	26	7	36	20	28	14	27	34	11	27	11	10	11	13	21	0	41	17	18	32	27	55	3	17	38	8	31	0	19	20	21	6	28	0	28	23	0	27	37	65	35	6	31	29	45	44	37	37	56	19	10	46	39	34	36	16	40	33	64	32	64	66	37	23	29	26	21	18	76	29	18	31	33	28	44	19	27	45	68	58	33	29	36	67	25	24	26	38	40	72	66	30	68	71	49	26	28	44	44	44	42	32	26	72	17	37	48	48	79	128	128	86	53	48	54	28	17	49	55	63	4	44	46	53	23	32	20	89	33	48	22	67	29	29	68	11	46	14	42	58	3	19	22	51	32	45	16	42	26	35	34	11	25	33	60	21	33	15	41	21	21	20	26	62	3	38	37	17	44	40	37	40	23	10	31	37	37	22	14	0	20	17	18	50	12	19	0	22	13	29	19	20	27	8	37	0	20	14	0	9	9	23	18	29	39	11	7	0	10	29	20	11	10	0	10	0	20	19	4	21	7	21	20	32	19	21	7	0	53	0	7	0	0	0	8	16	0	0	0	31	0	10	21	23	0	19	15	20	0	10	0	0	0	0	0	11	0	0	0	6	21	0	0	29	0	0	0	16	0	0	0	8	18	5	0	0	11	10	0	9	0	13	10	22	23	18	0	0	7	15	34	32	0	10	11	15	18	16	0	0	0	0	0	0	0	14	5	0	0	0	0	9	10	0	8	0	0	0	0	0	15	0	0	0	0	0	0	0	0	0	8	0	0	0	0	0	0	0	0	4	13	28	0	0	0	0	0	0	0	0	10	0	0	9	11	28	0	0	9	0	0	0	7	2	0	0
0	14	0	0	0	0	0	0	0	0	0	0	0	0	9	0	0	0	11	0	0	0	0	0	0	0	0	0	0	0	0	0	0	0	0	0	7	0	0	0	0	0	0	0	8	0	7	23	0	0	0	0	0	0	8	0	0	0	0	0	0	7	0	0	0	14	0	0	0	0	9	20	13	14	21	21	12	26	11	10	0	3	7	0	0	0	0	8	10	0	8	0	0	0	0	0	8	0	22	0	16	0	9	0	0	0	0	0	0	0	13	0	10	0	0	8	9	15	15	0	0	0	9	0	13	7	7	0	4	0	16	8	16	27	9	13	38	0	18	9	27	0	9	33	7	21	30	0	10	6	15	24	6	28	0	59	23	0	19	43	8	17	16	20	7	0	21	10	9	0	17	37	10	18	45	14	0	14	2	16	30	27	28	0	9	19	25	9	20	21	30	9	21	7	47	45	27	32	26	9	22	14	31	36	39	49	37	8	20	16	25	17	38	30	19	41	37	12	27	21	55	19	47	52	56	69	14	0	44	7	11	37	59	87	103	26	52	26	42	8	36	22	6	44	42	18	45	58	18	29	25	24	0	52	49	114	74	20	41	17	15	40	23	75	65	28	90	38	29	15	31	17	8	38	54	48	0	21	37	29	18	40	38	47	16	0	28	21	45	66	36	26	28	30	21	36	52	77	36	38	13	63	66	35	48	16	3	35	9	16	19	22	29	52	23	4	15	15	10	35	16	84	7	23	32	39	0	10	14	22	31	44	25	12	31	32	19	10	0	22	38	9	21	11	9	9	18	0	14	21	8	21	29	10	10	23	33	5	20	0	9	0	0	12	10	0	7	0	30	20	0	0	0	11	11	0	32	9	0	19	0	10	0	21	0	6	0	0	0	11	0	8	10	10	37	8	0	0	9	10	0	17	0	0	0	0	9	10	0	0	0	12	12	0	0	16	0	0	0	0	0	11	0	11	0	0	11	7	0	0	0	0	0	18	0	26	7	0	0	0	0	0	0	0	0	11	0	0	16	0	0	3	0	0	0	0	0	0	6	0	0	7	0	0	0	0	0	0	0	29	0	0	0	0	0	0	8	27	14	17	16	16	15	16	14	16	15	11	0	15	0	0	0	0	0	0	0	0	0	9	0	12	0	0	0	0	0	0	0	8	0	0
0	0	0	0	0	0	16	0	0	9	0	0	0	0	0	0	0	0	0	0	0	0	0	0	0	0	0	0	0	0	0	0	15	0	0	0	8	0	0	5	11	0	0	0	0	6	0	6	0	0	0	0	0	0	0	0	7	0	0	8	4	0	0	0	0	0	0	0	15	0	9	0	0	0	13	10	0	0	11	11	13	20	14	12	23	19	8	18	0	0	17	7	0	0	16	7	16	0	15	0	8	0	0	15	0	0	0	0	27	7	19	7	0	26	28	8	19	0	0	10	0	0	0	0	20	0	0	0	10	0	24	0	45	12	16	18	0	16	34	16	0	17	0	8	13	30	0	21	0	23	34	25	16	10	10	13	3	20	15	6	20	0	0	13	13	13	20	8	30	9	24	16	0	13	7	11	33	27	28	28	26	27	10	9	32	35	27	8	29	26	33	15	12	35	39	25	32	6	8	40	59	40	26	52	19	25	10	14	36	45	10	7	24	63	49	20	38	31	32	23	38	52	40	33	23	10	35	14	37	29	39	34	9	43	24	38	30	7	18	29	23	9	5	22	16	21	14	27	30	24	0	36	56	15	23	59	55	38	28	36	53	79	50	17	10	21	19	67	29	40	29	19	29	18	27	43	47	20	14	29	0	0	56	15	34	50	35	33	15	42	24	8	34	62	60	18	51	14	24	66	89	11	62	50	36	20	31	0	11	11	31	29	73	0	47	25	0	4	24	9	8	25	29	36	26	32	15	29	9	0	13	55	15	20	17	0	24	19	6	23	18	20	0	13	22	8	5	28	11	9	9	25	23	0	0	12	10	8	8	16	20	15	0	21	0	59	12	31	0	9	0	0	0	0	0	0	0	0	0	12	0	0	10	13	18	0	0	26	0	0	0	7	0	0	15	0	0	0	0	0	0	0	0	0	0	36	0	0	8	0	0	0	2	5	0	0	0	0	0	0	0	0	0	0	0	0	0	0	0	0	0	11	0	0	0	15	0	0	0	0	0	0	0	0	0	0	9	29	0	0	0	0	0	0	0	0	0	11	5	8	13	10	0	17	0	9	0	0	0	14	0	0	15	18	18	15	17	12	0	0	0	0	0	17	0	0	27	0	0	9	0	0	0	11	0	9	0	0	15	0	0	0	0	0	0	0	0	0	0	0	0	0
0	0	0	0	0	0	0	13	0	0	0	0	15	4	0	0	0	0	0	0	0	10	0	0	8	0	0	0	0	21	0	28	0	0	0	9	0	14	0	2	10	0	0	0	9	0	0	0	0	0	0	0	0	0	0	0	0	0	0	0	0	0	0	8	0	0	0	24	0	0	24	0	3	10	0	0	0	0	11	0	0	14	0	0	10	0	19	15	12	26	13	14	13	13	0	9	10	4	8	0	0	7	25	28	0	9	0	0	13	20	0	0	16	9	9	0	0	12	0	0	0	9	7	0	0	0	0	12	0	19	9	8	8	13	0	14	17	28	0	20	29	0	0	10	0	0	1	0	9	9	16	25	10	6	19	28	52	9	10	6	0	4	33	29	9	0	15	17	24	16	12	7	9	17	14	5	6	9	14	50	31	29	9	14	7	18	15	5	0	10	24	29	37	21	0	19	0	28	34	19	25	8	22	9	25	16	15	0	8	24	36	39	6	20	27	20	31	48	6	9	18	30	44	25	14	50	60	31	33	29	19	40	9	0	17	15	38	0	28	26	28	19	17	51	44	28	6	40	33	47	44	16	10	13	9	29	70	55	17	30	16	28	26	16	29	51	29	49	22	28	5	26	15	0	20	20	67	24	56	46	29	0	30	27	71	0	8	29	45	10	12	32	33	42	50	16	46	50	0	19	13	12	10	24	6	11	29	41	9	23	43	10	29	25	17	20	0	27	17	0	21	0	9	16	11	4	22	8	0	27	0	26	20	11	0	17	6	15	19	54	3	13	7	11	0	14	17	9	0	18	10	0	19	18	12	0	15	17	7	0	0	17	9	22	16	10	11	0	12	0	34	8	0	9	0	0	15	19	9	0	11	21	29	10	3	11	0	0	9	4	0	0	0	0	8	0	0	0	0	0	12	0	0	0	0	21	10	0	0	0	0	0	12	0	12	0	0	0	10	0	0	0	0	0	0	16	0	0	0	0	0	10	8	0	0	0	0	11	0	3	0	0	6	12	0	0	11	0	0	0	0	0	0	15	0	0	0	0	0	0	18	0	0	2	0	0	0	0	0	0	0	0	0	11	0	0	0	0	19	0	0	0	7	0	0	0	0	13	0	0	0	0	0	0	0	0	0	0	0	0	0	0	17	16	0	0	0	0	0	0	0	0
0	0	0	0	0	0	0	8	0	10	26	0	0	0	0	0	0	5	0	0	0	0	9	0	7	25	0	0	0	11	0	13	0	5	0	0	0	13	0	19	0	0	0	9	0	0	0	0	0	0	0	0	11	24	0	0	12	0	0	0	0	0	0	0	0	0	11	0	0	0	0	2	17	0	8	0	0	9	0	0	0	0	0	15	21	9	0	0	16	0	12	0	0	14	10	0	0	7	5	13	0	9	0	0	0	0	0	4	0	0	0	8	0	0	9	0	8	0	29	6	8	5	0	22	0	0	0	0	0	12	0	0	0	0	0	0	10	9	7	6	0	0	5	0	5	5	4	0	8	0	10	0	0	18	12	0	17	27	0	12	11	9	38	17	26	10	10	6	9	17	19	0	25	31	0	8	19	9	7	27	16	10	39	7	4	0	18	22	14	13	14	18	0	6	6	16	21	0	31	20	10	17	19	13	10	0	29	16	10	42	10	9	18	28	7	41	14	10	17	23	45	27	25	44	26	16	10	11	19	31	29	9	26	39	16	18	14	35	31	14	28	10	20	21	41	15	11	27	23	10	41	28	16	32	27	83	70	22	0	27	38	38	21	12	27	10	49	10	10	25	28	18	19	8	0	17	31	41	32	27	38	14	10	0	28	37	0	11	17	38	52	20	17	31	28	29	10	22	0	0	18	0	25	15	50	0	30	18	8	17	0	19	38	16	0	1	11	5	36	43	39	19	20	1	0	15	0	10	11	10	17	8	0	0	10	21	16	15	11	17	32	0	30	9	0	0	8	38	0	0	0	22	30	8	0	0	6	0	0	11	0	22	0	11	8	25	16	11	8	0	0	0	0	10	0	9	0	0	0	8	0	12	0	0	5	0	0	7	18	10	0	0	0	0	24	15	0	8	0	0	0	6	0	0	0	13	27	0	0	0	0	11	9	0	13	0	0	0	0	10	0	0	9	0	9	0	10	0	3	0	0	10	15	0	0	9	0	0	0	8	0	0	0	0	0	0	0	0	0	0	0	8	0	0	0	0	5	0	0	13	0	0	0	19	0	0	0	11	0	0	0	0	0	11	0	0	0	0	0	0	7	13	0	0	0	0	0	0	0	0	0	0	0	0	0	0	0	16	0	0	0	0	0	0	0	0	0	0	18	11	0	0
0	9	0	0	0	0	0	0	0	0	12	0	0	0	11	9	0	0	0	0	0	14	0	20	8	0	0	0	0	0	0	2	0	0	0	0	0	5	9	0	0	0	0	9	0	0	0	0	0	0	0	14	21	0	11	0	7	0	0	0	0	7	7	0	0	8	9	0	0	0	0	0	0	0	10	0	0	0	0	0	0	0	0	8	0	0	8	9	0	0	4	0	10	14	0	0	0	11	10	8	6	0	0	0	8	0	10	0	0	0	0	0	10	0	0	0	0	0	0	0	0	17	0	9	10	8	9	30	9	10	4	27	7	9	17	9	0	0	0	0	17	19	0	8	9	8	19	0	7	3	18	0	9	0	7	0	17	10	16	9	8	10	19	25	21	7	0	0	27	16	18	10	20	17	9	7	7	36	0	13	10	10	8	0	0	12	0	13	13	11	22	15	0	48	9	0	34	5	0	27	9	89	32	28	16	19	26	33	27	21	27	35	72	0	14	16	14	37	20	10	17	25	34	3	9	33	27	9	36	16	20	19	28	7	31	20	8	9	6	8	9	12	33	0	18	38	0	35	15	19	10	20	26	10	41	37	51	0	41	14	37	21	42	21	58	14	36	17	0	11	7	7	0	18	9	0	31	37	19	2	40	43	17	18	0	36	53	19	0	74	30	28	36	16	21	0	21	18	10	19	12	15	23	0	46	10	0	0	17	11	8	20	13	29	9	14	24	0	26	18	19	12	29	11	34	44	6	11	0	9	0	15	12	19	7	22	0	31	41	18	14	11	0	7	21	20	10	0	19	0	6	19	15	15	9	13	0	0	0	0	10	10	0	10	19	9	8	10	0	0	7	6	11	0	30	0	31	13	0	9	0	9	0	0	9	0	0	10	0	0	0	0	0	17	11	0	0	0	0	12	18	0	20	0	0	0	0	10	0	0	0	0	0	0	12	0	0	0	0	1	0	0	0	0	0	0	0	0	0	0	0	0	0	9	0	0	0	0	0	0	0	0	11	0	0	0	0	22	0	0	0	0	0	0	0	0	6	1	5	11	12	0	0	9	0	0	0	0	0	0	0	0	0	0	0	0	0	0	7	0	0	0	0	17	0	0	0	0	0	0	0	4	0	0	0	0	9	5	0	0	0	0	8	0	7	0	0	0	0	0	0	9
0	0	0	17	0	0	0	0	0	0	0	6	0	0	0	0	0	0	0	0	0	0	0	0	0	0	0	0	0	0	0	7	0	0	0	0	0	0	10	0	0	7	0	0	0	0	8	0	0	0	0	0	0	10	0	0	0	0	14	0	9	8	0	15	0	0	0	0	0	0	0	0	0	0	0	0	0	0	0	0	0	0	0	9	0	8	0	0	0	0	0	0	0	0	0	0	0	9	0	0	0	0	0	0	0	0	7	0	15	0	10	10	0	11	0	0	11	13	12	12	0	0	0	9	0	0	0	0	0	0	9	0	9	0	17	7	0	0	0	10	6	0	9	8	7	44	0	18	0	10	0	6	0	6	9	16	23	0	9	12	11	0	7	21	11	14	42	4	0	26	6	9	0	8	11	5	36	0	11	44	15	45	0	12	9	33	16	14	0	42	0	44	9	19	0	29	0	0	37	7	8	59	17	8	18	0	9	12	6	11	8	22	43	29	6	30	0	19	26	32	3	22	8	16	0	23	11	25	30	33	7	18	29	8	10	22	16	33	11	37	0	0	13	0	26	58	37	0	27	19	30	51	21	10	14	50	39	17	12	15	37	18	29	8	19	17	22	29	0	10	37	10	26	11	21	17	20	0	23	23	10	0	9	0	0	24	42	9	30	17	22	14	7	4	12	0	6	11	20	10	30	0	0	0	0	0	9	23	50	21	0	17	21	18	0	13	8	15	0	3	10	9	0	0	14	0	0	11	0	10	9	10	28	21	25	8	23	0	3	24	28	0	0	17	10	13	21	0	18	20	8	0	10	0	10	10	0	0	11	0	13	0	0	6	34	0	0	0	0	0	9	0	7	7	8	0	18	0	10	0	20	16	0	0	20	11	6	0	0	11	0	7	0	0	0	0	0	0	0	0	7	0	0	8	0	0	0	0	0	15	0	0	0	0	14	0	7	0	0	7	10	0	9	0	10	12	27	0	0	11	0	0	0	5	0	0	0	0	0	0	0	0	0	0	0	0	0	0	0	0	0	0	16	0	0	7	0	10	0	0	0	0	0	0	0	0	0	0	8	0	0	0	0	0	12	10	0	0	4	0	16	0	0	0	0	0	11	0	0	0	0	0	0	0	0	19	10	0	0	0	0	0	2	0	22	0	7	0	0	0	0	0
0	0	0	0	0	0	0	8	0	0	0	2	0	0	0	0	0	0	0	0	0	0	0	0	0	0	0	0	0	0	0	0	0	0	0	0	0	13	0	18	0	0	0	0	0	0	0	0	0	0	0	12	0	0	0	0	16	9	0	0	0	0	0	10	0	0	0	0	0	0	0	0	0	0	13	0	10	0	0	0	0	0	0	0	9	0	0	0	0	9	0	0	0	0	9	0	0	0	0	0	0	0	2	0	0	0	0	9	7	0	7	4	10	0	10	4	0	8	13	0	6	0	7	8	9	8	0	0	0	0	9	0	0	0	10	0	8	0	9	0	0	0	15	0	11	0	16	0	0	0	0	0	9	11	0	7	8	19	8	9	17	8	26	0	7	8	0	0	0	11	8	5	0	0	11	12	0	17	9	16	6	0	9	12	4	0	0	11	25	0	18	37	23	27	22	11	9	0	0	44	8	26	0	28	0	17	10	0	9	16	6	18	8	28	16	0	10	9	7	0	40	0	9	25	0	14	58	10	37	0	17	27	39	0	0	34	10	6	8	6	7	5	19	11	0	19	9	0	39	15	24	20	17	25	11	43	44	17	9	9	11	44	17	0	42	21	7	8	10	2	5	16	29	24	0	19	37	12	6	31	49	11	21	37	9	9	5	12	27	11	33	40	17	19	0	9	7	13	0	8	11	9	21	22	10	0	9	0	8	17	7	41	0	0	19	0	30	31	10	0	0	22	0	13	11	13	22	21	0	0	2	0	8	19	35	8	10	0	11	0	10	11	20	31	18	9	10	12	11	10	0	9	0	19	0	0	0	0	0	0	0	0	0	0	0	0	0	12	0	0	10	0	10	0	0	31	3	0	16	0	0	0	0	8	0	0	0	0	9	0	0	16	0	0	0	0	0	0	0	0	0	0	0	14	0	0	0	0	0	0	0	0	0	0	0	7	10	9	10	0	0	0	9	10	0	0	0	0	10	17	12	8	4	0	7	0	0	0	0	0	0	0	0	19	0	0	0	0	0	15	0	9	0	10	0	0	0	0	10	0	0	0	0	0	0	0	14	7	0	0	0	0	0	0	11	7	0	0	0	0	0	0	0	0	0	0	0	0	0	10	14	17	0	15	17	0	0	0	0	0	9	0	12	6	15	0	17	9	0	0	0	0
0	0	0	0	0	0	0	0	0	0	0	0	0	0	10	0	0	0	0	0	0	0	0	0	0	0	0	0	0	0	0	0	0	0	0	8	13	0	0	0	0	0	0	0	0	0	0	0	0	0	8	0	0	0	0	0	9	0	0	0	0	0	0	0	9	0	7	0	9	11	23	8	0	7	0	0	14	0	6	0	9	7	0	22	0	0	0	0	0	0	0	0	0	9	10	0	0	0	0	0	5	0	0	0	11	0	8	0	0	0	0	0	0	0	9	5	25	8	10	15	0	0	0	0	9	0	0	0	0	7	7	9	5	0	0	0	0	10	11	0	16	0	10	0	5	0	0	0	0	5	12	10	9	9	0	12	10	9	0	0	10	9	4	0	0	6	29	12	19	0	0	8	29	11	0	7	6	0	0	0	10	9	9	10	8	0	0	23	15	3	22	5	0	24	10	28	9	12	39	6	17	18	9	15	0	11	0	18	0	40	9	22	8	0	5	20	27	17	0	0	20	5	36	0	2	40	10	5	0	23	19	12	37	18	7	9	25	32	7	43	37	16	7	10	16	29	21	15	11	0	9	19	8	9	10	29	22	19	0	26	0	0	0	40	17	36	20	0	16	37	10	21	0	0	7	20	10	9	0	8	29	16	0	38	23	0	9	0	16	0	9	0	0	0	10	0	16	11	26	11	0	0	0	10	0	8	11	0	19	7	0	28	10	22	10	8	16	40	7	9	12	16	0	17	32	13	12	0	7	0	20	10	0	11	0	19	19	11	0	0	10	0	10	8	0	15	11	26	11	11	8	29	0	0	17	0	0	9	10	21	10	0	14	19	1	0	0	0	0	0	0	0	11	7	10	14	0	0	33	0	0	0	0	0	10	0	0	0	0	11	9	17	12	0	0	0	6	0	15	0	0	0	0	0	0	0	0	0	17	0	10	0	16	0	0	16	0	0	0	0	0	0	0	0	0	0	0	0	0	17	0	0	16	0	5	0	0	11	0	9	0	0	0	0	0	0	0	0	0	25	0	0	0	0	0	0	0	0	0	0	0	0	0	0	0	0	0	0	0	18	0	0	0	0	0	0	0	0	0	0	0	0	0	0	0	0	0	10	0	0	36	13	0	0	12	0	0	0	0	0	0	0	12	0	0	10	0	0	0	0	0	0
15	0	0	11	0	0	0	0	0	0	0	0	0	0	0	0	0	0	0	0	0	0	0	15	0	0	0	0	0	0	0	0	0	0	0	0	0	0	0	0	0	0	0	0	0	0	0	0	0	0	6	0	0	8	10	0	0	0	0	10	0	0	9	0	0	0	0	0	0	15	0	0	0	0	0	0	0	0	0	0	0	0	0	24	0	0	0	7	11	0	0	0	0	14	0	0	0	0	8	0	0	21	0	0	0	9	10	5	0	15	23	6	0	0	0	4	0	13	0	0	0	0	8	16	7	12	0	9	0	0	0	7	0	0	0	0	0	0	19	12	12	0	0	12	14	0	0	19	0	8	6	0	9	0	0	10	19	0	10	16	0	0	0	0	21	16	20	0	7	10	7	0	16	22	22	0	0	15	12	0	0	0	20	3	18	0	12	25	0	5	20	15	14	0	10	13	0	6	0	2	10	19	25	0	9	0	17	10	0	18	28	16	49	9	21	0	0	10	0	9	11	14	0	11	39	0	0	0	41	10	10	5	0	0	0	30	18	0	9	0	0	9	10	0	0	18	0	0	13	0	0	18	0	28	11	26	19	0	9	20	0	0	11	26	10	11	0	0	21	17	20	17	31	10	21	0	9	12	40	21	13	10	0	6	0	28	0	12	11	10	10	10	22	10	16	10	10	0	41	16	9	0	11	9	10	0	10	6	21	11	21	0	9	0	15	12	11	11	16	0	0	0	16	24	17	0	26	0	17	10	4	0	0	24	40	12	0	6	20	5	7	6	0	21	18	0	10	0	11	15	0	9	0	0	0	0	9	0	0	0	0	0	0	0	18	9	0	0	10	11	0	0	0	0	0	10	0	0	0	17	11	0	17	0	9	0	0	0	11	0	8	13	7	0	11	0	12	0	16	0	0	0	0	0	0	14	9	0	6	0	0	0	0	0	0	0	0	0	8	0	0	5	0	0	0	18	0	0	0	0	0	0	14	0	7	0	0	0	0	0	0	0	0	0	0	0	5	0	0	0	0	0	0	9	0	0	9	0	0	0	0	0	0	0	0	0	0	0	0	0	0	32	0	0	0	0	0	0	11	0	8	0	0	0	0	0	0	0	9	0	0	0	0	0	0	0	0	0	12	0	0	11	22	0	11	0	32	0	11	8	0	0
0	0	0	6	0	0	0	0	0	0	0	0	0	0	0	0	0	8	0	0	0	0	0	0	0	0	0	12	10	0	0	0	0	0	0	0	0	10	9	12	11	12	0	0	0	0	0	0	0	0	0	0	0	9	0	0	0	0	0	0	0	0	0	0	0	0	0	0	0	0	18	0	0	0	0	0	0	0	0	0	0	11	8	0	0	0	0	7	0	0	0	0	0	0	0	0	0	0	16	0	0	0	0	0	0	0	0	8	0	0	0	0	0	0	10	0	10	0	0	0	0	0	0	0	8	6	5	0	30	9	14	0	0	9	0	0	0	10	0	0	9	10	6	0	9	0	0	0	0	0	0	14	11	8	10	9	0	0	10	12	0	0	0	0	13	0	7	0	18	0	18	2	0	0	0	6	0	15	12	11	0	0	0	9	10	5	10	0	8	0	8	10	0	0	11	9	2	32	0	27	7	23	28	19	11	0	7	0	9	0	0	9	9	0	13	0	0	0	0	0	13	12	27	0	0	0	0	17	26	0	7	30	18	0	5	30	30	24	33	19	0	30	10	25	17	0	0	17	40	9	19	29	13	34	9	11	44	0	0	0	12	10	11	7	0	0	6	13	0	29	19	3	21	0	13	12	0	0	17	10	0	29	0	0	0	0	27	0	8	15	9	20	9	0	10	34	0	11	11	16	11	0	0	0	0	0	7	10	3	7	0	29	0	0	15	23	9	23	8	17	0	14	0	15	0	0	8	0	0	21	7	0	0	3	0	0	0	9	12	0	0	0	0	11	0	0	0	0	0	0	12	0	0	0	7	0	0	11	0	0	11	0	9	0	0	0	0	10	10	0	10	0	0	0	0	0	0	21	10	11	10	0	0	0	0	0	0	0	0	0	0	9	11	0	19	0	12	0	0	17	17	0	9	0	0	13	19	0	14	9	0	0	0	0	0	0	0	0	0	0	0	0	0	0	0	0	0	0	0	0	0	0	0	0	11	0	0	0	11	9	5	11	0	0	0	0	0	0	0	0	10	0	0	0	0	0	16	0	9	0	0	0	0	0	0	0	0	0	0	0	0	0	0	11	0	0	0	0	9	0	14	0	0	0	0	0	0	0	0	0	0	0	0	0	0	0	0	8	10	0	5	0	0	0	0	14	12	9	12	5	0	0
16	0	0	0	0	0	0	0	0	0	0	0	0	0	0	0	0	0	0	0	21	0	6	7	0	0	0	0	0	0	12	11	0	15	0	0	0	0	0	14	0	0	0	0	0	0	0	0	0	0	0	0	0	0	14	0	0	0	0	0	7	0	0	0	0	7	0	0	0	0	0	0	0	9	0	0	5	0	0	0	0	0	0	8	0	0	0	11	0	0	0	0	0	10	0	0	0	0	6	0	0	0	0	0	0	0	0	0	0	8	0	0	8	22	0	0	0	0	7	7	0	0	8	0	9	0	8	0	0	9	0	5	0	0	11	0	0	0	0	15	0	6	0	0	0	0	0	13	8	8	0	0	0	0	0	0	0	0	15	0	0	0	0	0	0	0	17	0	12	15	0	20	0	0	8	0	6	9	9	0	0	0	0	9	0	0	8	0	8	0	0	0	10	14	0	0	9	11	7	0	0	15	31	0	0	10	0	0	11	9	0	17	0	0	0	0	8	17	6	0	11	8	0	0	0	9	28	21	0	11	0	20	28	7	9	9	8	11	9	0	0	10	7	10	7	0	29	0	14	0	11	21	5	7	0	18	11	24	9	0	2	24	19	0	0	8	0	26	0	0	18	5	0	0	15	9	0	23	10	14	0	0	0	11	7	5	0	0	0	0	0	0	7	12	0	29	18	8	0	8	9	25	0	6	0	0	0	10	0	0	6	0	0	20	16	0	26	10	0	11	29	7	17	11	11	0	0	11	17	0	1	0	0	8	12	18	0	0	0	13	0	10	0	0	8	10	0	0	10	0	0	0	0	0	10	0	0	0	0	8	0	0	0	6	0	0	4	1	9	0	40	14	12	10	0	0	0	0	0	0	16	10	0	19	0	18	0	0	0	10	0	0	11	0	0	0	0	0	7	9	0	0	12	0	0	0	0	0	0	0	0	5	0	0	0	0	0	0	13	24	0	0	12	0	0	8	0	0	0	0	10	9	0	0	8	14	0	0	0	0	0	11	0	0	0	0	0	0	0	0	9	0	0	0	0	0	8	0	0	0	10	0	17	0	0	0	0	0	0	0	0	0	0	0	0	0	8	0	0	0	0	9	7	0	0	0	0	9	0	0	0	0	0	0	0	0	0	0	0	0	8	0	0	0	0	0	0	0	0	10	0	0
12	0	0	0	0	0	0	0	0	0	0	0	0	0	0	0	0	0	0	0	0	0	15	0	0	0	0	0	0	0	0	0	0	8	0	0	0	0	0	0	0	0	0	0	0	0	0	0	0	11	0	0	0	0	0	0	0	0	0	0	0	0	0	10	0	0	0	16	0	0	0	0	0	0	0	0	0	0	0	9	0	0	0	0	0	4	0	0	0	0	0	0	0	7	11	0	7	0	0	0	0	0	9	0	0	0	17	0	0	0	0	8	0	0	0	7	0	0	0	0	0	0	25	0	0	0	0	0	8	0	7	8	0	7	0	0	0	10	19	0	0	0	14	9	0	21	0	0	0	0	0	0	0	0	0	8	16	0	0	16	0	0	14	0	0	5	9	2	0	0	0	0	13	7	0	11	0	0	10	0	10	7	0	0	23	0	0	0	0	0	0	0	0	9	0	9	0	5	0	0	15	22	26	9	0	7	9	0	10	0	8	11	26	10	0	3	9	0	0	0	0	9	0	16	0	0	10	6	0	0	0	0	19	10	0	0	13	0	10	0	11	0	18	0	8	3	0	9	0	0	7	0	0	0	20	30	0	12	21	11	21	0	11	8	0	0	18	0	0	0	0	9	0	0	0	0	0	7	0	34	18	0	0	6	0	10	0	11	0	28	13	0	10	0	0	2	9	7	0	0	0	0	0	24	0	10	0	0	0	0	0	0	0	8	0	8	7	15	9	7	20	18	16	34	22	10	7	16	9	18	10	0	8	0	0	10	8	0	9	0	8	0	9	11	0	0	7	0	9	0	8	0	0	13	12	0	0	0	0	0	0	0	0	0	0	0	0	10	0	0	0	10	0	0	0	0	0	0	0	10	0	0	0	18	0	0	0	7	0	0	10	0	0	0	0	0	0	0	0	10	0	0	0	0	0	0	0	0	0	15	0	0	0	0	0	0	0	8	0	0	0	0	0	0	0	15	0	0	0	0	17	0	0	0	0	0	0	13	0	0	0	0	0	0	0	0	0	0	0	0	0	11	0	0	0	0	0	0	0	0	0	6	0	0	0	0	0	0	9	0	0	0	0	0	0	14	11	0	5	0	0	11	12	0	8	0	0	0	0	0	0	0	0	0	0	0	0	0	0	7	0	0	0	0	0	0	0	0	0	0	17	0
13	0	0	0	0	0	0	0	0	0	15	0	0	0	0	0	0	0	0	0	0	0	0	0	0	0	0	0	0	0	0	0	0	0	0	0	0	0	0	0	0	0	0	0	3	0	0	0	0	0	0	0	0	9	5	0	0	0	0	0	0	0	0	21	0	0	0	0	0	0	9	13	0	0	0	14	10	0	0	0	2	0	0	0	0	0	0	0	0	0	0	0	0	0	0	0	0	7	0	0	0	0	0	0	0	0	9	0	0	0	0	0	0	11	11	0	0	10	0	9	9	4	14	0	0	0	0	0	0	16	0	0	0	0	0	0	0	0	0	0	0	0	15	0	0	0	0	0	0	0	0	0	0	15	9	0	0	0	0	0	0	10	0	0	0	0	0	0	0	0	0	0	0	0	0	0	8	0	0	4	17	24	7	0	0	8	28	10	0	0	0	0	0	0	0	6	17	8	12	0	28	10	0	0	5	0	9	0	0	0	0	0	0	2	0	8	15	26	0	11	10	0	0	0	0	9	8	0	0	9	0	10	0	12	16	14	0	0	0	20	0	6	0	0	18	0	8	9	15	0	0	9	0	0	7	5	0	11	10	9	0	12	7	9	0	11	11	10	11	0	0	9	0	11	0	27	0	0	0	8	28	0	12	21	10	0	0	10	0	9	7	15	0	0	0	17	27	19	0	6	11	0	29	0	9	4	0	0	11	0	0	9	0	0	0	0	0	20	13	10	24	0	9	9	17	8	15	10	6	0	0	6	0	0	0	0	0	0	0	9	15	0	0	0	8	0	0	0	0	0	0	0	0	0	0	0	0	4	8	0	0	0	10	0	8	3	0	0	0	8	0	0	0	0	0	16	0	0	0	9	0	0	0	6	0	0	0	0	0	0	0	0	0	0	0	0	0	0	0	15	0	0	0	0	0	0	0	0	0	10	0	0	0	16	12	27	0	0	0	0	0	0	0	0	0	0	0	0	0	16	0	0	0	7	0	0	10	0	0	0	0	0	0	0	0	0	0	10	0	0	0	0	0	0	0	0	0	18	0	0	0	0	0	0	0	0	0	0	0	0	0	10	0	0	0	0	0	0	11	0	0	0	11	0	0	0	0	0	0	0	0	0	0	0	0	22	19	0	0	0	0	0	0	0	0	0	0	11	0	17	0	0
0	0	0	0	13	0	0	0	0	0	10	0	0	0	0	0	0	8	0	0	14	0	0	0	0	0	0	0	0	5	0	0	0	0	0	0	9	0	13	0	0	0	0	0	0	0	0	0	0	0	22	0	0	0	0	14	0	0	0	10	0	0	0	0	0	0	9	0	0	11	0	0	0	0	0	0	15	12	0	0	0	0	6	0	0	0	0	0	0	0	12	12	0	35	30	0	0	0	0	0	0	0	0	12	0	0	0	0	0	0	0	24	0	13	0	3	0	0	0	6	5	0	0	0	0	0	0	0	9	8	0	10	0	9	0	10	0	0	0	0	0	0	0	0	0	9	9	0	0	0	0	0	0	0	7	18	8	4	0	0	20	8	0	7	0	0	0	0	0	0	0	0	0	18	0	0	0	9	0	0	0	10	15	0	0	19	30	0	0	0	0	0	0	0	0	0	0	0	6	23	11	0	0	0	6	0	0	8	0	15	0	14	0	0	0	0	0	0	8	1	1	0	7	0	0	0	0	19	6	10	10	15	10	0	0	1	0	0	10	17	0	0	11	9	18	0	0	0	0	0	11	0	0	5	16	3	0	0	28	0	0	0	13	0	0	0	0	20	9	0	10	0	0	11	10	0	0	38	0	0	0	12	0	0	6	0	10	7	0	0	9	0	17	0	7	7	0	0	9	0	10	0	0	0	0	9	0	0	0	0	10	0	0	16	0	9	0	0	0	15	9	0	0	0	10	33	43	0	0	0	0	0	0	0	0	0	0	0	0	0	0	0	0	15	6	27	0	10	0	0	0	0	0	0	12	0	0	0	0	0	0	0	7	0	0	0	0	0	0	0	0	0	0	0	0	0	0	0	8	0	11	0	0	0	0	0	0	0	0	0	0	0	0	0	0	0	0	0	0	0	0	11	0	0	0	1	0	11	0	0	0	0	0	0	22	0	0	0	0	0	0	0	0	0	12	0	0	0	0	0	0	0	0	0	0	0	0	0	0	0	0	0	0	0	0	0	0	0	0	15	0	0	0	0	0	0	0	0	0	0	0	0	0	0	0	0	0	0	0	0	0	13	0	0	0	0	0	0	0	0	0	0	0	0	0	0	0	0	15	0	0	0	15	0	0	0	0	0	0	0	0	0	0	0	0	0	0	0	18	9	0	0
0	0	0	0	15	0	0	10	0	0	0	0	0	0	0	0	0	0	0	0	0	0	0	0	0	0	0	0	0	3	0	0	0	0	0	0	0	0	0	0	0	0	0	0	0	0	0	0	0	0	16	0	0	0	0	5	0	0	0	0	0	0	0	0	0	0	0	0	18	6	0	0	12	0	10	3	34	22	0	0	0	0	0	0	0	0	0	0	0	0	0	0	9	11	0	0	0	0	0	0	0	0	0	9	0	0	0	0	22	9	6	18	0	0	0	0	0	0	0	0	0	0	0	0	0	0	0	0	0	0	0	0	8	0	0	0	0	0	15	0	0	0	0	0	0	0	0	0	0	0	0	0	0	0	8	0	0	0	7	0	0	0	0	2	7	0	0	0	0	0	0	0	0	8	17	16	0	0	8	0	0	5	0	9	0	0	13	0	8	0	0	13	12	0	0	0	0	10	0	16	11	0	0	0	0	0	0	0	0	9	11	0	0	9	10	0	0	9	0	0	8	0	0	9	7	0	9	0	0	0	0	17	9	3	18	0	0	9	0	8	3	0	9	0	8	0	3	30	13	0	0	3	0	0	11	0	29	7	0	10	5	0	12	0	0	0	0	0	0	0	0	0	0	22	0	0	0	0	10	9	0	0	0	0	9	9	0	0	0	0	0	0	0	0	15	0	0	0	0	0	10	0	0	0	13	0	0	11	0	0	9	6	4	0	0	0	16	0	0	0	2	0	0	0	6	0	0	0	0	0	11	40	0	0	0	0	0	0	0	0	0	0	0	0	0	0	9	0	8	0	17	0	0	0	0	0	0	0	0	12	0	0	0	8	0	0	9	7	0	9	0	0	18	0	0	0	10	0	5	0	0	0	0	5	23	0	0	0	0	3	10	0	0	0	0	0	0	0	0	9	0	0	0	0	0	0	0	0	0	0	0	0	0	0	0	0	0	0	0	0	0	0	0	0	12	0	0	0	0	0	0	0	0	9	0	0	0	0	0	0	0	0	0	0	0	0	0	0	0	0	0	0	0	0	0	0	0	0	0	0	0	0	0	0	0	9	0	0	0	0	0	0	10	0	0	0	9	0	0	0	10	0	0	0	9	0	7	10	0	0	0	0	0	0	0	17	0	0	0	0	0	0	0	0	0	0	0	0	0	0	0	0
0	0	0	0	0	0	0	0	0	0	0	0	0	0	0	0	0	0	0	0	0	0	0	0	0	0	0	0	0	0	0	0	0	0	0	0	0	16	6	0	0	13	0	0	0	0	0	0	0	0	3	0	0	0	0	0	0	0	0	0	0	7	0	0	0	0	0	0	0	0	0	0	0	0	0	27	9	0	0	0	0	22	3	0	0	0	0	0	15	0	0	0	0	0	0	13	0	0	15	0	4	0	0	0	0	8	0	0	39	9	0	0	0	0	0	0	0	0	0	0	0	0	0	0	0	0	0	0	0	0	0	0	0	0	0	0	0	0	0	0	0	23	0	0	0	0	0	11	4	14	0	9	0	9	0	0	0	11	0	0	19	8	0	0	18	0	0	0	10	22	0	0	0	0	0	0	0	0	6	0	9	0	0	0	0	9	7	0	11	0	0	0	10	0	0	0	0	0	0	21	6	33	17	0	0	8	0	24	0	0	0	0	4	15	0	2	0	9	0	0	7	8	22	8	10	0	0	10	18	20	24	9	0	0	0	16	15	23	18	7	6	0	0	0	9	9	0	0	0	9	0	14	6	0	0	0	8	15	0	0	0	12	0	0	0	0	0	0	7	0	0	0	3	0	0	0	9	16	0	0	0	0	0	0	0	0	0	0	7	0	0	0	0	0	7	0	0	15	0	0	0	0	0	0	21	3	0	0	0	8	0	0	0	0	0	0	0	9	0	0	16	0	0	19	0	0	0	0	0	0	0	0	0	0	0	0	7	0	0	13	13	0	0	0	0	0	0	0	14	12	0	0	0	0	0	0	0	15	0	0	0	0	0	16	0	0	8	0	0	0	0	0	0	0	0	0	8	0	0	0	0	0	0	0	0	0	0	0	18	16	10	6	0	0	0	0	0	0	0	0	0	0	0	0	0	0	0	0	20	0	0	0	0	0	0	0	0	0	0	0	0	0	0	0	10	0	0	0	0	0	0	0	0	0	16	0	14	9	0	0	11	0	0	0	0	0	0	11	0	0	0	0	0	0	0	0	0	0	0	0	0	0	0	0	0	0	0	0	0	0	0	16	0	0	0	0	0	0	0	3	0	0	0	0	0	0	0	12	0	0	0	0	0	0	0	0	0	0	0	0	0	0	0	0	0	0	0	0	0	0	0	0
0	0	0	0	23	0	0	7	0	0	0	0	0	0	0	0	0	0	0	0	0	0	0	0	0	0	0	8	14	14	0	0	0	0	0	0	17	14	0	0	0	0	0	9	0	0	0	0	0	0	0	0	6	15	0	0	0	0	0	0	0	3	0	0	9	0	0	0	0	0	0	0	0	9	10	11	0	0	0	0	0	0	0	0	0	0	0	0	0	0	0	0	0	0	0	11	0	17	0	11	9	0	0	0	0	0	0	0	0	16	0	0	0	0	0	0	0	0	0	0	0	0	0	0	0	0	8	0	0	0	0	0	0	0	0	0	0	0	0	15	0	0	0	0	14	0	0	0	0	0	7	0	0	13	0	0	4	0	11	12	7	0	0	0	0	0	0	0	6	22	9	3	0	0	0	0	0	0	0	0	0	0	0	0	0	6	8	0	0	0	0	0	9	0	0	12	0	0	0	0	5	0	0	0	0	0	0	8	0	0	8	9	0	0	0	0	0	0	0	0	0	9	0	0	0	0	0	9	0	8	12	7	10	0	0	6	0	22	10	23	20	17	17	36	26	15	12	0	0	2	0	0	0	0	0	0	19	0	11	0	0	17	0	0	16	0	0	0	0	0	0	0	0	0	12	4	12	9	0	6	8	10	0	0	0	0	0	0	0	0	0	0	0	0	0	0	0	0	0	0	0	0	0	8	13	13	0	12	0	28	11	0	7	0	0	0	0	16	0	20	0	6	0	0	0	0	16	10	0	0	0	0	0	0	0	0	0	0	0	15	0	14	0	0	0	13	0	0	0	2	0	0	0	0	0	0	13	20	17	28	7	0	0	0	0	0	15	0	0	0	16	0	0	0	8	19	0	0	0	0	0	0	0	0	0	15	0	13	15	0	0	0	0	0	0	0	0	0	7	0	0	0	0	0	0	0	0	0	6	18	0	0	0	0	0	0	0	0	0	0	0	0	0	0	0	0	0	0	0	0	0	0	0	0	6	0	0	0	0	0	0	0	0	0	0	0	0	0	0	0	0	0	0	0	0	0	5	6	0	0	0	0	0	0	0	0	0	0	0	8	0	16	16	0	0	0	0	0	0	0	0	0	0	0	0	0	0	0	0	0	0	0	0	0	0	0	0	0	0	0	0	0	0	0	6	0	0	0	0	24	0	0
0	0	0	0	14	0	0	0	0	0	0	0	0	0	0	0	0	0	0	0	0	0	0	0	0	0	0	0	0	0	0	13	0	0	18	15	8	0	0	0	0	0	0	0	0	0	0	0	0	0	0	0	14	8	16	0	0	0	0	9	0	0	0	0	27	11	0	0	0	0	0	0	0	0	0	9	0	0	0	0	0	0	0	0	0	0	0	0	0	0	0	0	0	0	0	0	0	8	0	15	9	0	0	0	0	0	12	0	0	0	0	15	0	0	0	0	0	0	0	0	0	0	0	0	0	0	0	0	0	0	0	0	0	0	0	0	0	10	0	0	0	0	0	0	10	0	0	0	0	8	0	0	0	0	0	7	0	0	0	0	0	8	0	0	0	0	8	0	0	0	0	0	0	0	0	0	0	0	0	0	6	0	0	0	0	0	0	0	0	0	0	0	0	0	0	7	0	0	0	7	0	0	2	0	0	0	0	11	0	0	0	0	0	0	0	0	0	0	13	0	17	0	0	0	0	3	9	4	13	0	0	0	12	0	0	0	0	0	0	0	0	0	0	0	0	0	17	12	16	16	17	12	0	0	0	0	0	24	0	9	10	19	0	0	0	0	0	0	0	0	10	17	0	0	13	5	0	0	0	0	0	8	0	0	0	0	0	0	0	11	0	0	0	0	9	0	20	0	0	0	12	0	0	7	19	0	0	13	0	0	0	0	11	0	0	0	10	9	0	33	15	1	0	0	0	0	0	0	0	0	0	0	0	0	0	0	0	0	0	0	0	12	0	0	0	0	0	0	0	0	0	0	0	0	12	0	0	0	0	0	6	11	0	0	0	0	0	18	0	0	0	0	0	0	0	0	0	0	0	7	0	0	0	16	0	15	0	18	0	0	0	0	0	0	0	0	0	0	0	0	7	0	0	0	0	14	16	0	0	9	17	0	0	0	0	0	0	0	0	17	0	0	0	0	0	0	19	0	0	0	0	12	0	12	15	0	0	0	0	0	9	0	0	0	0	0	0	0	0	0	11	0	0	0	0	0	0	0	0	0	0	0	0	0	11	0	0	0	0	0	0	0	6	0	0	0	0	11	0	0	0	0	0	0	0	0	17	0	0	0	0	0	0	0	30	0	0	0	0	0	0	0	0	0	6	0	0	0	0	0	0	0
0	0	0	0	0	0	0	0	0	0	22	16	0	0	0	0	0	0	0	0	0	0	0	0	0	0	0	15	0	0	0	0	0	17	31	0	0	0	0	0	0	0	0	8	10	0	0	0	0	0	0	0	0	0	9	0	0	9	0	0	0	0	0	0	0	10	0	0	0	0	0	0	15	0	8	11	0	0	0	0	8	9	0	0	0	0	0	0	0	0	0	0	8	0	0	0	0	0	0	0	0	0	0	0	0	0	14	0	0	0	0	8	0	0	0	0	0	0	0	11	0	0	0	0	0	0	10	0	0	0	0	16	7	0	0	0	0	0	0	6	0	0	8	15	0	0	10	0	0	0	0	0	11	0	0	0	0	10	0	0	0	0	0	0	20	0	0	0	0	0	0	0	0	0	0	0	0	11	0	0	0	0	0	0	0	0	0	0	0	0	0	0	0	0	0	0	16	0	0	0	0	0	14	0	0	0	0	0	0	0	0	0	0	0	0	0	0	9	0	0	0	0	0	0	0	0	7	0	0	0	0	0	0	0	0	0	8	14	8	0	0	8	0	0	3	0	0	0	6	9	0	9	0	0	17	21	0	0	0	15	0	0	0	0	0	0	10	0	0	0	21	9	0	0	0	0	9	0	0	0	0	0	0	15	4	17	0	9	0	0	0	0	9	0	8	0	0	0	17	0	0	0	0	0	0	0	8	13	12	0	0	0	0	0	0	0	0	0	0	0	0	0	0	0	0	8	0	0	0	0	0	0	0	0	8	16	0	0	0	0	0	0	0	11	8	0	0	0	10	0	9	0	17	0	0	0	0	0	0	9	0	0	0	0	0	0	0	0	0	0	0	0	0	0	0	0	0	13	14	0	0	17	7	12	0	0	0	17	0	0	12	0	0	0	0	0	0	0	0	0	0	0	0	0	16	0	0	0	0	0	9	20	0	0	0	0	0	0	0	0	0	0	13	12	0	0	0	14	12	0	0	0	0	0	0	0	0	0	14	8	0	0	0	0	16	7	0	0	0	0	0	0	0	0	0	0	0	0	23	0	0	0	0	0	0	0	0	0	0	0	0	0	0	11	0	0	0	0	0	0	0	0	0	0	0	0	0	0	10	0	10	0	0	0	0	0	0	0	0	0	0	0	0	0	0	0	0	0	0	0	0	0
0	0	0	0	0	0	0	0	0	0	5	0	0	0	0	0	10	0	0	14	0	0	0	0	0	0	0	0	0	0	0	0	0	0	0	0	0	0	0	0	0	0	0	0	0	0	0	0	0	0	0	0	0	0	0	0	0	0	0	0	0	0	14	0	0	0	0	0	0	0	0	0	0	12	0	0	0	0	0	0	0	0	0	0	0	16	0	0	0	0	0	0	0	0	0	19	17	12	0	0	0	0	0	0	0	0	0	0	0	0	28	26	0	0	0	0	16	0	7	0	0	0	0	0	0	0	0	10	0	0	0	0	10	0	0	0	0	0	0	0	7	2	0	0	0	0	0	15	0	0	0	7	0	0	0	0	0	0	7	6	0	11	0	0	0	0	0	7	0	0	0	0	0	0	0	0	20	17	7	10	0	0	11	0	0	0	0	11	26	44	0	17	14	0	0	0	0	0	0	0	8	0	0	7	0	0	0	0	10	0	7	0	0	0	0	0	0	0	0	8	0	0	0	0	0	0	12	11	0	0	0	0	0	0	7	0	0	0	13	9	10	14	0	0	0	9	0	0	0	17	0	0	7	0	0	0	0	0	0	0	10	0	0	0	0	12	0	0	14	11	0	11	0	9	0	0	0	15	0	0	0	0	0	0	0	0	0	0	0	20	8	9	0	0	0	0	0	0	0	0	0	0	0	5	0	0	12	0	8	0	0	0	0	0	16	0	0	0	0	0	0	0	17	0	0	17	0	0	0	0	0	15	0	0	0	0	0	0	0	0	0	0	0	0	8	20	10	0	0	0	0	0	0	0	0	0	0	0	0	0	0	0	0	0	0	0	0	0	0	0	0	0	0	0	0	0	0	11	0	0	0	0	8	10	0	0	21	27	0	0	0	0	0	0	11	0	0	0	0	0	0	0	0	0	35	3	0	0	0	8	15	8	0	0	0	0	0	0	0	0	0	0	0	0	0	0	0	0	0	0	0	0	0	0	0	0	0	0	0	0	0	0	0	0	0	0	0	0	0	10	17	16	0	0	0	0	0	19	0	0	0	9	15	0	9	7	0	0	0	0	0	0	0	0	0	0	0	0	0	0	0	0	0	0	0	0	0	0	0	0	0	0	0	0	0	0	6	0	0	0	0	0	0	0	0	0	0	0	16	0	0	0
0	0	0	0	0	0	0	0	0	0	0	0	0	0	0	0	0	0	0	0	0	0	9	22	0	0	0	0	0	0	9	0	0	0	0	0	0	0	0	0	0	0	0	0	0	0	0	0	0	0	0	0	0	9	0	0	0	0	0	6	0	0	0	0	0	0	0	0	16	0	0	0	0	13	0	0	0	0	0	0	10	0	0	0	0	0	0	0	0	22	0	0	0	13	0	0	0	0	0	0	0	0	0	10	0	0	0	0	0	0	9	17	0	8	0	0	0	0	0	0	0	0	0	0	0	0	0	9	0	0	0	0	0	0	14	0	5	0	5	0	0	10	0	0	0	0	0	0	14	0	0	0	6	0	0	0	0	0	0	0	0	0	0	0	0	7	0	7	0	0	0	15	0	0	0	0	0	0	8	0	0	0	9	0	0	0	17	13	15	12	0	13	8	7	8	14	0	12	9	9	0	0	16	0	0	0	0	16	0	0	0	5	0	0	0	0	10	0	0	0	0	0	0	0	0	9	0	0	7	0	0	0	0	0	0	0	0	10	10	0	0	6	0	0	0	17	0	0	0	0	0	0	8	0	0	9	0	5	7	8	0	13	9	0	0	10	0	0	9	0	17	10	0	0	0	0	0	0	0	0	0	0	0	13	0	8	32	3	9	0	0	0	0	0	0	0	2	0	0	0	0	0	0	0	0	11	14	0	0	0	0	0	0	13	6	0	0	9	0	0	0	0	0	8	0	0	0	0	0	0	0	0	0	0	0	11	0	13	0	0	0	0	0	11	0	0	13	14	12	0	0	0	0	0	0	0	0	0	0	0	0	0	0	0	0	0	0	0	0	0	0	0	0	0	0	0	0	0	0	0	0	0	0	0	0	13	12	0	0	0	0	0	0	0	0	0	0	0	0	0	0	0	0	0	23	27	0	0	0	0	0	16	0	0	0	0	0	0	0	0	11	4	0	0	0	0	0	0	0	0	0	0	0	0	0	0	0	0	29	0	0	0	0	0	0	0	0	0	17	0	0	0	0	0	0	0	0	0	9	0	0	0	0	0	7	9	33	0	0	0	0	0	0	0	0	1	0	1	1	0	0	0	0	0	0	0	0	0	0	0	0	0	0	0	18	0	0	0	0	0	15	0	0	0	0	0	0	0	0	0	0	0
0	0	0	0	0	0	0	7	0	0	0	0	0	0	0	0	0	0	0	12	12	0	9	8	0	0	0	0	0	0	0	0	0	0	0	0	0	0	0	0	0	0	0	0	0	0	0	0	0	0	0	0	0	0	0	0	0	0	0	12	0	0	0	0	0	0	0	0	0	0	0	0	0	0	14	0	8	0	0	0	0	0	0	0	0	0	0	0	0	0	8	0	0	0	0	0	0	0	0	0	0	0	0	0	0	0	0	0	0	0	11	12	0	0	0	0	0	0	0	0	0	0	0	0	0	0	0	0	14	0	0	0	0	0	0	3	7	0	0	0	0	13	0	0	0	0	0	0	0	0	0	0	0	0	0	0	0	0	0	0	0	0	0	0	0	0	0	0	0	0	0	0	0	0	0	0	0	10	0	0	14	0	10	14	8	15	14	0	0	0	7	8	16	7	8	15	4	10	0	0	0	0	0	0	0	0	0	0	0	0	0	0	0	0	0	6	10	0	0	0	0	0	0	0	0	0	0	0	0	0	11	0	0	0	0	9	0	0	0	10	0	14	7	0	0	17	14	6	0	0	0	6	0	0	7	8	0	0	0	0	0	14	11	11	0	17	0	0	0	0	0	12	0	0	12	0	0	11	0	0	0	0	0	0	0	0	0	0	0	0	9	0	0	0	0	0	7	0	0	11	0	0	0	0	0	0	14	0	0	0	9	4	0	0	0	0	12	0	10	0	0	0	10	0	10	9	0	0	0	0	0	0	0	0	7	0	0	0	0	15	0	0	0	0	13	12	12	9	8	14	24	9	0	0	0	0	0	0	0	0	0	0	0	0	0	0	0	0	0	0	0	0	0	0	0	15	13	0	0	0	0	0	0	0	0	0	2	51	4	0	0	14	0	9	0	0	0	0	0	0	0	0	0	0	0	0	8	0	0	0	0	0	0	0	0	0	0	0	0	0	0	0	0	0	0	0	0	0	0	0	0	0	0	0	0	0	0	0	0	0	0	0	0	11	11	0	0	0	0	0	0	0	0	0	0	0	10	10	0	0	0	0	0	17	0	0	11	0	0	0	0	18	0	0	0	12	3	3	4	3	1	0	0	0	0	0	0	0	0	0	0	0	0	0	0	0	0	0	0	0	0	0	0	0	0	0	0	0	0	0	0	18
0	8	0	0	15	0	0	7	0	0	0	0	0	0	13	0	0	0	0	0	0	0	0	0	0	0	0	0	0	0	0	0	0	0	0	13	0	0	0	0	9	0	0	0	15	0	0	7	0	0	0	0	0	0	0	0	0	0	0	14	0	0	0	0	0	9	0	0	0	0	0	0	0	8	9	0	0	0	0	0	0	0	0	0	0	0	10	0	0	0	0	0	0	0	0	0	0	0	0	0	0	0	0	0	0	0	0	0	0	0	0	0	0	0	0	0	0	0	0	0	0	0	0	0	0	0	9	10	15	0	0	0	0	0	0	0	10	0	0	0	4	0	0	6	9	0	0	10	0	0	0	0	0	0	0	0	0	0	0	0	0	0	0	0	0	7	0	0	0	6	0	0	0	0	0	0	12	10	0	0	2	0	0	0	0	0	0	0	0	9	9	15	6	7	7	8	8	3	0	9	8	0	10	0	0	0	0	0	0	0	0	0	0	0	0	5	7	14	0	0	0	0	0	0	9	0	1	8	0	8	0	0	0	0	0	10	0	10	0	0	15	0	0	16	0	0	17	0	0	0	0	19	0	0	0	0	20	0	0	0	0	0	0	11	0	0	14	0	0	0	0	0	0	0	0	0	0	0	0	0	0	0	0	0	0	0	0	0	0	0	0	0	0	0	1	0	0	0	0	0	17	0	0	0	0	0	0	11	0	0	0	3	16	0	0	0	21	0	0	0	0	0	0	0	0	0	0	0	0	8	16	9	0	0	0	0	0	0	0	0	0	0	0	0	0	0	0	0	0	0	23	15	13	15	0	0	0	10	0	0	0	0	0	0	0	0	0	0	0	0	0	0	0	17	0	0	0	0	0	0	0	0	0	0	0	0	34	15	14	0	0	0	0	0	0	0	0	0	0	0	0	0	0	0	0	0	0	0	0	0	0	0	0	0	0	0	0	0	0	0	0	0	0	0	0	0	0	0	0	0	0	0	0	0	0	0	0	0	0	0	0	16	16	0	0	18	0	0	0	6	0	14	0	0	0	0	9	8	0	0	7	0	0	0	0	11	0	0	0	0	8	17	16	1	3	23	4	6	4	4	3	13	0	0	0	0	0	0	0	0	0	0	0	6	0	0	0	0	0	0	0	0	0	0	0	0	0	0	0	0	0	0
0	0	0	0	0	8	0	12	0	10	0	0	0	0	0	14	1	0	0	0	0	0	0	0	13	0	0	0	14	0	0	0	0	0	0	0	0	0	11	0	10	0	0	0	0	0	0	0	0	0	0	0	0	0	0	0	0	0	0	0	0	0	12	0	0	8	0	0	0	0	0	0	0	9	9	0	0	0	0	0	0	0	14	0	0	0	0	0	0	0	0	0	0	0	0	10	0	0	0	0	0	0	0	0	0	0	0	10	0	0	14	0	0	0	0	7	0	0	0	0	0	0	0	0	0	0	0	18	12	9	0	0	0	0	0	0	0	0	0	0	0	0	0	17	0	0	0	0	0	0	0	7	0	0	0	0	0	0	0	0	0	0	0	0	0	0	0	0	0	0	0	0	0	8	9	0	0	0	0	0	0	0	7	0	0	0	0	0	9	8	8	7	45	49	23	18	8	8	0	0	0	0	9	0	0	0	0	0	0	8	0	0	0	0	0	0	0	0	0	0	23	0	0	0	0	10	0	15	13	0	0	0	0	16	0	0	0	0	0	10	11	9	0	0	0	0	7	0	0	0	0	0	0	0	17	17	0	0	0	0	0	11	0	0	0	0	10	0	0	0	0	0	0	0	0	0	0	0	0	0	11	0	0	0	0	24	16	0	0	0	0	0	0	0	0	0	16	10	0	0	14	9	0	0	0	0	0	1	0	0	0	0	0	0	0	0	14	0	0	0	0	0	0	7	0	0	0	0	0	0	0	0	0	0	0	0	8	0	0	0	0	0	0	0	0	0	0	0	0	0	0	0	0	14	16	42	0	0	0	0	0	0	0	0	0	18	0	0	0	16	0	0	0	0	0	0	0	0	0	0	0	0	0	0	0	0	0	17	12	0	11	0	0	0	0	0	0	0	0	0	0	0	0	0	0	0	0	0	0	0	0	17	0	0	0	0	0	0	0	0	0	0	0	0	0	0	0	0	0	0	0	0	0	0	0	0	0	0	0	0	0	18	0	0	0	0	0	0	7	0	12	13	0	0	0	11	11	0	0	0	38	0	0	0	0	0	0	0	0	0	0	0	0	3	4	7	60	122	33	5	4	2	0	0	0	0	0	0	10	0	0	0	0	0	0	0	0	5	11	0	0	4	39	0	0	0	0	0	0	0	0	14
0	11	0	0	10	0	0	0	0	0	0	0	0	0	0	19	0	0	0	12	0	0	0	0	7	0	0	0	0	0	0	10	0	0	0	0	0	0	0	0	0	9	0	0	0	0	0	0	0	0	0	14	0	0	0	0	17	0	0	0	0	0	10	0	0	0	13	0	0	0	0	0	0	0	0	0	0	0	0	0	9	0	0	0	0	0	0	0	0	0	0	0	0	0	0	0	0	0	0	0	0	0	0	0	0	14	10	0	0	0	0	0	0	0	0	0	0	16	7	0	0	0	9	0	0	0	0	0	0	0	13	9	0	0	0	0	0	0	0	7	0	0	7	7	0	0	0	0	0	0	0	8	9	0	0	0	0	0	0	0	0	0	15	0	0	0	0	0	0	0	0	0	0	0	0	0	0	0	0	10	8	0	0	0	0	0	0	0	8	8	6	64	272	267	131	24	14	8	0	10	0	2	0	14	0	13	0	0	0	0	0	0	0	21	33	0	0	0	0	7	0	0	0	0	0	0	0	0	0	3	0	0	0	2	0	0	11	4	9	0	0	0	0	0	0	0	0	0	0	0	0	0	0	0	0	9	0	0	0	0	0	11	0	0	0	0	0	0	13	0	0	0	0	0	0	0	0	0	0	0	0	0	0	0	11	16	0	0	12	23	8	0	0	0	0	0	5	0	0	0	18	0	0	0	0	0	0	0	0	0	0	0	0	0	3	0	0	0	0	0	0	11	0	0	16	0	0	0	0	0	0	0	0	0	0	0	0	0	0	0	0	0	14	14	0	0	0	5	0	0	0	0	0	0	0	20	22	28	0	0	0	0	0	0	0	5	0	0	0	0	0	0	16	0	0	15	0	0	23	10	0	0	0	0	0	0	0	0	0	0	0	0	0	0	0	0	0	0	0	0	0	15	0	0	0	0	0	0	0	0	0	0	0	0	0	0	0	0	0	0	0	24	0	0	0	0	0	0	0	0	0	0	0	0	0	0	0	0	0	0	8	0	0	0	0	0	0	0	0	15	16	0	0	0	0	0	0	0	0	0	0	0	0	0	0	0	0	0	0	0	0	0	0	14	20	28	241	847	172	11	3	2	0	0	0	0	0	0	0	0	0	0	0	0	0	0	11	16	10	0	8	46	35	0	0	0	0	0	9	13	26	16
0	0	0	0	15	0	0	0	0	0	0	0	0	0	5	25	0	0	0	9	0	0	0	0	0	0	0	0	0	0	0	12	0	0	0	0	16	0	13	13	0	0	0	0	0	0	0	7	0	0	0	0	12	23	0	0	0	24	0	0	0	0	0	8	0	0	0	0	0	0	0	14	0	0	0	0	0	0	0	0	0	0	0	0	0	0	0	9	15	0	0	0	0	0	0	0	14	0	0	18	0	0	14	0	0	0	13	0	0	0	0	0	0	0	0	0	0	11	0	0	0	0	0	0	0	0	0	0	0	0	7	10	0	0	0	0	15	0	0	7	0	0	28	0	0	0	0	21	7	0	0	0	0	0	0	0	0	0	0	0	9	0	9	0	0	0	0	0	0	0	0	10	8	0	15	12	17	0	0	8	0	0	0	0	17	0	10	0	8	8	7	102	491	728	144	13	20	8	0	0	0	0	0	12	0	0	0	0	0	0	10	0	0	15	27	0	0	0	0	0	0	0	15	0	0	0	0	0	7	0	0	0	0	9	0	0	0	0	0	0	0	0	0	0	0	13	11	0	0	9	0	0	0	0	0	0	0	10	0	0	0	0	0	0	0	0	0	0	0	0	0	0	11	16	0	0	0	0	0	0	10	0	0	0	0	0	0	0	0	5	0	0	0	0	0	0	0	8	0	0	0	0	0	0	0	0	5	8	0	0	0	0	0	0	0	0	20	0	0	0	17	0	0	0	0	0	0	0	0	0	0	0	0	0	0	0	0	0	0	0	0	0	0	0	0	0	0	28	0	0	0	0	0	0	0	0	0	35	15	16	5	0	3	16	0	0	0	27	0	0	0	8	0	0	17	0	0	0	10	11	0	0	7	0	0	0	0	0	0	0	7	0	0	4	0	16	0	0	0	0	0	0	0	0	15	0	3	0	17	9	0	10	0	0	0	0	0	0	0	0	0	0	16	11	0	0	0	0	0	0	0	0	0	0	0	0	0	0	0	0	0	0	0	0	0	0	0	0	16	0	0	0	0	0	0	0	14	0	0	0	0	0	0	0	0	0	0	0	0	0	0	0	0	3	20	32	233	499	133	9	4	3	0	0	0	15	21	0	0	0	4	0	0	0	0	0	0	0	0	0	0	11	14	0	0	0	0	0	0	15	22	0
0	0	13	10	0	0	0	0	0	0	0	6	0	10	6	0	0	0	0	14	0	0	0	0	10	14	0	0	0	0	0	0	0	0	0	0	0	0	0	10	13	0	0	7	0	0	0	0	0	0	0	0	0	0	0	0	13	22	19	0	0	0	0	0	0	13	0	0	0	0	0	0	0	0	0	0	0	0	0	0	0	0	0	0	8	23	0	13	10	0	0	0	0	0	0	0	0	0	0	0	0	0	15	0	0	0	11	3	31	0	0	0	0	0	0	0	0	14	0	0	0	0	0	0	0	0	0	0	0	0	0	0	0	0	0	0	0	16	0	0	0	0	0	8	0	0	0	19	13	9	10	0	0	0	0	0	0	0	0	0	0	0	0	0	0	0	0	0	0	0	0	9	8	0	0	0	0	0	15	0	0	0	0	0	9	15	2	9	25	9	17	19	128	147	30	7	23	9	0	0	0	0	16	10	0	0	0	0	0	0	0	0	9	8	0	0	0	0	0	5	0	0	0	9	0	0	0	0	0	0	11	17	0	0	0	0	9	0	0	0	0	0	0	9	0	0	0	0	5	9	0	0	0	0	10	34	0	0	9	0	0	0	0	0	0	0	0	0	0	0	0	0	2	22	0	0	0	0	0	0	6	8	0	0	0	0	0	0	0	0	0	0	0	0	13	0	7	0	0	0	0	0	0	0	8	14	0	0	9	0	0	0	0	0	0	0	0	0	0	0	0	10	9	0	0	0	13	0	0	0	0	0	0	0	0	15	0	0	0	0	0	11	14	0	9	0	0	0	9	0	0	0	0	0	7	0	0	3	0	0	9	12	13	17	0	0	0	0	10	0	0	14	33	0	0	0	9	0	0	0	0	0	0	0	0	0	9	0	0	0	0	0	0	0	0	0	0	0	0	0	0	0	0	0	0	0	0	0	10	0	12	12	0	0	0	0	0	11	0	0	0	30	13	0	0	0	0	0	0	0	0	0	0	0	0	0	0	0	0	0	0	0	0	0	0	11	6	0	12	0	0	0	0	0	0	0	12	0	0	16	0	0	0	0	0	0	0	7	0	14	10	0	0	4	4	6	43	74	16	5	3	1	0	0	0	13	0	16	0	0	0	8	0	0	8	13	0	0	0	0	0	0	0	0	0	0	0	0	22	20	0	0
0	0	5	0	0	0	0	0	0	0	0	0	0	0	0	0	0	0	10	11	0	0	0	0	0	0	0	0	0	0	0	0	0	0	0	0	0	0	0	0	13	18	0	0	0	0	0	0	0	0	0	0	0	0	0	0	31	24	22	12	0	0	0	0	0	9	0	6	0	0	0	0	0	0	0	0	0	0	0	0	0	16	0	0	0	0	0	0	0	0	0	14	0	0	0	0	0	0	0	0	0	0	0	9	0	0	0	2	8	0	0	15	7	0	0	0	0	0	0	14	11	0	0	0	17	11	15	17	7	6	0	0	0	12	0	0	0	16	0	0	0	0	0	16	0	7	16	0	0	0	0	0	0	0	0	0	0	0	0	0	0	5	16	10	0	0	0	0	0	0	0	0	6	0	0	0	0	0	0	0	0	0	0	0	10	8	10	0	13	8	8	7	7	7	7	14	20	21	0	9	0	2	0	0	0	0	0	0	0	0	0	10	9	7	0	0	0	0	13	0	0	0	0	0	0	0	0	0	0	0	0	0	0	0	0	0	8	0	12	0	0	0	0	0	12	0	0	0	0	0	0	0	9	0	0	6	0	0	0	0	16	0	10	0	10	0	0	11	0	0	0	0	0	21	0	0	0	0	0	0	0	9	0	0	0	0	0	0	0	0	0	12	0	0	8	8	15	0	0	10	0	0	10	0	0	11	0	13	12	0	0	0	0	0	0	0	0	0	0	0	0	0	0	0	0	0	13	0	0	0	6	0	0	0	0	0	0	0	11	0	0	0	0	0	0	0	0	0	0	14	8	0	8	10	13	0	0	9	0	0	0	0	7	29	0	0	0	0	0	0	0	28	23	0	0	0	0	16	0	0	0	0	0	0	0	19	0	18	0	0	0	0	0	0	11	0	0	0	0	0	0	0	12	0	0	0	3	0	0	0	0	0	0	0	0	0	11	0	0	0	17	24	0	0	0	0	0	17	17	0	14	0	0	0	0	0	0	0	0	0	0	0	0	0	0	0	0	0	0	0	0	17	0	0	0	0	0	0	16	0	0	0	0	0	0	0	10	0	0	0	0	0	0	2	3	3	4	4	4	3	3	0	0	0	0	8	0	8	17	0	0	17	0	0	0	0	0	0	0	0	0	0	0	0	0	0	0	0	14	24	27	12
0	0	12	13	0	0	0	6	0	0	0	0	0	0	0	0	0	0	0	0	0	0	0	0	15	0	0	0	0	0	6	0	0	0	0	0	0	0	0	0	4	22	15	0	0	0	0	0	0	0	0	0	0	0	0	0	0	0	41	10	0	0	9	0	15	0	0	0	0	1	0	0	0	0	0	5	11	0	0	0	0	0	0	0	0	0	0	16	0	0	0	0	0	0	0	0	0	0	0	0	0	0	0	0	0	0	0	0	0	8	0	10	0	0	0	16	0	11	0	0	0	0	15	0	15	11	0	0	0	0	14	0	0	11	0	0	0	6	0	0	0	8	0	0	9	0	0	0	0	0	0	8	0	0	0	0	0	0	0	0	0	1	0	0	0	0	0	15	0	0	9	0	0	0	0	0	0	0	0	0	0	0	0	0	0	0	15	0	18	8	8	8	8	8	8	9	13	16	15	9	0	0	0	0	0	0	0	0	11	15	0	0	0	0	0	4	0	13	0	0	0	10	0	0	10	0	0	0	0	0	0	0	0	0	0	0	0	0	6	0	0	0	10	0	0	0	0	0	0	0	0	0	0	9	0	0	30	8	0	0	10	0	0	0	0	12	15	0	0	9	5	13	17	0	0	12	0	0	13	11	0	0	0	0	0	0	0	0	6	0	0	0	0	0	14	14	8	0	0	0	0	15	0	0	0	0	0	0	0	0	0	15	4	0	0	0	0	0	0	0	0	10	0	0	0	0	0	0	0	0	16	8	11	0	0	0	0	0	0	0	0	0	0	0	0	0	0	0	0	0	0	0	0	0	0	5	0	0	0	0	0	0	0	0	0	0	8	0	0	0	0	15	35	18	0	0	0	0	11	0	0	0	0	0	0	17	0	16	19	0	0	0	0	0	0	18	0	0	0	0	0	0	0	0	0	0	16	0	0	0	0	0	0	0	0	0	22	0	15	15	0	0	0	10	0	0	0	12	0	0	14	11	0	0	0	0	0	0	0	0	0	0	0	0	0	0	0	0	0	0	0	0	0	0	0	0	0	0	0	0	0	11	0	0	0	0	0	0	0	0	0	16	0	0	2	3	3	4	3	3	0	0	0	0	0	0	16	0	0	0	0	0	0	0	0	0	0	0	10	27	0	0	0	0	0	0	0	0	0	16	33	12
0	0	0	0	0	0	0	0	0	0	8	0	0	0	0	6	14	0	0	0	0	0	0	0	0	0	0	0	0	0	0	0	0	0	0	0	0	0	0	0	0	0	0	15	0	0	9	26	0	0	0	0	0	0	0	0	0	0	11	14	0	0	0	7	0	0	0	0	0	0	0	0	0	0	0	0	0	0	0	0	0	0	0	0	0	0	0	0	7	0	0	0	0	0	0	10	12	0	0	0	0	0	0	0	0	0	11	10	10	0	0	0	0	0	6	0	0	0	0	0	0	0	0	0	0	0	0	0	0	0	0	0	0	0	0	0	0	0	0	0	0	0	0	0	0	0	12	0	0	0	0	11	0	0	0	0	0	0	0	8	0	0	0	0	0	0	17	0	7	0	0	0	0	15	0	0	7	0	0	15	7	0	0	0	0	0	0	0	14	0	5	7	9	7	9	3	5	12	0	0	0	0	0	10	0	0	0	0	0	0	0	0	0	0	0	0	0	0	0	0	0	0	0	0	0	0	0	0	24	0	11	0	0	10	9	8	0	0	9	0	0	0	13	0	0	7	0	0	0	0	0	10	0	0	0	0	0	12	27	14	0	0	0	10	0	0	16	0	10	0	0	0	0	0	12	0	0	0	0	0	7	0	0	0	0	0	0	0	0	0	0	7	0	0	0	13	0	10	12	0	0	0	0	0	0	9	0	0	0	0	0	0	0	0	0	0	0	0	0	10	0	0	0	0	0	0	0	0	0	0	0	0	0	0	0	0	0	0	0	14	0	0	0	13	13	0	0	9	0	0	0	0	0	0	0	0	0	0	0	0	0	9	0	0	0	12	14	0	0	0	0	0	0	0	20	14	0	0	0	0	0	0	0	0	0	0	0	0	0	0	0	0	0	0	0	0	0	0	0	11	0	0	0	0	19	0	15	8	0	0	0	0	0	0	0	0	0	16	12	0	0	0	0	0	0	0	0	0	9	0	0	16	0	0	0	0	16	4	0	0	0	0	0	0	0	0	0	0	0	17	0	0	0	12	0	11	0	0	0	0	0	0	0	0	0	0	0	7	15	0	0	0	0	0	0	0	1	2	1	0	0	0	10	0	8	0	15	0	0	0	0	0	0	0	0	0	0	0	0	0	0	0	0	0	0	0	16	8	0	0	0	0
0	0	0	0	0	0	0	0	8	18	0	0	0	0	0	0	0	0	0	0	0	0	0	0	0	9	0	0	0	0	0	14	0	0	0	0	0	0	0	0	0	0	0	0	15	15	0	5	0	0	0	0	10	0	0	0	0	0	0	14	0	0	8	12	0	0	0	0	0	0	0	0	0	0	0	0	0	0	0	0	0	0	0	0	0	0	0	0	0	0	0	0	0	0	0	0	0	0	15	0	0	0	4	0	0	0	22	0	0	0	0	0	0	0	2	0	0	0	0	8	0	0	0	14	0	0	0	0	0	0	0	0	0	0	0	0	0	0	0	0	0	0	0	0	0	0	0	0	0	0	0	0	0	0	0	0	0	0	0	9	0	0	0	0	0	0	0	0	0	0	0	0	0	0	0	0	0	0	0	8	0	0	0	0	0	0	0	0	0	0	0	0	0	0	0	9	8	13	0	0	0	0	0	0	0	0	0	0	0	0	0	0	0	0	6	0	0	0	0	0	6	0	0	0	0	28	0	0	0	0	10	18	0	0	8	0	0	0	0	0	0	0	0	0	0	0	0	0	0	0	0	0	13	9	0	0	0	0	0	0	0	0	0	0	0	0	9	0	0	0	0	0	0	0	0	0	0	0	0	0	0	0	0	0	0	0	0	0	0	0	0	0	0	8	0	5	0	0	0	17	0	0	0	9	0	0	0	0	11	0	0	0	0	0	0	0	0	0	0	0	0	0	0	0	0	0	0	0	0	0	0	0	0	0	0	0	0	0	13	9	0	0	0	0	0	0	0	0	0	0	0	0	0	0	0	0	0	0	0	0	0	0	0	0	0	0	0	0	0	0	0	0	0	0	0	0	0	0	0	0	0	0	0	0	0	0	10	0	0	0	12	10	0	0	0	0	0	0	0	0	0	0	0	0	0	13	0	14	9	0	0	0	10	0	17	14	16	17	0	15	0	9	13	15	0	0	0	0	0	0	0	0	17	0	0	11	0	17	0	0	0	0	0	0	0	0	0	0	0	0	0	0	8	0	0	0	0	0	0	0	0	0	0	0	0	0	0	0	0	0	17	4	0	0	0	0	0	0	0	0	16	0	0	0	0	0	10	0	0	0	0	0	15	0	0	0	0	0	0	0	0	0	0	0	0	0	15	5	0	0	0	14
0	0	0	0	0	0	0	0	0	13	0	0	0	0	0	0	0	0	0	0	0	0	0	11	14	0	0	0	0	0	0	0	0	0	0	0	0	0	0	0	0	0	0	15	0	14	13	0	0	0	0	0	0	0	0	0	5	0	0	14	0	0	0	0	0	0	0	0	0	0	0	0	0	0	0	0	0	12	8	0	0	0	0	0	0	0	0	0	0	0	15	0	0	0	0	0	0	0	0	0	0	0	0	0	0	0	4	15	0	0	0	0	14	0	0	0	0	0	0	0	0	0	0	0	0	0	0	0	0	0	0	0	0	0	0	10	0	0	0	0	0	0	0	0	0	0	0	0	0	0	0	0	0	6	17	0	0	0	0	0	0	0	0	0	10	0	0	9	0	0	0	0	0	0	0	0	0	0	4	0	0	0	0	0	0	0	0	0	7	0	0	0	0	0	7	0	0	10	9	0	0	0	0	0	0	0	0	12	0	13	0	8	0	0	0	0	0	0	17	0	0	0	8	0	0	0	0	0	18	0	9	0	10	0	6	0	9	0	0	0	0	0	0	15	0	0	0	0	0	0	0	0	0	0	0	27	0	11	0	0	0	8	0	0	0	0	18	0	0	0	0	0	0	0	0	0	0	0	0	16	0	0	0	0	0	0	0	0	0	0	0	0	0	0	0	0	0	0	0	0	0	0	0	0	9	0	0	0	0	0	0	0	0	0	0	0	0	0	0	0	0	0	0	9	0	0	0	0	0	0	0	0	0	0	2	0	0	4	14	0	0	0	0	0	0	0	0	0	0	0	0	10	0	0	8	14	0	0	0	0	0	0	0	0	0	0	0	0	0	0	0	0	0	6	0	10	0	0	0	14	0	0	0	0	0	0	0	0	0	0	0	0	0	0	0	0	0	0	0	0	0	0	0	0	0	13	0	0	18	16	7	6	16	16	12	0	0	0	0	12	10	0	0	0	0	0	11	0	0	0	0	0	0	0	0	0	0	29	0	0	0	0	0	0	0	0	0	0	0	0	0	0	0	0	0	0	0	0	0	0	0	0	0	0	0	0	0	0	0	0	0	0	0	0	0	0	0	0	0	0	0	0	0	0	0	0	0	0	0	0	10	0	0	0	0	0	0	0	0	0	0	0	0	0	0	0	0	0	0	0	0	0
0	0	0	0	0	0	0	0	0	0	0	0	0	0	0	15	0	0	0	10	0	0	0	0	0	9	0	0	0	0	0	0	8	0	0	0	10	0	0	0	0	0	0	0	0	0	14	9	0	0	0	0	0	0	0	0	0	0	0	19	0	20	0	0	0	0	2	0	0	0	13	0	0	0	0	0	0	0	0	0	6	14	0	0	0	0	0	0	0	0	0	20	33	0	0	0	0	0	0	0	0	0	0	0	0	0	0	0	0	0	0	0	0	0	16	0	0	0	0	0	0	0	0	0	0	0	16	0	0	0	0	0	0	0	0	0	0	0	10	0	0	0	0	0	0	0	0	0	0	0	0	11	0	0	0	0	0	0	4	0	14	0	0	0	15	0	0	12	0	11	12	0	0	0	0	0	0	0	0	0	0	0	21	0	0	9	0	8	0	0	0	0	0	0	0	0	0	0	17	0	0	4	0	0	0	8	0	0	10	14	0	0	0	0	9	0	9	0	3	0	0	0	0	0	3	0	0	0	0	0	0	0	0	0	0	0	12	0	0	0	0	0	0	0	9	0	0	0	17	0	0	0	0	0	0	9	20	10	0	0	0	18	0	16	0	0	0	12	15	0	0	9	0	0	0	17	0	17	0	0	0	13	12	16	11	0	0	0	0	0	0	0	0	0	0	0	0	0	0	0	0	0	0	0	26	9	0	0	0	0	0	5	0	0	0	0	0	0	10	0	0	11	0	11	23	0	0	0	16	0	0	0	0	0	0	0	0	41	2	0	0	0	0	0	16	0	0	0	0	0	0	0	0	0	0	0	0	0	0	0	0	0	0	0	0	0	0	0	0	0	0	0	11	12	13	22	0	0	0	0	0	0	0	0	0	0	0	11	0	0	0	0	0	0	0	0	0	0	0	0	0	0	0	0	0	0	0	0	12	58	15	12	0	0	0	0	0	0	0	0	0	0	0	0	0	0	0	11	17	0	0	0	0	0	0	0	0	0	0	0	0	0	0	0	0	0	0	0	0	0	0	0	0	0	0	11	14	0	0	0	0	0	0	16	0	0	0	0	0	0	0	0	0	0	0	0	0	0	0	0	0	0	0	0	0	0	15	10	0	0	0	0	0	0	0	0	0	0	0	0	0	0	0	0	0	0	0	0	0	0	0	0
0	0	0	0	0	0	0	0	0	0	0	0	0	11	11	0	0	0	0	0	0	0	0	0	0	0	0	13	0	0	17	0	0	0	0	0	0	0	0	0	0	0	0	15	0	0	0	8	0	0	0	0	0	0	0	0	0	0	0	10	27	38	0	0	0	0	0	0	0	0	0	8	0	0	0	15	0	0	0	0	0	0	0	0	0	0	0	0	0	0	0	0	22	8	0	0	0	9	0	0	0	0	0	0	0	0	0	0	0	0	0	0	0	0	0	0	0	0	0	0	0	0	0	0	0	0	0	0	0	0	0	0	0	0	0	0	0	0	0	15	0	0	0	0	0	0	0	0	0	26	0	15	0	0	26	9	8	0	0	0	0	17	0	0	0	0	4	26	0	16	0	0	0	0	0	0	0	8	15	0	0	0	23	0	0	0	13	0	0	0	0	0	0	0	0	0	0	10	0	13	12	9	15	0	0	0	10	0	0	11	0	13	0	0	0	10	9	0	0	8	16	0	0	0	0	0	0	0	0	0	0	18	8	0	0	6	8	0	0	0	9	16	0	0	0	0	9	0	0	0	0	10	0	0	0	0	10	13	0	19	0	12	10	0	0	0	0	0	0	0	0	0	0	15	0	0	0	0	0	0	0	13	0	0	17	0	0	0	0	0	0	0	0	0	0	0	10	0	0	0	13	0	0	0	10	0	0	0	0	7	0	0	0	0	0	0	0	0	0	0	0	15	0	0	26	0	0	0	0	0	0	0	0	0	0	0	0	0	17	0	0	0	0	0	16	0	0	0	0	0	0	0	0	8	0	0	0	0	0	0	0	0	0	0	0	0	0	0	0	0	0	0	0	0	0	12	0	4	0	16	9	0	0	0	0	0	0	0	0	0	0	0	0	0	0	0	0	0	0	0	0	0	0	0	0	0	0	9	0	0	0	0	0	0	0	0	0	0	0	0	0	0	0	0	0	0	0	14	0	0	0	0	0	0	17	0	0	0	0	0	0	0	0	0	0	0	0	0	0	0	17	0	0	0	0	0	0	0	0	0	0	0	15	6	10	10	0	0	0	0	0	0	15	0	0	0	0	0	0	0	0	0	0	0	17	0	0	0	0	0	0	0	0	0	0	0	0	0	0	0	0	0	0	0	10	0	0	0	0	0	0	0
0	0	0	0	0	0	0	0	0	0	0	0	0	0	0	0	0	0	0	0	0	0	0	0	0	0	0	0	0	0	0	0	0	0	0	0	0	0	0	0	0	0	0	0	0	0	29	9	0	0	0	0	0	0	0	0	0	0	0	0	24	16	0	0	0	0	0	0	0	0	0	0	0	0	0	35	0	0	0	0	0	0	0	0	0	0	0	0	0	0	0	0	0	0	0	21	0	0	0	4	0	0	0	0	0	0	0	0	0	0	0	0	0	0	0	0	0	17	0	0	0	0	0	0	0	0	0	0	0	0	0	0	0	0	0	0	0	0	16	0	0	0	0	0	0	0	0	0	0	9	0	0	0	0	0	0	0	0	0	9	16	0	0	0	0	0	0	12	0	0	0	0	0	0	0	0	0	0	0	0	0	24	0	4	0	0	8	14	0	0	10	0	0	0	0	0	0	0	0	0	16	24	0	0	0	0	0	0	0	0	0	0	0	0	0	0	0	0	0	0	0	0	0	11	0	0	9	0	0	0	0	14	0	0	0	0	0	8	0	9	0	0	0	0	0	18	16	0	0	0	9	0	0	0	0	0	0	11	0	0	0	0	0	0	7	0	0	10	0	15	10	0	0	0	0	0	0	0	0	8	19	0	0	0	0	0	11	0	0	0	0	17	2	16	0	11	0	11	0	0	0	0	0	9	0	0	13	0	0	0	0	0	0	0	0	0	0	0	0	19	0	0	0	0	0	0	0	0	0	0	0	0	0	0	0	10	0	0	0	0	0	0	0	0	6	0	0	0	0	0	0	0	0	0	0	0	0	15	14	0	0	0	0	0	0	0	0	0	0	0	0	0	0	0	0	0	0	0	0	0	0	0	0	30	0	0	0	0	0	0	0	0	0	0	0	0	0	0	0	0	0	0	0	0	0	0	0	0	0	0	0	0	0	0	0	0	0	0	0	0	0	0	0	10	0	0	0	0	0	0	0	0	0	0	0	0	0	0	0	0	0	0	7	0	0	0	0	0	0	0	0	8	18	0	0	0	0	0	0	0	0	0	0	0	10	15	0	0	0	0	0	0	0	0	0	0	0	0	0	0	0	0	0	11	0	0	0	0	0	0	0	0	0	0	0	0	0	0	0	0	0	0	0	0	15	0	0	0	0	0	0	0
0	0	0	0	15	0	0	0	0	0	0	0	0	15	0	0	0	0	7	0	0	0	11	0	0	0	0	0	0	0	0	0	0	0	0	8	40	9	0	0	0	0	0	11	0	0	0	10	0	0	0	0	0	0	0	0	0	0	0	0	0	9	0	0	0	0	18	12	0	0	8	11	11	0	0	0	0	0	0	0	0	0	0	0	0	0	0	0	0	0	0	0	0	0	0	0	0	0	0	0	9	0	0	0	0	0	0	0	0	0	0	0	0	0	0	0	0	0	0	0	0	0	0	0	9	0	0	0	0	0	0	0	0	0	0	0	0	0	2	0	0	0	0	0	0	0	0	0	0	0	0	0	0	0	16	8	0	0	0	0	0	0	0	0	0	0	0	10	14	0	0	11	0	0	0	0	0	0	0	0	0	0	6	14	0	8	0	0	0	0	0	0	0	9	0	0	0	8	0	0	0	12	0	0	7	0	0	0	0	0	0	7	0	0	6	0	0	0	0	0	0	6	8	26	0	0	0	0	0	0	0	0	10	0	0	0	0	0	0	8	0	0	0	9	0	0	7	0	0	0	10	0	0	0	0	0	0	0	0	0	0	0	0	13	0	0	12	0	0	0	0	10	0	0	0	0	0	0	0	0	6	0	0	0	0	0	0	0	0	0	0	0	0	0	0	0	0	0	0	0	0	0	0	11	0	0	11	0	0	0	0	0	0	4	0	0	0	0	0	14	17	0	0	0	0	0	0	0	0	0	0	0	0	0	0	0	0	0	0	0	0	0	0	17	0	0	0	0	15	0	0	0	0	0	0	0	0	0	9	0	0	0	0	0	0	0	0	0	0	0	0	0	0	0	17	0	0	0	0	0	0	0	0	0	0	0	0	0	0	0	0	0	0	0	0	0	0	0	0	0	0	0	0	0	11	0	0	0	0	0	0	0	0	0	0	0	0	0	0	0	0	0	17	0	0	0	0	0	0	0	8	16	0	0	0	0	0	0	0	0	0	0	0	0	0	0	0	0	0	0	0	0	0	0	0	0	0	0	0	0	0	0	0	0	0	0	0	0	0	0	0	0	11	0	0	0	0	0	0	0	0	0	0	0	0	0	0	0	0	0	0	0	0	0	0	0	0	0	0	0	0	0	0	0	0	0	0	0	0	19	0	0
0	0	15	0	0	0	0	0	0	0	0	0	0	0	0	0	0	0	22	16	6	13	0	0	0	0	5	0	0	0	0	0	0	0	0	0	8	0	0	0	0	0	0	12	0	0	0	0	0	0	0	0	0	0	0	0	0	0	0	0	0	0	0	0	0	0	0	0	0	8	10	0	0	0	0	0	0	0	0	0	0	0	0	0	13	11	0	0	0	14	0	0	0	0	0	0	0	0	0	0	0	9	0	0	0	9	0	0	0	0	0	0	0	0	0	8	0	0	0	0	0	8	0	0	0	0	0	0	0	0	0	0	0	0	0	0	0	9	0	15	19	0	0	0	0	0	0	0	0	0	14	7	0	0	0	0	0	9	0	0	0	0	0	0	0	0	0	0	0	0	0	0	0	11	0	0	0	0	0	0	0	0	11	0	0	0	0	9	0	0	0	0	0	0	0	9	0	0	0	0	0	0	0	0	11	0	12	0	0	0	0	0	11	0	0	2	0	0	0	0	0	0	11	0	0	6	0	0	0	20	0	0	0	0	0	0	16	0	0	0	0	0	0	0	0	0	0	10	0	0	0	0	0	14	0	0	0	0	0	0	0	0	17	0	0	0	0	0	0	0	0	0	0	0	0	0	0	0	0	0	0	0	16	0	0	0	8	0	0	0	0	0	0	11	0	0	0	0	0	16	0	0	0	0	0	0	0	0	0	0	0	0	0	0	0	0	0	0	0	0	5	19	0	0	0	0	0	9	0	0	0	10	0	0	1	0	16	0	14	0	0	0	0	0	0	10	10	0	0	0	0	0	0	0	0	0	0	0	0	0	0	0	0	0	0	0	0	0	0	0	17	0	0	0	0	0	0	0	0	0	0	0	0	0	26	13	0	0	0	0	0	0	0	0	0	0	0	0	0	0	0	0	0	0	0	0	0	6	0	0	0	0	0	0	0	0	0	0	0	0	0	0	0	0	0	0	0	0	0	0	0	0	0	0	18	0	0	15	0	0	0	0	0	0	0	10	0	0	0	0	0	0	0	0	0	0	0	0	0	0	0	0	0	0	0	0	0	0	0	0	0	0	0	0	0	0	0	0	0	0	0	0	0	0	0	0	0	0	0	10	13	0	0	0	0	0	0	0	0	0	0	0	0	0	0	0	0	0	0	12	10	0
0	0	0	0	0	0	0	0	15	11	12	0	0	0	0	0	0	0	0	17	8	0	0	0	0	0	0	7	0	0	0	0	12	0	0	0	0	0	0	0	0	0	0	0	0	0	0	0	8	0	0	0	0	0	0	0	0	0	0	12	11	0	0	0	0	0	0	0	0	0	0	0	0	0	0	0	0	0	0	0	0	0	0	0	0	0	0	0	0	8	0	0	0	0	6	0	0	0	0	0	0	0	0	0	0	0	0	0	15	0	0	0	0	0	0	0	0	0	0	0	0	0	10	0	0	0	0	0	0	0	0	13	0	0	0	0	0	0	0	9	0	0	0	0	0	0	0	0	0	0	11	0	0	6	0	8	0	0	0	10	0	0	0	0	6	0	23	0	0	0	0	0	0	0	15	0	0	0	13	0	0	0	0	0	0	0	0	0	0	0	0	0	0	13	0	0	24	0	0	0	0	0	0	0	0	9	5	7	0	0	0	0	0	0	9	0	0	0	16	0	0	0	0	0	0	0	0	0	0	0	0	0	0	0	0	11	0	0	0	0	0	0	0	0	0	0	0	0	0	0	0	0	0	0	0	0	18	0	0	0	11	0	0	0	0	0	0	10	0	0	0	21	0	0	0	0	0	0	0	0	0	0	0	0	0	0	0	0	0	0	17	0	0	0	0	0	0	0	0	0	0	0	0	0	15	16	0	0	0	0	0	0	20	15	0	0	0	0	9	0	0	0	0	0	0	0	0	0	0	0	0	16	0	0	17	0	10	0	7	15	0	0	0	0	0	18	0	0	0	0	0	0	0	0	0	0	0	0	0	0	0	7	0	0	16	0	0	0	17	0	0	0	0	0	0	0	0	0	17	0	0	0	0	0	9	0	0	11	0	0	0	0	0	0	0	0	0	0	0	0	7	0	0	0	15	0	0	0	0	0	0	0	0	9	0	0	0	0	0	0	0	0	0	0	0	0	0	0	0	0	0	0	0	12	13	0	0	0	0	0	0	0	17	0	0	0	0	0	0	0	0	0	0	0	0	0	0	0	0	0	0	0	0	0	0	0	0	0	0	0	0	0	18	0	0	0	0	0	12	0	0	17	0	0	0	0	0	7	0	0	0	0	0	0	0	0	0	0	0	0	0	0	0	0	0	0	0	0	0	0	0	0
0	0	0	0	9	0	0	0	0	0	0	0	0	0	0	0	0	0	0	0	15	0	0	0	0	0	0	0	0	0	0	0	0	0	0	0	0	0	10	0	0	0	0	0	0	0	0	14	0	6	9	0	0	0	0	0	0	0	0	0	0	0	0	15	0	8	0	0	0	0	0	0	0	0	0	0	0	0	0	0	0	0	0	0	0	0	0	0	0	0	0	0	0	6	7	0	0	0	0	0	0	0	0	0	0	0	0	0	0	0	0	0	0	0	0	0	0	0	0	13	9	0	0	0	0	7	0	0	0	0	0	0	0	0	0	0	0	11	18	0	0	0	0	0	14	0	0	0	0	0	0	0	0	14	0	0	0	0	32	0	0	0	0	0	0	0	16	0	0	0	0	0	0	0	0	0	0	0	0	14	0	0	0	0	0	0	8	0	0	0	0	0	7	8	2	0	0	0	0	0	0	0	0	14	0	0	0	0	0	0	16	0	0	0	12	0	0	0	0	15	12	0	0	0	0	15	0	8	0	0	0	0	0	8	9	13	10	0	0	0	0	0	0	0	0	9	0	0	0	0	0	0	0	0	0	10	17	0	0	0	15	0	0	0	0	7	0	0	0	0	0	0	0	0	0	0	0	0	0	0	0	0	0	0	0	0	0	0	0	0	0	0	0	0	0	0	0	0	10	0	10	0	0	0	0	0	0	10	0	0	0	15	9	4	0	0	0	0	0	0	0	0	7	0	0	0	0	0	14	0	11	0	0	0	0	0	0	0	0	12	0	0	0	7	0	0	0	0	0	0	0	17	17	0	0	0	0	0	6	0	0	0	0	0	0	0	0	17	0	0	0	0	0	0	0	0	0	0	0	0	0	0	0	0	0	0	0	0	0	0	0	0	0	0	0	0	0	0	0	0	13	0	0	0	11	0	0	0	0	0	0	0	18	0	0	0	0	0	0	0	0	0	0	0	0	0	0	0	0	0	9	14	0	0	0	0	0	0	0	0	0	0	0	0	0	0	0	0	0	11	13	12	0	0	0	0	0	0	0	0	0	0	0	0	0	0	0	0	0	0	0	0	0	0	0	15	0	5	18	17	0	0	0	0	0	0	0	13	0	0	0	0	9	0	0	0	0	0	0	14	14	0	0	0	0	0	0	0	0	0	0	0
0	0	0	0	0	0	0	0	0	0	0	0	0	0	0	0	0	0	0	10	12	8	0	0	0	0	17	0	0	0	0	0	0	0	6	3	0	0	12	0	14	0	0	0	0	0	0	0	0	0	9	0	0	0	0	0	0	0	0	0	0	0	0	0	0	0	9	0	0	5	0	12	11	0	10	0	0	0	0	7	0	0	0	0	0	0	0	0	10	0	0	0	0	15	8	0	0	0	0	0	0	0	8	0	0	0	0	0	28	0	0	0	0	0	0	0	0	0	0	9	10	0	0	0	0	0	0	0	8	0	0	0	0	0	0	8	22	14	0	0	0	0	0	0	0	0	0	0	0	0	0	0	0	10	0	0	0	0	9	0	0	0	0	0	0	0	0	0	0	0	0	0	0	0	0	0	0	10	0	0	0	10	0	0	0	0	0	0	0	0	0	0	14	0	0	0	0	0	0	0	0	11	0	0	0	0	0	0	0	0	0	0	0	0	0	0	0	0	0	0	13	0	0	0	13	0	0	19	14	1	0	0	0	0	0	0	0	0	0	0	0	0	0	0	0	0	0	0	0	0	0	0	0	0	0	0	0	0	0	0	0	0	0	0	10	0	0	0	0	0	0	11	30	15	0	0	15	0	0	0	0	0	0	0	0	0	0	0	0	0	10	0	0	0	0	0	14	0	0	0	0	0	0	0	0	0	0	0	0	0	14	16	9	0	0	0	0	0	0	0	0	0	0	0	0	9	0	0	6	0	0	0	0	0	0	0	30	5	7	0	0	0	0	16	0	0	0	0	0	11	16	0	0	0	0	0	0	0	0	0	0	0	0	0	0	0	0	0	0	0	0	0	0	0	0	0	0	0	0	0	0	0	0	0	0	0	0	0	0	0	0	0	0	15	0	0	0	0	0	0	0	0	0	0	0	0	0	12	0	0	0	0	3	0	0	0	27	0	0	0	0	0	0	0	0	0	0	18	0	0	0	0	0	17	0	0	0	0	0	18	0	0	0	0	0	0	0	0	0	0	15	0	0	0	0	28	0	0	0	0	0	0	0	0	12	0	0	0	0	0	0	0	0	0	0	0	0	0	0	0	0	0	0	0	0	0	0	0	0	0	0	0	0	0	0	0	0	0	0	0	0	0	0	0	0	11	0	0	0	0	0	0
0	0	0	0	0	0	0	0	0	0	0	0	0	4	0	0	0	0	0	0	0	14	0	0	0	0	0	0	0	0	0	0	0	0	0	0	0	0	0	0	0	17	0	0	0	0	0	0	0	0	0	0	0	0	0	0	0	0	0	0	0	0	0	0	0	0	0	0	0	7	0	0	0	16	0	0	0	0	0	0	0	0	0	9	13	0	0	0	14	0	0	10	0	0	0	4	0	0	0	0	0	0	13	0	0	0	0	14	0	0	0	9	0	0	0	0	0	0	0	0	0	0	0	0	0	0	0	0	0	0	0	0	0	0	11	15	14	0	0	8	0	0	0	0	0	0	0	0	4	4	0	0	0	0	0	0	0	0	0	11	0	0	0	0	0	0	0	0	0	15	0	9	0	0	0	0	0	0	9	12	9	0	14	0	0	0	0	0	8	0	0	0	0	0	0	0	0	0	0	0	0	0	0	0	23	0	0	0	0	0	0	0	0	0	15	0	0	0	0	0	0	12	0	0	8	0	12	0	0	0	0	0	0	0	0	0	0	8	0	0	0	0	0	0	0	0	0	14	0	0	0	0	8	0	0	0	0	0	0	7	0	0	0	0	0	0	0	0	0	0	0	0	0	0	0	0	9	0	0	0	0	0	0	0	0	0	0	0	0	0	0	0	0	0	0	10	0	8	8	27	0	0	0	0	0	0	0	0	0	10	17	0	0	0	0	0	0	18	0	10	0	0	10	0	0	0	0	0	0	0	0	14	0	0	0	14	12	0	0	10	0	0	0	0	0	0	0	0	0	0	0	0	0	0	0	0	0	0	0	0	0	0	0	0	0	0	0	0	0	0	0	9	0	0	0	0	0	0	0	0	0	0	0	0	0	0	0	0	0	0	0	0	14	0	0	0	0	0	0	0	0	17	0	0	0	0	0	17	0	0	0	0	0	0	0	0	13	0	0	0	0	0	0	0	0	13	0	0	0	0	0	0	0	0	0	0	0	0	0	0	0	0	0	0	0	0	0	0	0	0	9	14	0	0	0	0	0	11	0	0	0	0	0	0	0	0	33	0	0	0	0	0	0	0	0	0	0	0	0	0	0	0	0	5	0	0	0	0	16	0	0	0	0	0	0	0	0	0	9	0	0	0	0	0	0	0	0	0	0	0	0	0
14	0	0	0	0	0	0	0	0	0	0	0	0	0	0	0	0	14	0	0	0	13	0	0	0	11	11	0	0	0	0	0	0	0	0	0	0	0	0	0	7	0	7	0	0	0	0	0	0	0	0	0	0	0	0	0	0	0	0	0	0	13	0	0	0	0	0	0	0	0	0	0	12	0	0	15	0	0	14	5	0	0	0	0	8	14	0	0	6	0	0	0	0	0	11	0	0	15	0	0	0	0	0	0	0	0	0	0	0	0	0	0	0	0	0	0	0	0	0	0	0	12	0	0	0	0	0	0	0	0	15	0	0	14	16	9	0	0	12	0	0	0	0	8	0	0	0	0	0	0	0	0	0	0	0	18	11	0	0	0	0	0	0	0	0	0	0	25	7	0	0	2	0	0	0	0	0	0	0	8	0	0	0	0	0	0	0	0	0	0	0	0	0	0	0	15	0	0	0	0	0	0	0	0	29	7	0	0	0	0	0	0	0	0	0	0	0	0	0	0	16	11	0	0	0	0	16	0	0	0	0	0	0	10	0	0	16	0	0	0	0	0	0	0	0	6	0	0	0	0	0	0	13	0	0	0	0	0	0	0	0	0	0	0	0	0	11	0	0	0	0	0	0	18	0	0	0	0	23	14	0	0	0	12	0	0	0	0	0	0	0	0	0	11	0	0	11	0	0	8	0	0	0	0	0	0	0	0	15	30	0	14	0	0	0	0	0	0	0	0	0	13	13	0	0	0	13	16	0	0	0	15	0	0	0	0	0	0	0	0	0	0	0	0	0	0	0	0	0	0	0	0	0	0	0	0	0	0	0	0	0	12	16	0	0	0	0	9	0	11	0	15	0	0	0	0	0	0	0	0	0	0	0	0	0	0	12	0	0	0	0	0	16	0	11	0	0	0	0	16	13	0	0	18	0	0	15	0	0	0	0	0	0	0	0	0	0	0	0	0	0	0	0	0	0	0	0	0	0	12	13	0	0	0	0	0	0	0	0	0	0	0	0	0	0	0	0	0	0	0	0	0	0	0	0	0	0	0	0	0	0	0	0	0	0	0	0	0	0	0	0	0	0	0	0	11	0	0	0	0	0	0	0	0	0	0	0	0	0	0	0	0	0	0	0	0	0	0	16	0	13	0	0	0	0	0	0	0	0	0	0	0
0	0	0	0	0	0	0	0	0	0	0	0	0	15	0	0	0	0	0	0	0	10	0	0	0	0	0	0	0	14	17	0	0	0	0	0	0	13	0	0	0	0	0	10	0	0	0	0	17	0	0	0	0	0	0	0	0	0	0	12	0	0	0	10	0	0	0	10	10	0	0	12	0	0	0	0	0	0	0	0	0	0	0	0	0	0	0	0	0	0	0	0	15	0	0	0	0	0	0	0	15	0	0	0	0	10	0	0	18	15	13	0	0	0	0	0	0	0	0	0	6	8	0	0	0	0	0	0	0	9	6	0	17	11	0	0	0	0	0	0	0	0	8	14	5	0	0	0	0	0	0	0	0	10	10	0	0	0	0	0	0	12	0	0	9	0	0	0	0	0	0	0	0	0	9	0	0	0	0	14	0	0	0	13	10	5	14	0	0	0	14	0	9	0	0	0	0	0	0	0	13	4	0	0	16	0	0	0	0	0	0	0	0	0	0	0	24	0	0	0	0	0	0	0	0	0	0	0	0	20	0	0	0	0	8	0	0	0	0	0	0	0	0	0	0	11	0	0	0	0	0	0	16	9	0	0	0	0	0	0	10	0	0	0	0	9	31	0	0	0	0	0	0	0	0	0	0	16	8	0	0	0	0	0	0	0	0	0	0	0	0	11	0	0	0	0	0	0	8	0	0	0	0	0	0	0	0	0	16	0	0	9	0	0	0	0	0	0	0	11	9	0	0	0	0	0	11	0	0	0	0	0	0	0	0	0	0	0	0	0	8	0	0	0	0	0	0	0	0	0	0	0	0	0	0	17	0	0	0	11	16	0	12	0	0	0	0	15	0	0	0	0	0	0	0	6	0	0	19	0	0	0	0	0	0	0	0	0	12	0	0	0	0	0	0	0	0	12	19	7	0	13	0	18	0	0	0	0	15	0	0	0	0	0	0	0	0	0	0	0	0	0	0	0	11	0	0	0	10	0	0	0	0	0	0	0	11	14	15	0	0	0	0	0	0	0	0	0	0	0	0	0	0	0	0	7	15	0	0	0	6	0	0	0	0	0	0	0	0	0	0	0	0	0	0	12	0	0	0	0	0	0	0	0	0	0	0	0	0	0	17	0	0	0	0	0	0	0	0	0	0	0	0	0	0	0	0	16	10	0	0	0
0	0	0	0	9	0	0	15	0	0	0	0	0	0	0	0	0	0	0	0	0	0	0	0	0	0	0	0	0	0	0	0	0	0	0	0	0	0	6	0	0	0	0	0	4	0	0	0	10	4	0	0	0	0	0	15	0	0	0	10	0	0	0	13	23	0	0	0	0	8	0	9	0	0	0	0	0	9	0	0	0	0	0	0	12	0	0	0	0	0	0	0	0	0	0	0	15	0	0	0	0	6	15	8	11	0	0	23	14	0	16	14	0	0	0	0	0	0	0	0	14	0	0	29	14	0	0	0	0	0	11	14	0	0	0	15	0	0	0	0	0	0	0	0	0	16	0	0	0	0	12	0	0	0	15	0	0	0	0	0	6	0	0	0	5	0	0	15	13	0	0	0	0	0	0	0	0	0	0	0	0	6	0	0	27	13	0	0	0	0	0	0	0	0	0	0	0	0	11	0	7	0	0	0	23	14	0	0	0	0	0	8	0	0	0	0	9	0	0	0	0	0	0	0	0	0	0	9	0	0	0	0	0	0	0	0	0	0	0	15	0	0	0	0	0	0	0	0	0	0	0	0	0	0	18	15	16	0	0	0	0	0	12	0	0	0	0	0	0	0	0	0	0	0	12	0	0	0	0	0	0	0	0	0	0	0	0	0	0	12	9	0	0	0	0	0	0	0	0	10	0	0	0	0	0	0	6	25	16	0	0	0	0	0	0	13	13	0	0	9	9	0	0	0	0	0	0	0	0	0	11	12	16	0	0	8	0	0	6	14	0	0	9	0	0	0	0	0	0	0	0	0	0	0	0	0	0	0	0	0	0	0	16	0	0	0	0	0	0	0	34	0	0	0	0	0	0	0	0	0	0	0	0	19	0	0	0	10	0	0	0	0	0	14	0	0	15	19	11	11	0	12	0	0	0	0	0	0	8	0	0	0	0	0	0	18	0	0	0	0	0	0	0	0	16	0	0	0	0	0	0	0	0	0	0	15	17	15	0	0	0	0	0	0	0	0	0	11	0	0	0	0	0	0	0	0	12	0	0	0	0	0	0	0	0	0	0	0	0	0	0	0	0	0	9	0	0	0	0	0	0	0	0	0	0	0	0	0	0	0	0	0	0	0	11	0	0	0	0	0	0	0	0	0	0	0	0	0	0	0	0	0
0	0	0	0	0	0	0	0	0	0	0	0	0	0	0	0	0	0	0	14	9	0	11	0	0	0	0	0	0	0	0	0	0	0	0	7	0	0	0	0	0	0	0	15	0	5	0	0	0	0	0	0	0	0	0	0	0	0	14	0	13	9	0	0	0	0	0	0	0	11	0	0	0	7	0	0	0	0	0	0	0	0	0	0	0	0	0	0	0	0	0	0	0	0	0	0	0	0	0	0	0	0	0	0	0	0	0	0	0	0	40	24	0	0	12	13	0	0	0	0	0	16	0	0	0	0	0	0	0	16	10	0	0	0	0	10	9	0	0	0	0	0	0	0	0	0	0	0	0	0	17	9	0	0	0	0	0	0	0	0	0	0	0	0	10	0	0	0	0	0	0	5	13	0	0	0	0	0	10	0	0	0	0	20	9	0	0	10	0	0	0	0	0	11	5	0	0	6	15	0	0	0	0	0	0	0	0	0	0	0	0	7	0	0	0	0	0	0	16	0	0	0	0	0	0	8	0	0	0	0	0	0	0	0	8	0	0	8	11	0	0	0	0	0	0	10	0	0	3	0	0	0	0	17	25	0	12	0	10	0	0	0	12	0	0	0	15	0	0	0	0	0	0	0	0	11	0	0	0	0	0	0	0	0	0	0	0	0	0	9	8	0	0	0	0	0	0	0	13	0	0	0	0	0	16	0	12	36	21	0	0	6	0	0	0	0	0	0	0	0	0	0	0	0	0	0	0	0	11	0	0	0	0	0	0	15	6	0	0	0	0	0	0	0	0	0	0	0	0	7	7	0	0	0	0	0	0	0	15	0	0	0	0	0	0	0	0	0	0	16	0	0	0	0	9	0	0	0	0	0	0	0	0	10	0	0	0	0	0	0	0	0	0	0	10	17	11	0	0	0	0	0	0	0	0	16	0	0	0	0	0	0	0	0	0	9	0	0	0	0	0	0	0	0	0	0	10	0	0	0	0	0	0	0	10	21	16	0	0	0	0	0	0	0	0	0	0	0	0	0	0	0	0	0	0	0	0	0	0	0	13	0	0	27	0	0	0	0	0	0	0	0	0	0	0	17	0	0	0	0	0	0	8	9	0	0	0	0	0	0	0	0	0	17	0	0	11	0	0	0	0	0	9	0	0	0	0	0	0	0	0	0
0	0	15	24	12	0	0	0	0	0	0	0	0	0	13	11	0	0	0	0	0	0	0	0	0	0	0	0	0	0	0	0	0	0	0	0	0	0	0	0	0	14	0	0	0	0	0	0	0	0	0	0	0	0	0	0	0	12	0	0	0	0	0	0	0	0	0	0	0	0	0	0	0	0	0	0	0	0	0	0	0	0	0	5	0	0	0	0	0	0	0	0	0	0	0	0	0	0	0	0	0	0	0	0	0	0	0	0	14	0	8	25	0	0	0	0	0	0	0	0	0	0	0	0	7	0	0	12	14	0	0	0	0	0	0	0	0	0	0	0	0	0	0	16	0	0	0	0	0	0	0	0	0	0	0	0	0	0	0	0	0	0	9	14	0	0	24	0	0	0	0	0	0	0	0	0	0	0	0	0	0	0	0	0	0	0	5	10	8	0	0	0	0	0	0	0	0	0	0	11	0	0	0	0	0	0	0	0	0	0	0	0	0	0	0	0	14	10	9	0	0	0	0	0	0	0	0	0	0	0	0	0	0	0	0	0	0	0	0	0	0	0	22	0	0	0	0	0	0	0	0	0	0	0	0	0	13	0	0	0	0	0	0	0	17	0	0	0	0	18	0	0	0	0	0	17	0	0	0	0	0	0	0	0	0	0	0	11	0	0	10	0	11	0	0	0	0	0	0	0	0	0	0	0	0	0	0	13	4	0	0	11	0	0	0	0	0	0	0	0	0	0	10	0	0	0	0	0	0	0	0	0	0	0	0	0	0	0	0	0	0	0	0	0	0	0	16	0	0	0	0	0	0	0	0	0	0	0	0	0	0	0	0	0	0	0	0	0	0	0	0	0	0	0	14	0	0	0	0	0	0	0	0	0	0	0	0	0	0	0	0	0	0	14	15	0	0	17	0	0	0	0	0	0	0	8	0	0	0	11	15	18	0	0	0	14	0	0	0	0	0	0	0	0	0	0	11	0	0	0	0	0	0	3	20	15	0	0	0	0	0	0	0	0	0	0	0	0	0	0	0	0	0	0	0	0	0	0	0	0	0	0	0	17	0	0	0	0	0	0	0	0	0	0	0	0	0	0	0	0	0	0	0	0	0	16	0	0	0	0	0	0	0	0	0	9	0	12	0	0	0	7	8	0	0	16	0	0	0	0	0	4
0	0	16	14	0	0	0	0	0	0	0	0	0	0	0	0	0	0	0	0	0	0	0	0	0	4	0	0	0	0	0	0	0	0	0	0	0	0	0	0	0	0	0	0	0	0	0	0	15	0	0	0	0	0	0	0	0	11	0	0	0	0	0	0	0	0	0	0	0	0	0	0	0	0	0	0	0	0	0	14	0	0	9	10	0	0	15	0	0	0	0	11	13	0	0	0	0	0	0	0	0	9	0	0	0	0	0	0	0	0	0	0	0	0	0	0	0	0	0	0	0	0	0	0	0	0	16	14	0	0	0	0	0	0	0	0	0	0	0	0	0	0	31	0	0	0	0	0	0	0	0	0	9	0	0	0	0	0	0	0	0	0	0	0	0	0	0	0	12	0	0	0	0	0	0	0	0	0	15	0	0	0	14	0	0	0	10	0	0	0	0	0	0	0	0	0	0	0	0	0	0	16	16	0	0	0	0	0	10	0	0	0	0	0	0	0	0	0	0	0	0	0	0	0	0	0	0	0	0	0	0	0	0	0	0	0	0	0	0	0	0	0	13	16	0	0	0	0	0	16	15	0	0	9	0	8	4	0	0	0	0	0	0	0	7	0	0	0	0	8	0	0	8	23	0	0	0	0	0	0	0	12	0	0	0	0	17	0	11	0	0	0	0	0	0	0	0	0	0	0	16	0	0	0	0	0	0	11	17	0	0	0	0	0	0	0	0	0	0	12	0	0	14	0	0	0	0	0	0	0	0	0	0	0	15	0	0	0	8	17	18	27	0	0	0	0	0	0	0	0	0	0	0	0	0	0	0	0	0	0	0	0	0	0	0	0	0	0	0	0	0	0	10	0	0	0	0	0	0	0	0	0	0	0	0	0	0	17	0	0	0	0	0	0	0	0	0	0	0	0	0	0	0	0	0	0	0	0	0	0	0	0	0	0	0	0	0	0	0	0	0	0	0	3	0	0	0	0	0	0	0	0	10	26	15	0	0	0	0	0	16	0	0	0	0	0	0	0	0	0	0	0	0	16	0	0	0	0	16	0	0	0	0	0	0	0	0	0	0	0	0	0	0	0	0	0	0	0	0	15	0	0	0	0	0	8	0	0	0	0	17	0	0	0	0	0	0	12	0	0	0	0	0	0	0	0	0	0	0	10	16	0
0	0	0	0	0	0	0	0	0	0	0	0	0	0	0	0	9	13	0	0	0	0	0	0	0	14	0	0	0	0	0	0	14	0	0	0	0	0	0	0	0	0	0	0	0	0	0	0	0	0	0	0	0	0	0	0	0	0	0	0	0	0	10	0	0	26	0	0	0	0	0	0	0	0	0	0	0	0	0	0	13	0	0	0	0	0	0	0	0	0	0	0	0	0	5	0	0	0	0	0	10	0	0	0	0	0	0	0	15	0	0	0	0	0	0	0	0	0	0	0	0	17	0	0	0	0	8	0	0	0	0	0	0	0	0	0	0	0	0	0	0	0	6	0	0	0	0	9	0	0	0	0	0	0	0	0	12	12	0	0	0	0	0	0	0	0	0	0	7	0	0	5	0	0	0	0	0	18	0	0	0	0	0	0	0	0	0	0	0	0	0	0	0	0	0	21	0	0	0	0	0	15	0	0	11	0	0	0	24	0	0	0	0	0	0	0	0	12	13	0	0	0	0	0	0	0	0	0	0	0	0	0	0	0	0	0	0	15	0	0	26	0	0	0	0	0	0	0	0	0	0	0	10	0	0	10	0	0	0	0	0	0	0	0	0	0	0	0	0	0	0	0	0	13	0	0	0	10	0	0	0	0	0	9	0	0	0	0	0	0	17	11	0	0	0	0	0	0	0	0	0	0	0	0	8	0	7	4	0	0	0	0	0	0	0	0	10	0	0	11	0	0	0	0	0	0	0	0	0	14	0	0	11	0	0	0	0	0	0	0	19	13	0	0	10	12	0	0	0	0	0	0	0	0	0	0	0	0	0	0	0	0	0	0	0	0	0	0	0	0	0	0	15	0	0	0	0	0	0	0	0	0	0	0	0	0	0	0	0	0	0	0	0	18	0	0	0	0	0	0	0	0	0	0	0	0	0	7	0	0	0	0	0	0	0	0	0	0	0	0	0	0	0	16	0	0	0	0	0	0	0	0	18	18	0	0	14	7	0	0	0	0	0	0	0	0	0	0	0	0	0	0	23	11	0	0	0	0	0	0	0	0	0	9	0	0	0	0	0	10	11	0	0	0	0	0	0	0	0	0	0	0	0	0	0	0	0	0	0	0	0	0	0	0	0	0	12	0	0	0	0	2	26	0	0	0	0	0	0	0	0	0
0	0	0	0	0	0	0	0	0	0	0	0	5	0	0	0	0	0	38	16	0	0	0	0	0	0	0	0	0	14	0	0	0	0	0	0	0	0	0	0	10	0	0	0	7	0	0	0	0	0	0	0	0	0	0	0	0	0	0	0	0	0	10	0	0	0	0	0	0	0	0	0	0	0	0	0	13	0	0	0	0	0	0	0	0	0	0	0	0	0	0	0	0	0	15	0	0	0	0	3	0	0	0	0	0	0	0	0	8	9	0	0	0	0	0	0	0	13	0	0	0	0	0	0	0	0	7	0	0	0	0	0	0	0	0	0	0	0	0	0	0	0	0	0	0	0	0	0	0	0	3	9	0	0	0	0	0	0	0	0	0	0	0	0	0	0	0	0	0	0	0	0	0	0	0	0	0	0	0	0	0	0	26	0	0	9	0	0	0	14	9	0	8	0	0	0	0	0	0	0	0	0	0	0	30	0	0	0	9	12	0	10	0	0	0	0	0	0	0	0	25	0	0	0	5	11	0	0	0	0	0	0	0	0	8	9	0	0	0	0	0	0	0	13	0	0	0	9	0	0	0	20	0	0	0	0	6	0	0	0	0	0	0	0	0	0	0	0	0	0	0	0	0	0	0	0	0	12	0	0	0	0	0	7	0	0	0	0	0	0	0	10	0	0	0	0	0	0	0	0	0	0	0	0	0	0	0	0	0	0	0	0	7	0	0	0	0	0	0	0	0	0	0	0	0	0	0	0	0	7	0	10	16	0	0	0	0	0	0	0	15	14	0	0	0	9	0	0	0	0	0	0	0	17	4	0	0	6	0	0	0	0	0	0	12	0	17	0	0	0	0	0	0	0	0	0	0	0	0	0	0	0	0	0	0	0	0	0	0	0	0	0	0	0	0	19	0	0	10	0	0	0	0	0	0	0	0	8	16	0	0	0	0	0	0	0	0	0	0	0	0	0	0	0	0	0	0	0	0	0	11	18	15	0	0	21	26	12	15	0	0	0	0	0	0	0	0	0	0	0	0	0	16	0	0	0	0	0	0	0	0	0	0	0	0	0	0	0	0	0	0	0	0	0	0	0	0	0	0	0	0	0	0	0	13	0	0	0	0	0	8	14	0	0	0	0	31	0	0	18	0	0	0	0	0	0	0	0	0	0	0	0
0	0	0	0	0	0	0	0	0	0	0	0	0	0	0	0	10	0	25	20	0	0	0	0	0	0	0	0	0	14	0	0	0	5	14	0	0	0	0	0	0	0	0	0	0	0	0	15	0	0	0	0	16	0	0	0	0	0	0	0	0	0	0	0	0	0	0	0	0	0	0	0	0	0	0	0	0	0	0	0	0	0	0	0	0	0	0	15	0	0	0	0	0	0	0	0	0	0	0	0	0	0	0	0	0	0	0	0	0	0	0	0	0	0	0	0	0	14	0	0	0	0	0	0	0	5	10	0	0	0	0	0	0	0	0	0	0	0	13	0	0	0	0	10	0	0	0	0	7	0	0	0	0	0	11	10	0	0	0	0	0	0	0	0	0	0	0	0	0	0	0	15	0	0	0	0	0	0	0	0	0	0	0	15	0	0	0	18	0	0	0	0	0	0	0	0	0	0	0	0	0	0	0	0	0	0	0	0	6	12	0	16	0	0	14	0	0	0	0	0	0	0	0	0	0	11	8	0	0	0	11	0	0	18	0	0	9	0	0	0	0	0	0	12	0	0	0	0	0	0	0	0	0	0	0	16	24	0	0	0	0	0	0	0	0	0	0	0	0	0	0	0	0	0	0	0	0	0	0	0	0	0	0	0	11	0	0	0	0	13	0	0	0	0	0	0	0	0	0	0	0	0	0	0	0	0	0	0	0	0	0	0	4	0	0	0	0	0	15	0	0	0	0	0	0	0	18	0	0	0	0	13	0	0	0	13	14	0	0	0	0	13	0	0	0	0	0	0	0	0	0	0	0	0	0	0	0	0	0	0	0	0	0	0	0	0	0	7	0	0	0	13	0	0	0	0	0	0	0	0	0	0	0	0	0	0	0	0	0	0	0	0	0	0	0	0	0	0	0	0	0	0	0	0	0	0	0	14	9	0	0	0	0	0	0	0	17	0	0	0	0	0	0	0	0	0	0	0	0	0	14	17	0	0	13	28	33	33	0	0	0	0	0	0	0	0	0	0	0	0	0	0	0	0	0	0	0	0	0	0	0	0	0	0	0	0	0	0	0	0	0	0	0	0	0	17	0	0	0	0	0	0	0	0	15	0	0	0	0	0	0	7	0	0	0	0	0	0	0	0	0	0	0	0	0	0	0	0	0	0	18	0
12	11	0	0	0	0	0	0	0	0	0	0	0	0	0	0	0	0	5	29	17	0	0	0	0	0	0	0	0	0	0	0	0	0	15	0	0	0	0	12	0	0	0	0	0	13	5	0	0	0	0	0	8	0	0	0	0	0	0	0	7	0	0	0	0	14	0	0	0	0	0	0	13	0	0	0	0	0	0	0	0	7	0	0	0	0	0	0	0	0	0	0	0	0	0	16	0	9	13	12	0	0	0	0	0	14	0	0	0	0	0	0	0	0	0	0	0	0	0	0	0	0	0	0	0	0	0	0	0	0	0	0	7	0	0	0	0	0	5	0	0	0	0	12	0	0	0	0	0	0	0	0	0	0	6	0	0	0	0	0	0	0	0	0	0	0	0	0	0	0	16	0	0	0	0	0	0	0	0	0	0	0	9	0	0	0	0	0	0	0	0	0	0	0	0	0	0	0	10	0	8	0	0	0	0	8	0	0	13	0	10	0	0	0	0	0	0	0	0	0	0	0	0	0	0	0	0	0	0	9	0	0	0	13	0	0	10	0	0	0	0	0	0	11	0	0	0	0	0	17	0	0	0	0	0	0	0	0	0	0	0	0	0	0	0	0	0	0	6	0	0	0	0	0	0	0	0	0	0	9	0	0	16	0	0	0	0	20	0	0	0	0	0	0	0	5	0	0	0	0	0	0	0	0	0	0	0	0	0	0	0	0	11	0	0	0	0	0	0	0	0	0	0	0	0	0	0	0	9	0	11	0	0	0	0	0	0	12	14	0	0	0	0	0	0	0	0	9	12	0	0	0	25	0	0	0	0	0	0	0	0	0	16	11	0	0	0	0	0	0	0	9	0	0	0	0	0	0	0	0	0	0	0	17	0	0	0	0	0	0	0	0	0	0	0	0	0	0	0	0	0	0	0	0	0	0	0	15	0	0	0	0	0	0	0	0	0	0	0	0	0	0	2	14	16	0	0	0	0	0	0	0	0	0	0	0	3	10	0	0	0	0	0	0	0	0	0	0	0	0	0	9	0	0	0	0	0	0	0	0	4	17	0	0	0	0	0	0	0	0	0	0	0	0	0	0	0	0	3	7	0	0	15	12	0	0	11	0	0	0	0	0	0	16	0	0	0	0	0	0	0	0	19	9	0	0	0	0	0	0	0	0
0	0	0	0	0	0	0	0	0	0	0	10	0	0	0	0	0	0	0	0	0	0	0	0	0	0	0	0	0	0	0	0	0	0	3	0	0	0	0	12	0	0	0	0	0	0	0	0	0	0	0	0	0	0	13	11	0	0	0	0	0	0	0	0	0	0	0	0	0	0	0	0	13	0	0	0	9	0	0	7	0	25	0	0	0	0	14	0	0	0	0	0	0	0	0	0	0	0	16	0	0	0	0	0	0	0	0	0	0	0	0	0	0	0	0	0	0	0	0	0	15	0	0	0	0	0	0	0	0	18	0	0	0	0	0	29	0	0	0	0	0	0	0	0	0	0	0	0	0	15	0	0	9	0	0	0	0	0	0	0	0	0	0	0	0	0	0	0	0	0	0	0	0	0	0	0	0	0	0	0	0	0	0	0	0	0	0	0	7	10	0	0	0	0	0	0	0	0	0	12	14	0	0	0	0	0	0	0	11	0	0	0	23	26	0	0	0	0	0	0	0	0	0	0	10	28	16	0	0	0	0	0	24	0	0	0	0	0	0	0	0	0	0	0	0	0	0	0	0	0	0	0	0	0	0	0	0	0	0	0	0	0	0	0	0	0	0	0	0	15	10	14	0	0	0	0	11	0	0	11	0	0	9	0	11	0	0	0	0	7	0	0	0	0	11	0	0	0	0	11	0	0	0	15	11	0	0	0	0	0	0	0	0	0	27	32	16	0	11	0	0	0	0	0	0	9	0	0	0	0	0	0	0	10	0	0	0	0	0	0	0	0	0	0	0	0	0	0	10	0	0	0	0	0	13	0	0	0	0	0	0	0	0	0	0	11	0	19	0	0	0	0	15	0	0	0	0	0	0	0	0	0	0	0	0	0	0	0	0	0	0	4	0	0	0	0	0	0	0	0	0	0	11	0	0	0	0	0	0	0	0	0	13	0	0	0	0	0	0	11	0	0	0	0	0	0	0	0	0	0	0	0	0	0	0	0	0	0	0	0	0	0	0	0	0	0	0	0	0	0	0	0	0	0	0	0	0	0	0	0	0	0	10	14	0	0	0	0	0	0	0	0	0	0	0	0	0	0	14	0	0	0	0	0	0	0	0	0	0	0	0	0	0	0	0	0	0	0	0	0	0	0	0	0	0	0	0	0	0	11	0	0
0	0	0	15	0	0	0	0	0	0	0	0	0	0	0	0	0	0	0	0	0	0	0	0	0	0	0	0	0	0	0	0	0	0	0	0	0	16	12	0	0	10	0	1	0	0	0	0	0	0	0	0	0	0	15	0	0	0	0	14	0	0	13	9	0	0	0	0	0	0	0	0	8	0	0	0	0	0	0	16	0	0	0	10	0	0	0	0	0	0	0	0	0	0	0	0	10	0	0	0	14	14	0	7	0	0	0	0	0	15	0	0	0	0	0	0	0	0	0	0	0	0	0	0	0	12	0	14	0	32	10	0	0	0	0	0	0	0	0	0	0	0	0	0	12	0	0	0	0	0	0	0	16	0	0	0	0	0	0	0	0	0	0	0	0	0	0	0	0	8	0	0	0	0	0	0	9	9	0	0	0	0	0	9	0	0	0	0	0	0	0	0	0	0	0	0	0	0	16	0	0	0	0	0	0	0	0	0	0	0	0	0	0	8	0	0	0	0	0	0	0	0	0	0	0	15	14	0	0	0	0	0	8	0	0	0	0	0	0	17	9	0	0	0	0	0	0	0	0	0	10	0	0	0	0	0	0	0	0	0	0	0	0	0	0	0	0	0	0	0	0	14	0	0	0	0	0	0	0	0	0	0	0	0	17	0	0	0	11	0	0	0	0	0	0	0	9	0	0	0	0	0	0	0	0	0	6	0	0	0	0	0	0	0	0	0	0	11	7	0	0	0	0	0	0	0	8	0	0	0	0	15	16	14	25	0	0	0	0	0	0	0	0	0	0	0	0	0	7	0	10	0	0	0	0	0	0	0	10	11	0	0	0	0	0	0	10	20	0	0	0	10	0	0	0	0	0	0	0	0	0	0	0	0	0	0	0	0	0	0	0	0	17	0	0	0	0	16	0	0	0	0	0	0	0	10	0	0	0	0	0	0	11	0	0	0	8	0	0	0	0	0	17	15	6	0	0	0	0	0	0	0	0	0	0	0	0	0	0	0	0	0	0	0	0	0	0	0	0	17	0	0	0	0	16	0	0	0	0	0	0	7	14	7	0	0	0	0	0	0	0	0	0	0	0	0	0	0	0	0	0	0	0	0	0	0	0	0	10	0	0	0	0	0	0	0	0	0	0	0	0	0	0	0	0	0	16	0	0	0	0	0
0	0	0	0	28	0	0	6	0	0	0	0	0	0	0	0	0	15	0	0	0	0	0	0	6	0	0	15	0	0	0	0	0	9	0	0	0	0	0	0	0	0	0	13	0	0	16	0	0	0	0	3	2	1	0	0	0	0	0	0	0	10	0	10	0	0	0	0	0	0	0	0	0	0	0	0	0	0	0	0	14	0	0	0	0	0	0	0	0	0	0	0	0	0	0	0	0	15	18	16	12	0	0	43	2	0	0	0	0	14	0	0	0	0	0	0	0	12	0	11	11	0	0	0	0	0	0	6	13	0	0	0	0	0	0	0	0	0	0	0	0	0	0	0	0	0	0	0	0	15	2	5	14	0	0	0	0	0	0	0	0	0	0	0	0	0	0	0	0	0	0	0	0	0	0	0	0	10	0	0	0	0	0	0	0	0	0	0	0	0	10	0	0	0	0	0	0	0	0	0	0	0	0	0	0	0	0	0	0	0	8	0	0	0	0	0	0	0	0	0	0	0	0	0	0	0	0	0	0	0	0	0	0	0	0	0	0	0	0	0	0	0	0	0	7	8	19	8	0	5	0	0	0	0	0	0	0	0	0	0	0	0	8	0	10	0	0	0	0	0	11	14	0	0	0	10	10	0	0	0	0	0	0	0	8	17	11	0	17	0	0	0	0	0	0	0	0	0	2	0	0	0	16	0	0	0	0	0	0	0	16	0	0	0	0	0	0	0	0	0	0	0	0	0	0	0	0	0	0	0	0	0	0	0	0	0	0	0	0	0	0	0	0	0	0	0	0	0	0	0	0	0	0	0	0	0	0	0	0	17	0	0	0	0	0	35	17	0	0	0	31	13	20	0	0	0	0	0	8	0	0	0	0	0	0	0	0	0	0	0	0	0	0	0	0	0	18	0	0	0	0	0	0	0	0	0	0	0	0	0	0	0	0	0	0	0	0	0	0	0	0	0	0	0	0	0	0	0	0	0	0	10	0	0	0	0	0	0	0	0	0	0	0	0	0	0	0	0	0	0	0	0	0	0	0	0	0	0	0	0	0	14	0	0	0	7	0	0	0	0	0	0	0	0	0	0	0	0	0	0	0	0	0	0	0	0	17	0	0	0	13	14	0	0	0	0	7	0	13	0	0	0	0	0	0	0	0	0	0	0	0	0
14	0	14	10	14	0	0	14	0	0	0	0	0	0	0	0	0	0	0	0	0	0	0	12	0	0	15	0	0	0	0	0	8	25	0	0	0	0	0	0	10	0	0	0	0	7	0	0	0	0	3	4	13	4	3	0	0	0	0	0	0	0	0	0	0	0	0	0	0	0	0	8	15	0	0	0	0	0	10	10	10	0	0	0	0	0	0	0	0	0	0	0	10	0	0	0	5	16	0	0	0	0	0	30	15	0	0	15	0	0	0	0	0	0	0	0	0	0	0	0	0	0	0	0	0	0	0	0	0	7	0	0	0	0	0	0	0	0	0	0	0	0	0	0	0	0	0	7	0	0	0	0	0	0	14	0	0	0	0	0	14	0	0	0	0	7	0	0	0	0	0	0	11	0	0	0	0	0	9	11	8	6	0	0	0	0	0	0	0	0	0	0	0	0	0	0	0	0	0	0	0	0	11	12	0	0	0	0	0	0	0	0	0	0	0	0	9	0	0	14	6	0	0	0	0	0	0	0	0	0	0	0	0	0	0	0	0	0	0	0	0	0	0	0	0	0	0	0	0	0	0	0	0	0	0	8	0	0	0	0	0	0	0	0	0	0	0	20	29	46	11	12	0	0	0	8	10	0	0	11	0	0	0	0	0	0	15	10	8	0	0	0	0	0	0	0	0	16	0	0	0	0	0	0	0	0	0	16	0	0	0	0	12	15	0	0	0	0	0	0	0	0	0	0	0	0	0	0	0	11	0	0	0	0	0	0	0	0	0	0	0	0	0	0	0	0	0	0	0	0	0	0	0	0	0	0	0	0	0	0	0	0	0	9	10	28	0	0	0	0	11	0	0	0	0	0	10	0	0	0	18	18	15	12	0	0	0	0	0	0	0	0	0	0	0	0	0	0	0	0	0	0	17	0	0	0	0	0	0	0	0	0	0	0	0	0	0	0	16	0	0	0	0	12	0	0	0	0	0	0	0	6	0	0	0	0	17	0	0	0	0	14	9	0	0	0	0	0	0	0	0	0	0	0	6	0	0	0	0	0	0	0	0	0	0	0	0	0	0	0	0	14	32	0	0	0	0	0	0	0	0	0	0	0	0	0	0	0	0	0	19	0	0	0	0	0	0	0	11	0	0	0	0	0	0	0	0	0	0	0	0	0
0	0	10	8	0	0	0	0	0	0	0	0	0	0	0	0	0	0	0	0	0	0	0	10	0	0	0	0	0	0	0	0	0	11	0	0	0	0	0	0	0	0	0	0	0	0	0	0	0	0	3	45	139	55	3	0	0	0	0	0	0	0	0	9	0	0	0	0	0	9	9	38	19	0	0	0	0	0	0	0	0	0	0	0	0	0	0	0	0	0	0	0	12	0	0	0	16	7	0	0	0	0	15	24	0	0	0	0	0	0	0	0	0	0	0	0	0	0	0	0	0	0	0	0	0	0	0	0	0	0	15	0	0	0	0	0	0	17	0	30	0	0	0	0	0	0	0	0	0	0	0	0	0	0	6	0	7	0	0	0	0	0	0	0	0	0	0	0	0	0	0	0	0	0	0	0	0	14	0	0	0	0	0	0	0	0	0	0	0	0	0	16	0	0	0	0	0	0	0	0	0	0	0	0	0	0	0	0	13	0	15	0	0	0	0	0	0	0	0	0	0	0	0	0	0	0	0	0	0	0	0	0	0	0	0	0	0	0	0	0	0	0	0	0	0	0	0	0	0	0	0	2	0	0	0	0	0	0	0	0	0	0	7	0	11	0	0	11	0	0	0	0	0	0	0	0	0	0	0	0	0	0	0	0	18	9	0	0	0	0	0	0	0	5	0	0	0	0	14	0	0	0	0	0	0	0	0	0	0	0	11	13	0	0	0	0	0	0	0	0	0	0	12	0	0	0	0	0	0	0	0	0	0	0	0	0	0	0	14	0	0	0	0	9	0	0	0	0	0	0	0	0	0	0	0	0	0	0	0	0	15	0	0	10	0	0	0	0	0	0	0	0	0	11	0	0	0	0	0	11	15	0	0	0	0	10	0	0	0	0	0	0	0	0	0	6	0	0	7	0	0	0	0	0	0	0	0	0	0	0	0	2	0	0	0	0	0	0	9	0	0	0	0	0	0	0	0	0	0	0	0	7	0	19	0	0	0	0	0	0	0	0	0	0	0	0	0	0	0	0	0	0	0	0	11	9	0	0	0	0	0	0	0	6	15	0	0	0	0	0	0	6	0	0	0	15	0	0	0	0	0	0	16	0	0	0	0	0	0	0	0	0	0	0	0	15	0	0	9	7	1	0	0	0	0	0	0	0	0	0	0	0
9	0	0	14	0	0	0	0	0	0	0	0	0	0	10	0	14	0	0	0	0	0	0	0	0	0	0	0	0	0	0	0	0	0	0	0	0	0	0	12	0	0	0	0	0	0	15	0	0	0	4	62	184	77	4	1	0	0	0	0	0	0	0	0	0	0	14	0	0	0	0	0	0	14	0	0	11	6	0	0	0	0	0	0	0	0	0	0	0	0	0	0	0	0	0	0	16	16	9	0	17	16	0	0	0	0	0	0	0	0	0	0	0	0	0	13	0	0	0	0	14	0	0	0	0	0	0	0	0	0	0	0	0	0	0	0	0	0	0	0	0	0	0	0	0	0	0	0	0	0	0	0	0	0	0	0	0	0	0	0	0	20	13	16	0	0	0	0	0	0	9	0	0	0	0	0	0	18	0	0	0	0	0	0	0	0	0	0	0	7	0	0	0	0	7	0	8	0	0	0	12	0	0	7	0	0	0	0	0	8	0	0	5	0	0	0	0	0	0	19	0	0	0	2	15	0	0	0	0	0	0	0	0	0	0	0	0	0	0	0	0	0	0	0	0	0	0	0	0	0	0	0	0	0	0	0	0	0	0	0	0	0	19	0	0	0	0	5	6	0	0	0	0	0	0	0	0	0	6	14	0	0	0	0	17	0	0	11	0	0	0	0	0	16	0	0	0	0	15	0	0	0	0	0	0	0	0	0	0	0	0	0	0	0	0	0	0	10	0	0	0	0	0	0	0	0	0	0	0	0	0	15	0	0	0	0	0	0	6	0	0	0	0	0	0	0	0	0	0	0	0	0	0	0	12	0	0	16	0	0	0	0	0	0	0	0	0	0	0	0	0	0	8	0	0	0	0	10	0	0	0	0	0	0	0	0	0	0	0	0	0	0	0	0	0	16	0	0	0	0	0	0	0	0	9	0	0	0	0	8	0	0	0	12	0	0	0	0	0	0	0	0	0	0	0	0	0	0	0	0	0	0	0	0	13	0	0	0	0	0	0	0	0	0	0	0	0	0	0	0	0	0	16	0	0	0	0	0	0	0	25	15	11	13	0	0	0	0	0	0	0	0	0	0	0	0	0	0	0	0	0	0	0	0	0	0	0	0	0	0	0	0	0	0	0	11	0	0	0	0	0	0	0	11	0	0	0	2	32	0	0	0
0	0	0	0	0	0	0	0	0	0	0	0	0	0	0	0	0	0	0	0	0	0	0	0	0	0	0	0	13	0	0	0	0	0	7	14	0	16	0	0	15	0	0	0	0	8	0	15	0	0	3	23	30	12	2	0	10	0	0	0	0	0	0	0	0	14	8	0	0	10	11	0	0	0	0	0	0	0	0	0	0	0	0	0	0	0	0	0	0	0	0	8	0	0	5	11	16	12	14	0	0	0	0	0	0	0	0	0	0	17	0	0	0	0	0	0	0	0	0	0	0	0	0	0	0	0	0	0	0	0	0	0	0	0	0	0	0	0	0	0	0	0	0	0	0	0	0	0	2	1	0	11	0	0	0	12	0	0	0	0	0	0	0	0	0	0	0	0	0	0	0	0	0	0	9	0	0	13	0	0	0	0	0	0	0	0	0	0	0	0	12	11	0	0	0	0	0	12	14	12	11	0	0	0	10	0	0	0	0	0	0	0	0	0	0	0	0	0	10	0	0	0	0	0	0	0	0	0	0	6	0	0	0	0	0	14	0	0	0	0	0	0	0	0	0	0	7	0	0	0	0	0	0	0	0	0	17	0	0	0	0	0	14	0	0	0	0	0	0	0	0	0	0	0	0	0	0	0	0	0	0	0	0	0	11	0	0	0	0	0	0	0	0	0	0	0	0	0	0	0	0	0	0	0	0	0	0	0	0	19	0	0	0	0	0	0	0	0	0	0	0	0	11	0	0	0	0	0	0	0	0	0	0	0	0	0	0	0	0	0	0	0	0	0	0	0	0	0	0	0	0	0	0	0	0	0	8	0	0	0	0	0	0	10	0	0	0	8	14	0	0	0	0	0	0	0	0	0	0	0	0	0	0	0	0	0	0	0	17	0	0	0	0	0	0	0	0	15	0	0	0	14	11	0	0	0	0	0	0	0	0	0	0	16	0	0	0	15	0	0	0	0	0	0	0	0	0	0	0	0	0	0	0	0	12	0	0	0	0	0	0	12	0	0	7	0	0	0	0	0	0	0	0	0	0	0	0	0	0	0	0	9	0	0	8	0	0	0	0	0	0	0	17	0	0	0	6	0	0	0	7	0	0	0	0	10	0	0	0	0	0	0	0	0	0	0	0	2	17	0	0	0	0	0	12	0	0	0	0	0	0	16
0	0	15	0	0	0	0	0	0	0	0	0	0	0	0	0	0	0	0	0	0	0	0	0	0	0	0	0	0	0	11	12	0	0	0	0	0	0	0	0	0	13	10	0	0	0	0	0	0	0	1	2	3	3	1	12	0	0	0	0	0	0	0	0	0	0	0	0	0	0	0	0	0	0	0	0	0	0	0	0	0	0	0	7	0	0	0	0	0	9	12	16	0	0	0	0	25	24	7	0	0	0	0	0	0	0	0	0	0	0	0	0	0	0	0	0	0	0	0	0	0	0	0	0	0	0	0	0	0	0	0	0	0	0	0	0	2	0	0	0	0	0	0	0	0	0	0	0	0	9	0	0	0	0	0	12	0	16	0	0	0	0	0	7	0	0	0	0	0	0	0	0	0	0	0	0	0	0	0	0	0	19	0	0	0	0	0	0	15	0	0	0	0	0	0	0	0	0	0	0	0	0	0	11	0	0	0	0	0	0	0	0	0	0	0	8	0	0	25	0	0	0	0	0	0	0	0	0	0	0	0	0	0	0	0	13	0	0	0	13	0	0	0	0	0	0	0	0	23	0	0	0	8	0	0	0	8	0	0	0	0	0	0	0	0	2	0	0	0	0	0	0	0	0	0	0	0	21	0	0	0	0	0	0	0	0	0	0	17	0	0	0	13	17	0	0	0	0	9	0	0	0	0	6	0	0	0	0	0	0	0	11	0	9	0	0	0	0	17	0	0	0	0	0	0	0	0	0	0	0	0	0	0	10	0	0	0	0	0	0	0	0	0	0	0	0	0	0	0	0	0	0	0	17	0	0	0	0	16	0	0	0	0	0	0	0	0	0	0	0	0	0	0	0	0	0	0	0	0	0	0	0	0	0	0	0	0	0	16	0	0	0	0	0	0	0	0	0	0	0	0	0	0	0	0	0	0	0	0	17	7	0	0	0	0	9	0	0	0	0	0	0	0	0	0	0	0	0	0	0	0	0	0	0	0	0	0	0	14	20	0	0	0	17	0	0	0	0	0	14	0	0	0	15	0	0	0	0	0	0	0	0	0	0	0	0	0	0	0	0	0	0	0	0	0	0	0	0	12	0	0	0	19	0	0	0	0	0	0	8	0	0	0	0	0	0	0	0	0	0	18	0	0	0	14	0	15	13	15	7	0	15
0	0	0	0	0	0	0	16	0	0	0	0	0	0	0	0	0	0	0	0	0	0	0	0	0	0	0	13	0	0	0	0	0	0	0	0	0	0	0	0	0	0	0	0	0	0	0	0	0	0	0	0	0	0	0	10	0	0	0	0	0	0	0	0	0	0	0	0	0	0	0	0	0	0	0	0	0	0	0	0	0	0	0	0	5	0	0	0	0	0	0	0	0	0	0	0	0	0	0	0	0	0	0	0	0	0	0	17	0	0	0	0	0	0	0	0	0	16	0	0	0	0	0	0	0	0	0	0	0	0	0	0	0	0	0	0	0	11	11	0	0	13	0	30	0	0	0	0	0	0	0	14	19	0	0	0	0	0	0	0	0	0	0	0	0	0	0	0	0	0	0	0	0	15	8	0	0	32	0	0	0	0	0	0	0	0	6	0	0	0	0	0	0	0	0	0	0	0	0	0	0	0	0	0	0	0	0	0	0	0	0	0	0	0	0	0	0	0	0	0	9	0	0	0	0	0	0	10	0	0	0	0	0	10	0	0	0	7	0	0	0	0	0	6	0	0	0	0	0	13	9	0	0	0	0	0	0	0	0	0	0	0	0	0	0	0	0	0	0	0	0	0	22	0	0	0	0	7	0	0	0	0	0	0	0	0	0	0	0	0	0	0	0	0	0	0	0	0	0	0	0	0	0	0	0	0	0	0	0	0	0	0	0	0	0	0	0	18	0	0	0	0	0	0	0	0	0	0	0	22	0	0	0	0	0	0	1	0	0	0	0	0	0	0	0	0	0	0	0	0	0	0	0	11	16	0	0	0	0	0	0	0	0	0	0	10	0	0	0	0	15	0	0	0	0	0	0	0	0	0	0	0	0	0	0	0	0	0	0	0	0	0	0	0	6	0	0	0	0	0	0	0	0	0	0	0	0	0	0	0	0	0	15	0	0	0	0	0	0	0	0	0	0	0	0	0	0	0	0	0	0	0	0	0	0	0	0	13	19	13	14	0	0	0	0	0	0	0	0	5	15	0	0	0	0	0	0	0	0	0	0	0	0	0	0	0	0	0	0	0	0	0	0	0	0	0	0	0	13	0	0	0	10	0	0	0	0	0	0	0	0	17	0	0	0	0	0	0	0	0	0	8	0	0	0	0	0	0	16	0	0	0
0	13	0	0	0	0	0	0	0	0	0	0	0	0	0	0	0	0	11	0	0	0	0	0	0	0	0	0	0	0	0	0	0	10	7	0	0	0	0	18	0	0	0	21	0	0	0	0	0	0	0	0	0	0	0	0	12	0	0	0	0	0	0	0	0	0	0	0	0	0	0	0	0	0	15	0	0	14	0	0	0	0	0	15	12	10	0	0	0	0	0	0	0	0	0	0	0	0	0	0	0	0	0	0	0	0	0	0	0	0	8	0	0	0	0	0	0	0	0	0	0	0	0	0	0	15	0	0	0	0	0	0	8	10	0	9	0	0	0	0	0	4	0	0	0	0	0	0	0	0	0	0	0	0	0	0	0	0	0	0	0	0	0	0	0	0	0	0	0	0	0	0	10	15	0	0	0	0	0	0	0	0	0	0	0	11	0	0	15	0	0	0	0	0	0	0	0	0	0	0	0	0	0	0	0	0	8	0	0	0	0	0	0	0	0	0	0	0	0	0	0	0	0	0	0	0	0	0	0	0	0	0	0	0	0	0	22	12	0	0	0	0	0	8	0	0	3	16	0	0	0	0	0	0	0	0	0	0	0	0	0	0	0	0	0	0	0	0	0	0	0	0	0	0	0	7	12	5	0	0	0	0	15	0	0	0	0	0	0	0	6	0	0	0	0	0	0	0	0	0	0	0	0	0	0	0	0	0	0	0	0	0	0	0	0	0	0	0	18	0	0	0	0	0	0	17	0	0	0	12	0	0	0	0	0	0	0	0	0	0	0	0	0	0	0	0	11	0	0	0	0	4	17	0	0	0	0	0	0	0	0	0	0	0	0	0	0	0	0	0	0	0	0	0	0	0	0	0	0	0	0	0	0	0	0	0	0	0	0	0	0	0	0	0	7	0	0	0	0	0	0	0	0	0	0	0	0	0	0	0	0	0	0	0	0	0	0	0	0	0	0	0	0	0	0	0	0	0	0	0	0	0	0	0	0	0	0	12	6	0	10	14	0	0	0	0	0	0	0	0	0	11	0	0	0	13	0	0	0	0	0	0	0	0	0	0	16	0	0	0	0	0	0	0	0	0	19	0	0	0	0	0	17	0	0	0	0	0	0	0	0	14	0	7	0	0	0	0	0	0	0	0	0	0	0	0	0	0	0	0	0	0
0	9	0	0	0	4	0	0	0	0	0	0	0	0	0	0	0	14	22	0	7	0	19	0	0	0	0	9	0	0	0	0	0	0	0	0	0	0	0	19	14	0	0	11	0	0	0	0	0	0	0	0	0	0	0	0	6	0	0	0	0	0	0	0	0	0	0	0	0	0	0	0	0	0	0	0	0	0	0	0	16	0	0	0	0	15	0	0	0	0	0	0	0	0	0	0	0	0	16	0	0	0	0	0	3	0	0	0	0	0	0	0	0	0	0	0	0	0	0	0	0	0	12	11	0	0	0	0	0	0	0	0	0	0	0	0	0	0	0	0	9	7	0	0	0	0	0	0	0	0	0	0	0	0	0	0	0	0	0	14	0	0	10	17	14	12	0	0	0	6	0	0	15	0	0	0	0	0	0	0	0	0	0	0	8	13	6	0	15	0	9	5	0	0	0	0	0	0	0	0	13	0	0	0	0	0	0	0	0	0	0	0	0	0	0	0	0	0	0	0	9	16	12	4	0	0	0	0	0	0	9	0	0	0	0	0	0	0	0	0	0	0	7	0	0	0	0	0	0	16	0	0	16	0	0	0	16	0	0	25	0	9	0	0	15	14	15	0	0	0	0	0	0	0	0	16	24	0	0	0	0	0	0	0	0	0	0	0	0	16	10	0	0	0	17	0	0	0	0	0	0	0	0	0	0	0	0	0	0	0	0	0	5	18	10	0	0	0	14	13	0	0	0	6	0	0	0	0	9	0	0	0	0	0	0	0	0	16	0	0	0	0	0	0	0	0	0	0	0	0	0	0	38	0	0	0	0	0	0	0	0	0	0	0	0	17	0	12	0	0	0	0	0	0	0	0	0	0	0	0	0	0	0	0	14	0	0	0	0	8	0	0	0	0	16	12	0	19	0	0	17	12	0	0	0	0	0	0	0	0	0	0	0	0	0	0	10	0	0	0	0	0	0	0	0	0	0	0	0	0	0	0	0	0	0	0	0	0	0	0	0	0	0	0	0	0	0	0	0	0	0	0	0	0	0	13	0	0	12	7	0	0	0	0	0	0	9	0	0	0	0	0	0	0	0	0	0	0	0	0	0	0	0	0	0	0	0	0	0	0	0	13	0	0	14	4	0	0	18	0	0	0	0	0	0	0	0	0	5	15	9	32
0	0	0	0	0	6	0	0	0	0	0	0	0	0	9	0	14	14	0	0	10	0	14	0	0	0	0	0	0	0	0	0	0	0	0	0	0	0	0	12	12	0	0	0	0	0	10	0	0	0	0	0	0	0	0	14	0	0	0	17	0	0	0	0	0	0	0	0	0	0	0	0	0	0	0	0	0	17	0	0	0	0	0	0	0	0	0	0	0	0	0	0	0	0	0	0	0	0	0	0	0	0	0	0	0	0	0	0	0	0	0	0	0	0	0	0	0	0	0	0	0	0	5	0	0	0	0	0	15	0	0	0	0	0	0	0	0	0	0	0	0	0	0	0	0	0	0	0	0	0	0	10	12	0	0	0	5	0	14	13	16	14	9	0	0	0	0	0	0	12	0	0	16	0	0	0	0	0	0	0	0	0	0	0	0	0	13	5	0	0	0	0	0	0	0	0	0	0	0	0	0	0	0	0	0	0	0	0	0	0	0	0	0	0	0	0	0	16	0	0	0	0	17	0	0	0	0	0	0	0	0	0	0	0	0	10	0	0	0	0	0	14	0	0	0	0	6	0	0	0	0	0	0	0	0	17	0	0	4	7	0	8	0	0	0	0	0	0	0	0	0	0	0	0	0	0	10	0	0	0	0	0	0	0	14	21	0	0	0	0	10	13	0	0	0	0	0	10	0	0	0	0	0	0	0	0	0	0	0	0	0	0	12	12	0	0	0	0	0	0	0	0	0	0	8	0	0	0	0	0	0	0	0	0	0	0	0	0	0	0	0	0	0	0	0	0	0	0	0	0	0	0	15	0	0	0	0	0	0	0	0	0	0	0	0	0	0	0	0	0	0	0	0	0	0	0	0	0	0	0	0	0	16	0	0	0	0	0	0	0	0	0	0	15	0	15	0	0	0	0	0	0	0	0	0	0	0	0	0	0	0	0	0	0	0	0	0	0	0	0	0	0	0	0	0	0	18	0	0	13	0	0	0	7	12	0	0	0	0	5	0	0	0	0	0	0	0	0	0	14	0	0	0	0	0	0	0	0	8	0	0	0	0	0	0	13	13	0	0	15	0	0	0	0	0	0	0	0	0	0	0	0	0	0	0	8	0	0	0	0	0	9	13	0	0	0	0	0	0	0	0	0	0	0	0	0	0	0	0	0	0	0
0	0	0	0	0	0	0	0	0	0	0	0	0	0	0	16	21	0	0	0	0	0	0	0	0	12	0	0	0	0	0	0	0	0	0	0	0	0	0	0	0	0	12	0	0	0	0	0	0	0	0	0	0	0	0	0	0	8	0	0	0	0	0	0	0	0	0	0	0	0	0	0	0	0	14	0	0	0	0	0	0	0	0	0	0	0	0	0	0	0	0	0	0	0	0	16	0	0	0	0	0	0	0	0	0	0	0	0	0	0	0	0	0	0	0	0	0	0	0	0	0	0	12	0	0	0	0	0	0	0	0	0	15	0	0	0	15	0	0	0	0	0	0	0	0	0	8	0	0	0	0	0	0	0	10	0	13	16	15	9	0	17	0	0	0	0	8	10	0	0	0	11	28	0	7	0	0	0	0	0	0	0	0	0	0	0	14	0	0	0	0	10	14	0	0	0	0	0	0	0	0	0	2	0	16	0	0	0	0	15	0	0	0	0	17	9	0	0	0	0	0	0	8	10	0	0	0	0	0	0	0	0	0	0	0	0	0	0	0	0	9	0	0	0	0	10	0	9	0	0	0	0	0	0	0	0	8	0	0	0	0	11	17	0	0	0	0	0	0	0	0	9	0	0	0	16	0	0	0	11	15	0	0	5	0	0	0	0	0	0	0	6	6	0	0	17	0	0	0	0	0	0	0	0	0	0	0	0	0	0	0	0	0	0	0	0	0	0	0	0	0	0	0	0	0	0	0	0	0	0	0	0	0	0	0	0	0	8	0	0	0	0	0	0	0	0	0	0	0	0	0	0	9	0	0	0	0	0	0	0	0	0	0	0	0	0	0	0	0	0	14	0	0	0	0	0	0	0	0	0	0	0	9	0	0	9	0	0	0	0	0	0	0	0	0	0	11	0	0	0	0	0	0	0	0	0	0	0	0	0	0	0	0	0	0	0	0	0	0	0	0	7	0	0	0	0	0	0	0	0	0	0	0	0	9	0	14	14	7	8	0	0	0	0	10	16	0	0	0	0	0	0	0	0	0	0	0	0	0	0	12	0	0	0	0	0	0	0	0	0	17	12	0	0	0	0	0	0	0	0	0	5	0	0	0	0	0	0	0	25	11	0	0	0	0	0	0	0	0	0	0	0	0	0	0	0	0	0	0	0	0	0
0	0	0	0	0	0	0	5	13	0	0	0	0	0	12	22	0	0	0	0	0	0	0	0	0	0	0	0	0	0	0	0	0	0	0	15	0	0	0	0	0	0	0	0	0	0	0	12	0	0	0	0	0	0	0	14	0	0	0	0	0	0	0	0	0	0	17	0	0	0	0	0	0	21	0	0	0	0	0	0	9	0	9	8	0	0	0	0	0	0	0	0	0	0	0	0	10	17	0	0	14	0	0	0	0	8	0	0	13	9	0	0	0	0	0	0	0	0	0	8	0	0	16	0	0	0	0	0	0	0	0	0	0	0	0	0	0	0	0	0	0	0	0	0	0	0	0	0	0	0	11	0	0	0	0	0	0	0	0	0	0	0	6	0	0	9	0	9	0	0	0	0	0	0	0	0	0	8	0	0	0	10	9	0	0	0	7	0	0	0	0	0	0	0	0	15	0	9	0	0	0	0	0	0	0	0	0	0	0	0	0	0	10	0	0	0	0	0	0	0	0	13	12	0	0	0	0	0	0	0	0	0	0	0	0	0	0	11	10	0	0	0	16	0	0	0	0	0	0	0	0	0	0	0	0	0	0	0	0	0	0	0	0	0	0	0	0	0	0	0	0	0	15	0	0	15	0	0	0	0	11	0	0	0	0	0	0	0	0	18	0	0	5	0	0	0	0	0	0	0	0	0	0	0	0	0	0	11	0	0	0	0	0	0	0	0	0	0	0	0	0	0	17	0	0	17	0	0	0	0	0	0	0	0	0	0	5	23	0	0	0	0	0	18	0	0	0	0	0	0	0	0	0	0	0	0	16	0	0	0	0	0	0	0	0	0	0	0	0	0	0	0	0	0	0	0	0	0	0	0	0	0	0	0	0	17	0	0	0	0	0	0	0	0	0	0	0	0	0	0	0	0	0	0	0	0	15	12	0	15	0	0	0	0	0	0	18	0	0	0	0	0	0	0	0	0	0	0	0	0	0	0	0	0	0	8	0	0	16	15	22	15	15	0	0	0	0	0	8	0	0	0	0	0	0	0	0	0	0	0	0	0	0	0	0	0	0	0	0	0	0	0	0	10	0	0	0	0	11	0	0	11	0	0	0	0	0	0	0	7	0	0	0	0	0	0	0	0	0	0	0	0	0	0	0	0	19	0	0	0	0	0
15	0	0	0	0	0	0	0	0	0	0	0	9	0	0	10	0	0	0	0	0	0	0	0	0	0	0	0	0	0	0	0	0	15	0	0	0	0	0	13	10	0	0	0	8	0	8	0	0	0	0	0	0	0	0	0	0	0	0	0	0	0	0	15	15	0	0	0	0	0	0	0	0	14	0	0	0	0	0	0	0	0	6	0	0	0	0	0	0	12	0	0	0	0	0	0	0	0	0	0	0	0	0	0	0	0	0	0	17	14	17	14	0	0	0	7	0	0	0	0	9	14	0	0	0	0	0	0	9	0	0	0	0	15	0	16	0	0	0	0	0	0	0	0	0	0	0	0	0	0	13	0	0	0	0	21	0	0	0	0	11	0	0	0	14	0	0	10	0	0	0	0	6	0	10	0	0	0	0	0	0	12	0	0	0	0	0	0	0	0	0	0	0	0	0	0	0	0	0	0	0	0	0	0	0	0	0	16	10	0	15	8	0	0	0	0	0	0	0	0	10	0	0	0	0	0	0	0	0	15	18	0	0	0	0	0	0	0	0	0	0	10	0	0	8	0	0	0	0	0	0	0	0	0	0	0	0	14	0	0	0	0	0	0	0	0	0	0	0	0	0	0	0	0	11	13	12	0	0	0	0	0	0	0	0	0	0	0	0	0	0	0	7	0	0	0	0	0	0	0	0	0	0	0	0	9	0	0	0	0	27	0	0	0	0	0	0	16	0	0	0	0	0	9	0	0	0	0	0	0	0	0	0	0	0	0	0	0	0	0	0	0	0	6	0	0	0	0	9	0	0	0	0	0	0	0	0	0	0	0	0	0	0	9	0	0	0	0	0	0	0	0	0	0	0	0	0	13	9	0	0	17	16	0	0	0	0	12	0	11	15	0	0	0	0	0	0	0	0	0	0	0	0	0	0	0	6	13	0	0	0	0	0	0	0	0	9	6	15	0	0	0	0	0	0	0	0	0	0	0	0	0	0	0	0	4	0	0	0	0	0	0	8	14	16	31	17	23	15	0	0	0	0	0	0	0	0	0	0	0	0	0	0	0	0	0	0	0	0	0	0	0	0	0	0	0	0	11	0	0	0	6	0	0	0	0	0	0	0	0	0	0	17	0	0	0	0	0	0	0	0	0	0	0	0	0	0	0	0	19	0	0
0	0	0	0	0	0	0	0	0	0	0	0	0	0	0	0	0	0	0	0	0	0	0	0	0	0	0	0	0	0	0	0	9	0	0	0	0	0	0	0	0	0	14	0	13	0	0	0	0	0	0	0	0	0	0	0	0	0	0	0	0	0	0	0	14	11	0	0	0	0	14	0	0	0	0	6	14	0	0	10	0	0	0	0	0	0	0	0	0	0	0	0	0	0	0	0	0	0	0	0	0	15	0	0	0	0	0	0	0	0	0	10	16	14	12	0	0	9	0	0	13	27	13	0	0	0	0	0	9	12	0	0	0	0	0	0	0	0	0	0	0	0	0	0	0	0	0	0	0	0	0	0	15	0	0	0	0	0	0	0	0	0	0	0	0	0	0	0	0	0	0	0	0	0	0	9	11	40	7	0	0	0	0	0	0	0	0	9	0	0	0	0	0	0	7	13	0	10	0	0	0	0	10	0	0	9	0	0	15	0	6	0	0	0	0	0	0	0	0	0	0	0	0	0	0	0	0	0	0	0	0	0	0	0	14	0	0	0	10	0	15	5	0	11	0	0	0	0	0	0	0	0	0	0	0	0	0	18	0	0	9	7	9	0	0	0	0	0	0	0	0	8	0	0	0	0	0	11	0	0	0	0	16	0	0	0	0	0	0	10	0	0	5	0	0	10	0	10	0	0	3	2	0	0	0	9	0	0	0	0	0	0	0	0	0	0	0	0	0	0	0	0	0	0	0	0	0	7	0	10	0	0	0	0	0	0	0	0	0	0	0	0	0	0	0	0	0	0	15	0	0	0	0	0	0	0	0	10	0	11	0	0	0	0	0	0	0	0	0	0	0	0	0	0	0	0	0	0	0	0	0	0	16	0	0	0	0	14	0	17	0	0	0	0	0	0	0	0	0	0	11	0	0	0	0	0	0	0	0	0	15	0	0	0	0	0	0	0	0	0	0	0	0	0	0	9	0	0	0	0	0	0	0	0	0	0	0	0	0	0	0	0	0	0	0	0	1	17	15	16	14	0	0	0	0	0	0	0	0	0	0	0	0	0	0	0	0	3	0	0	0	0	0	0	0	0	0	13	0	0	0	0	0	0	29	0	0	3	0	0	10	0	0	16	0	0	11	0	0	0	0	10	0	0	0	0	0	0	0	0	0	0
0	0	0	0	0	0	0	0	15	4	0	0	0	0	0	0	0	0	0	0	0	0	0	0	0	0	0	0	0	0	0	0	0	0	0	0	0	0	13	13	7	0	0	0	0	0	0	0	0	0	0	10	0	0	0	0	0	0	0	0	0	7	0	0	0	0	0	0	0	0	0	0	0	0	0	0	0	11	0	0	0	0	0	0	0	0	0	0	0	0	0	0	0	0	0	0	0	0	0	0	0	0	0	0	0	0	0	0	0	0	0	0	0	0	14	0	0	9	0	0	0	0	12	15	15	27	9	0	0	0	0	0	0	0	0	0	0	0	0	0	0	0	0	0	0	0	0	0	0	0	0	10	14	0	0	0	15	0	0	0	0	0	5	0	0	0	0	0	12	0	0	0	11	0	0	0	0	11	0	0	0	0	0	0	0	0	0	0	0	0	0	12	0	0	0	0	20	24	0	0	8	0	0	0	0	0	0	0	6	0	0	0	0	11	0	0	0	5	0	13	0	0	0	0	0	0	0	0	0	13	0	0	0	0	13	15	0	0	0	0	0	0	0	0	0	0	0	0	0	0	0	0	0	0	0	0	0	0	0	0	0	0	12	0	0	0	0	0	7	0	0	0	0	0	0	9	0	0	0	0	0	0	11	0	0	27	0	0	9	0	0	0	0	0	0	0	0	0	0	0	0	0	17	0	0	0	0	0	0	28	10	0	0	0	0	0	0	0	0	0	0	0	0	0	0	0	0	0	0	13	0	0	0	0	0	0	26	0	0	0	0	10	0	0	0	0	0	0	0	0	0	0	0	0	0	0	0	0	0	0	0	0	0	0	0	0	0	0	0	0	0	0	0	0	0	0	17	0	0	0	0	0	0	0	13	14	0	0	0	0	0	0	0	0	0	0	7	0	0	0	0	0	0	0	0	0	0	0	0	0	0	0	0	0	0	0	0	0	0	0	0	0	0	0	0	0	0	13	0	0	0	2	0	0	0	0	8	10	0	0	0	0	0	0	0	0	0	0	0	0	0	0	0	0	0	0	0	0	0	0	0	0	0	0	0	0	0	0	0	0	0	0	0	0	0	0	0	0	0	10	0	0	0	0	16	0	0	0	0	0	0	0	0	0	0	0	0	0	0	0	0	0	0	0	0	0	0	0	0	0	0	0
0	0	0	0	0	0	0	8	0	0	0	0	0	0	0	0	0	0	0	0	0	0	0	0	0	0	0	0	0	0	0	0	0	0	0	0	0	0	0	0	0	0	0	0	0	0	0	0	0	0	0	0	0	0	0	0	0	0	0	0	0	0	0	0	0	0	0	0	0	0	0	0	0	0	0	0	16	13	0	0	0	0	0	0	13	0	0	0	0	0	0	0	0	0	0	0	0	0	17	0	0	0	0	0	9	0	0	0	0	0	0	14	0	0	0	0	0	0	0	0	0	0	0	0	0	24	14	26	0	0	0	0	0	0	0	0	0	0	0	0	0	0	0	0	0	0	0	0	0	0	0	0	0	0	0	11	0	0	0	0	0	0	0	0	6	16	13	10	0	0	0	0	8	0	0	0	14	10	5	0	0	0	0	0	0	0	0	0	0	0	0	12	0	0	0	0	0	0	0	0	0	0	0	0	9	0	0	0	0	0	0	0	0	0	0	0	7	0	0	9	0	0	0	7	0	0	0	0	0	0	0	0	0	0	0	10	0	0	0	0	0	0	0	0	0	0	0	0	0	0	0	16	0	8	0	0	12	0	0	10	0	0	0	0	0	0	0	0	0	0	0	0	0	0	0	0	0	0	0	0	0	0	0	0	0	0	0	0	0	0	17	0	0	0	0	0	0	0	0	0	0	0	0	0	0	0	0	0	0	0	0	0	0	0	16	9	0	0	0	11	0	10	0	0	0	0	15	0	0	0	0	0	0	0	0	0	14	0	0	0	0	0	0	0	0	18	0	0	0	0	0	0	0	0	0	0	0	0	0	8	0	0	0	0	0	0	0	0	4	0	0	0	0	0	0	0	0	0	24	0	0	0	0	0	0	0	0	0	0	0	0	0	0	0	0	0	0	0	0	0	0	0	0	0	0	0	0	0	0	0	0	0	0	0	9	8	0	0	0	0	0	0	0	0	0	0	8	19	0	0	0	6	0	0	0	0	0	0	0	0	0	0	0	0	0	0	0	0	0	0	0	0	0	0	0	0	0	0	0	0	0	0	0	0	0	0	0	0	0	0	0	0	0	4	0	0	0	0	0	0	0	0	0	0	0	0	0	0	0	0	0	0	0	0	0	0	0	0	0	27	10	0	0	0	0	0	0	0	0	0	0	0
0	10	0	0	0	0	16	5	14	10	11	0	0	0	0	0	0	0	0	0	0	0	0	0	0	0	0	0	0	0	0	0	0	0	5	0	0	0	0	0	0	0	0	0	0	0	0	0	0	0	0	0	0	0	0	0	0	0	0	9	0	0	0	10	0	0	0	0	0	0	0	0	0	0	0	0	0	0	0	0	0	0	0	0	0	0	0	0	0	0	0	0	0	0	0	0	0	0	6	0	0	0	0	0	10	15	0	0	0	0	0	12	0	13	0	0	0	0	0	16	0	0	0	0	0	2	5	0	17	16	11	0	0	0	0	0	0	0	0	0	0	0	0	0	0	0	0	0	9	0	0	0	0	0	0	13	0	0	0	0	0	0	0	0	25	0	0	0	0	0	0	0	0	0	0	0	0	0	0	0	0	0	0	0	0	0	0	0	12	10	0	0	0	8	0	0	0	0	0	0	0	0	0	0	9	7	0	0	15	0	0	0	0	0	0	0	0	11	0	0	0	0	0	0	0	0	0	0	0	0	0	0	0	0	0	0	0	0	0	0	7	0	0	0	0	0	0	0	0	0	0	0	9	17	17	0	0	0	0	9	0	7	0	0	7	16	0	0	0	0	8	0	0	0	0	32	0	0	0	0	0	0	0	0	0	0	0	11	10	0	0	0	0	31	11	0	10	0	8	0	0	7	4	0	0	0	0	0	17	0	0	0	0	0	0	0	0	0	0	14	0	0	0	0	0	0	11	0	0	27	0	13	9	0	0	0	11	0	0	0	0	0	0	0	0	0	0	0	0	0	0	0	0	0	0	0	0	0	0	0	0	0	0	10	0	0	0	0	17	0	0	0	0	0	0	16	0	0	0	0	0	0	27	0	0	0	0	0	0	0	8	11	11	0	0	0	0	0	0	0	0	0	0	0	0	0	0	0	0	0	0	0	0	0	0	0	0	0	0	0	0	0	13	0	19	0	16	10	0	0	0	0	0	0	0	0	0	0	0	0	0	0	0	8	0	0	0	0	0	15	0	0	0	0	0	0	18	0	0	0	0	13	11	0	0	0	0	0	0	0	0	0	0	0	9	0	0	0	0	0	0	15	16	0	0	0	0	0	0	0	0	0	0	0	0	0	0	0	0	14	0	17	0	0	0	0	0	0	17	7	0	0
0	0	14	9	0	0	0	0	6	16	0	0	0	10	0	0	0	0	0	0	0	0	0	0	0	0	0	0	0	0	0	0	0	0	14	0	0	13	0	15	0	0	0	0	9	12	0	0	0	0	0	0	0	0	0	0	0	0	0	0	0	0	0	12	0	0	0	0	0	0	0	0	0	0	0	0	0	0	0	0	0	0	0	11	0	0	0	0	0	0	0	0	0	0	0	0	0	0	13	15	9	0	0	0	0	0	0	17	0	0	0	0	0	16	11	7	0	0	0	0	0	0	13	0	0	8	9	0	0	0	8	15	19	5	0	0	0	0	0	0	0	0	0	0	0	16	15	0	0	0	0	0	0	0	0	0	7	13	0	0	0	0	0	0	0	0	0	0	0	0	0	11	0	0	0	0	0	0	0	0	0	0	0	0	0	0	0	0	0	15	0	3	0	0	0	0	0	0	0	0	0	0	10	0	0	0	0	15	0	0	0	0	0	0	0	0	0	0	0	0	0	0	0	7	0	0	0	0	0	0	0	0	0	0	0	0	0	0	0	0	12	8	0	0	11	12	0	0	0	0	0	0	0	0	0	0	9	0	0	0	0	0	0	0	15	0	0	15	10	0	0	0	10	0	6	0	0	0	0	0	0	16	7	0	0	0	0	11	7	0	0	0	0	0	19	0	15	0	0	10	0	13	11	15	0	0	0	0	0	0	0	0	0	0	0	0	0	9	0	0	0	0	11	0	0	0	0	0	0	8	0	0	0	0	0	0	0	0	0	0	0	0	0	0	0	0	0	0	0	14	0	0	0	0	0	0	0	0	0	0	0	0	0	0	0	0	0	0	16	0	0	0	0	0	0	0	0	14	0	0	0	0	9	0	0	0	0	0	0	0	15	10	0	0	0	0	0	0	0	18	0	0	0	0	0	0	0	0	0	0	0	0	0	0	0	0	0	12	9	0	0	0	0	0	0	0	0	0	0	0	0	0	9	0	0	0	18	0	0	0	0	0	0	0	0	0	0	0	0	0	0	0	0	0	17	0	0	0	0	7	0	0	0	0	0	0	0	0	0	0	0	0	0	0	0	0	0	0	0	0	0	14	0	0	0	13	0	0	27	0	0	0	0	0	0	0	0	0	0	14	0	0	0	0	0	0	0	0	0	0	0	18
15	0	0	0	0	0	12	0	0	7	17	0	9	0	0	0	0	0	0	0	0	0	0	0	0	0	0	0	0	0	0	0	0	0	0	14	0	0	0	0	14	0	0	0	0	0	0	0	0	0	0	0	0	0	0	0	0	0	0	0	0	0	0	0	0	0	0	0	0	0	0	0	0	0	0	0	14	0	0	12	0	0	0	13	0	0	0	0	9	0	0	0	0	0	0	0	0	0	0	0	0	0	0	0	0	0	0	0	0	0	0	0	0	0	0	0	0	0	0	0	0	0	0	0	0	0	0	0	0	0	0	0	0	12	18	24	8	0	0	0	0	0	0	0	0	0	14	15	0	17	0	0	0	0	0	0	0	0	0	0	0	0	0	0	0	0	0	0	0	0	10	13	9	7	0	0	0	0	0	0	0	0	0	0	0	0	0	0	0	0	0	0	0	0	0	0	0	11	0	0	0	0	0	0	0	0	0	0	0	0	0	0	0	0	0	0	8	0	0	0	0	0	0	0	0	0	0	0	0	0	0	0	0	0	0	0	0	0	11	0	0	0	11	0	0	0	18	0	0	0	0	0	0	0	0	0	0	0	0	0	27	0	0	0	0	0	0	0	0	10	0	0	0	0	0	0	0	0	0	0	0	0	0	0	0	0	0	0	0	0	11	0	0	0	0	0	0	0	14	15	0	0	0	0	0	0	0	0	0	0	0	0	16	0	0	8	0	0	19	0	0	0	0	0	0	0	0	0	0	0	11	0	0	0	14	0	0	0	0	0	0	0	0	0	0	0	0	0	0	0	0	0	0	0	0	0	0	17	0	0	0	0	0	0	0	0	0	15	0	0	0	0	0	8	0	0	0	9	0	0	0	0	0	0	0	0	0	6	8	0	13	0	0	0	0	0	0	0	0	0	0	0	0	0	0	0	0	0	16	8	0	0	0	0	0	0	0	0	0	0	0	0	0	0	0	0	6	0	0	0	0	0	0	0	0	0	0	0	0	0	0	0	0	6	0	0	11	0	0	9	0	0	0	0	0	8	0	0	0	8	11	0	0	0	0	7	14	0	0	0	0	0	0	0	0	0	0	0	0	0	0	0	0	12	0	15	0	0	0	0	0	0	0	0	0	0	0	9	0	0	0	0	0	0	0	0	0	0	0	0	0	0
8	0	0	0	0	0	13	0	0	0	11	15	0	0	0	16	0	0	0	0	0	0	0	0	0	0	12	0	0	0	6	0	0	0	0	0	0	0	0	0	0	0	0	0	0	0	0	0	15	0	0	0	0	0	0	0	0	0	0	0	0	0	0	0	0	0	0	0	0	0	0	0	0	0	0	0	0	0	0	0	0	0	0	0	0	0	0	0	0	0	0	0	0	0	0	0	0	0	0	0	0	0	0	14	0	0	0	3	0	0	0	0	0	4	0	0	0	0	0	0	0	0	0	0	0	0	10	0	0	0	14	0	0	0	0	0	0	0	0	0	0	0	0	0	9	0	0	0	0	0	0	0	0	0	0	0	0	15	0	0	0	0	0	0	0	0	0	0	0	9	0	0	0	0	0	0	0	0	0	0	16	0	0	0	0	8	0	0	0	0	9	0	0	0	0	0	0	0	0	0	0	0	0	0	0	0	0	0	0	0	0	0	0	0	0	0	0	0	0	0	0	0	0	0	0	0	0	0	0	0	0	0	14	0	0	0	0	0	16	0	0	0	0	24	0	0	0	0	0	11	0	0	0	0	0	0	0	0	0	0	1	15	0	0	0	0	0	0	0	0	0	0	0	0	0	0	0	0	0	0	0	0	0	0	0	0	0	0	0	0	0	0	0	0	0	0	0	0	10	10	0	0	0	0	0	0	0	0	0	0	0	0	0	0	0	0	0	0	0	0	0	0	0	17	0	0	0	0	0	0	0	0	0	0	0	10	0	0	0	0	0	16	0	0	0	0	0	0	0	0	0	0	0	0	0	0	0	0	0	0	14	8	13	0	0	0	0	0	0	0	9	0	0	0	0	0	0	0	0	0	0	0	0	0	0	0	0	0	0	0	0	0	0	0	0	11	12	0	0	0	0	0	0	0	0	0	0	0	0	0	0	0	0	0	0	0	0	0	0	0	0	0	0	0	0	0	0	0	27	13	0	0	0	13	11	0	0	0	0	0	0	0	15	0	0	0	16	0	0	0	0	0	0	0	0	0	0	0	0	0	0	0	0	0	0	0	9	0	0	0	0	0	0	0	0	0	0	0	0	0	15	8	0	0	0	17	11	16	0	0	0	0	0	0	0	0	0	0	0	0	0	0	0	0	0	0	0	0	0	0	0	0
0	0	6	20	0	0	0	0	0	0	0	7	14	0	0	0	0	0	0	0	0	0	0	0	0	0	0	0	0	0	0	0	0	0	0	0	0	0	0	0	0	0	0	0	0	0	0	5	11	0	0	5	0	0	0	0	13	0	0	0	0	0	11	0	0	0	0	0	0	0	0	0	0	0	0	0	0	10	0	0	0	8	0	0	0	0	0	0	0	11	13	0	0	0	0	0	8	8	24	8	0	0	0	0	0	0	0	4	0	0	16	0	0	0	0	0	0	0	0	0	0	0	10	0	0	0	0	0	0	0	0	0	0	0	0	0	0	0	0	0	0	0	10	0	7	0	0	0	0	18	9	9	0	0	0	0	0	0	0	7	13	0	0	0	0	0	0	0	0	0	0	0	16	0	0	0	0	0	0	0	0	15	0	0	0	0	0	0	0	0	0	9	0	0	0	0	0	0	0	0	0	0	0	0	0	0	0	0	0	0	0	0	0	0	0	0	0	10	0	0	0	0	0	0	0	0	6	0	0	0	0	0	0	0	0	0	0	0	0	10	0	0	0	0	0	0	0	0	0	0	0	0	0	0	0	0	0	0	0	0	0	11	0	0	0	0	0	0	0	0	0	0	0	0	0	0	0	0	0	0	0	0	0	0	0	0	0	0	0	0	0	17	0	0	0	0	12	16	0	0	0	0	0	0	0	0	0	0	0	0	0	0	0	0	0	0	0	0	0	0	0	0	0	0	0	12	13	0	0	0	0	0	9	0	0	0	0	0	0	0	0	0	0	0	0	0	0	0	0	0	0	0	0	0	0	0	15	0	0	0	9	0	0	0	0	10	0	0	0	0	0	0	0	0	0	0	0	0	0	0	0	0	0	0	0	0	0	15	0	0	16	0	0	0	0	0	0	12	14	0	10	0	0	0	0	11	0	16	0	0	0	0	0	0	0	0	0	0	0	0	0	0	0	0	0	19	0	0	0	0	0	0	0	0	13	0	0	16	0	0	0	0	7	0	0	0	0	0	0	0	0	0	0	0	0	0	0	15	14	0	0	0	0	0	0	0	14	0	17	0	0	17	0	0	18	0	0	0	0	0	0	0	0	0	0	0	0	6	0	0	0	0	0	10	0	0	0	0	0	0	0	0	0	0	0	10	0	0	9	0	10	0
0	0	0	0	0	0	0	0	0	0	0	0	7	27	0	0	0	0	0	0	11	0	0	0	0	13	0	0	0	0	0	0	8	9	0	0	0	0	0	0	0	0	0	0	0	0	0	0	0	0	0	0	0	0	0	0	0	0	0	0	9	0	11	7	0	0	0	0	0	0	0	0	0	0	0	0	0	14	0	0	0	0	0	0	0	0	0	0	0	0	0	0	0	0	0	0	0	7	10	0	0	0	0	0	0	0	0	0	0	0	0	0	0	0	0	0	0	0	14	0	0	9	27	0	0	0	17	0	0	0	0	0	0	0	0	0	0	0	0	0	0	0	25	13	0	15	0	0	0	0	8	0	0	0	0	0	0	0	16	0	0	0	0	0	10	0	0	0	0	0	0	0	0	0	0	0	0	0	0	0	0	0	0	0	0	5	15	0	0	0	0	0	0	0	0	0	0	0	0	0	0	0	0	0	0	0	0	0	0	0	0	0	0	0	0	0	0	0	0	0	0	0	0	7	0	0	0	0	0	8	0	9	0	0	10	0	0	0	0	0	0	0	10	0	0	0	0	0	0	0	0	0	0	10	11	0	30	16	0	0	0	0	0	17	9	0	0	0	0	0	0	0	0	0	0	0	0	0	0	0	0	0	0	0	0	0	0	0	0	0	0	0	0	0	0	0	0	0	0	0	0	3	4	3	3	2	0	0	0	0	0	0	0	0	0	10	16	0	0	9	0	0	0	0	8	0	0	0	10	0	10	0	0	0	0	16	0	0	0	0	0	0	0	0	0	0	0	0	0	11	0	0	0	0	0	0	0	0	0	0	15	0	0	0	0	0	0	0	0	0	0	0	0	0	0	0	0	0	3	0	0	0	0	0	0	0	17	9	0	0	0	0	11	0	0	0	0	0	0	19	0	0	0	0	0	0	6	0	0	0	0	0	0	0	0	0	9	0	0	0	0	11	15	0	0	0	0	0	0	0	0	0	0	0	12	0	12	0	0	0	0	0	0	0	0	0	0	0	0	13	12	0	17	0	0	0	0	0	0	0	0	0	0	0	10	0	0	0	0	0	9	17	0	0	0	0	0	0	16	0	0	0	0	15	0	0	0	0	0	11	17	16	20	21	16	17	22	0	12	0	0	0	0	0	0	0	0	0	0	0	0	0
0	0	0	0	0	0	0	0	0	0	0	0	0	13	9	0	0	0	0	0	17	0	0	0	0	0	0	0	0	0	0	0	10	10	0	0	0	0	0	0	0	0	0	0	0	10	0	0	0	0	0	0	0	0	0	0	0	0	0	3	9	0	0	10	10	12	0	0	0	0	0	0	0	0	0	0	0	0	5	0	0	0	0	0	0	0	0	0	0	0	0	0	0	8	15	0	0	0	0	0	0	0	0	0	0	11	0	0	0	0	0	0	0	0	0	0	0	0	9	0	0	0	9	0	0	0	0	14	8	0	0	0	0	0	0	0	16	0	0	0	0	0	0	0	0	0	0	0	0	0	30	0	0	0	0	0	0	0	0	0	0	0	0	0	0	0	0	0	0	0	0	0	0	0	0	8	11	0	0	0	0	0	0	0	0	0	0	0	0	0	0	0	0	0	0	0	0	0	20	0	0	0	0	0	0	15	0	0	16	0	0	0	0	0	15	6	0	0	0	0	0	0	0	0	0	6	9	0	7	11	0	0	0	0	0	0	0	0	0	0	0	0	0	0	0	0	0	0	0	0	0	0	0	0	0	0	0	0	0	0	0	16	0	0	13	12	0	10	0	0	0	0	0	0	0	0	0	16	0	7	0	0	0	0	0	6	0	0	0	0	0	0	0	0	0	0	0	0	0	0	3	4	3	4	3	4	2	0	0	0	0	0	0	0	0	0	0	9	0	0	0	0	0	0	0	0	0	0	0	0	0	0	0	0	0	0	0	0	0	0	0	0	0	0	11	0	0	0	14	0	0	0	0	0	0	0	0	0	0	0	0	0	18	0	0	15	0	0	0	0	0	0	0	5	17	0	0	0	27	25	0	0	0	0	0	0	0	0	0	0	0	0	0	0	0	14	0	0	0	0	16	0	0	0	0	0	0	0	0	0	0	0	0	0	0	0	0	0	0	0	0	0	0	17	0	15	0	0	0	0	0	0	0	0	17	0	0	0	0	0	0	0	0	0	0	0	0	0	0	0	12	0	17	0	0	0	0	0	0	0	9	0	14	0	0	0	5	25	0	0	0	0	0	0	0	0	13	0	0	0	0	0	0	0	0	0	16	7	0	26	16	16	11	0	0	0	0	0	0	0	0	0	0	0	0	0	0	0	0	0	14	0
0	0	14	12	0	0	0	0	14	0	0	0	0	15	0	11	0	0	0	0	0	0	0	0	0	0	16	14	0	0	0	0	0	0	0	0	0	8	12	0	0	12	11	0	0	10	0	0	0	0	0	0	0	0	0	16	0	0	0	0	0	0	0	0	0	0	0	0	0	0	0	0	0	0	11	0	0	0	0	0	0	0	0	0	0	0	0	0	0	6	0	0	0	0	0	0	0	0	5	0	0	0	0	0	0	14	0	0	3	0	0	0	0	0	0	0	0	0	0	0	0	0	0	0	0	0	0	8	0	0	0	0	0	0	0	0	0	0	0	0	0	3	0	0	0	0	0	0	0	0	0	0	0	0	0	0	12	10	7	0	0	0	0	0	0	0	0	0	0	0	0	0	0	0	0	0	0	0	0	0	0	0	0	0	0	0	0	0	0	0	0	0	0	0	0	0	0	0	0	0	0	0	0	0	0	0	15	0	0	0	0	8	0	0	0	8	0	0	0	0	0	0	0	0	0	10	12	0	7	0	0	0	0	0	0	0	0	0	0	0	0	0	0	0	0	0	0	0	0	0	0	0	0	10	12	0	0	0	0	0	7	0	0	0	17	0	0	0	0	0	0	0	12	0	0	0	0	0	0	0	0	0	0	0	0	0	0	0	19	0	0	0	11	9	0	0	0	0	0	3	4	4	8	9	6	4	4	0	0	0	0	0	0	0	0	0	0	0	0	0	0	0	0	0	0	0	0	0	0	0	0	0	0	0	0	0	10	0	0	0	0	0	0	0	0	16	28	0	0	0	0	12	0	0	0	0	0	0	0	0	0	0	0	0	0	14	0	0	0	0	0	0	0	0	0	0	0	0	13	9	0	0	0	0	0	0	0	0	0	0	0	0	0	0	0	0	0	0	0	10	0	0	0	0	0	0	0	10	0	0	0	0	0	0	0	0	0	0	0	0	0	0	0	0	0	9	16	0	0	0	0	0	0	0	0	0	13	0	0	0	0	0	0	0	0	0	0	0	0	0	0	0	0	0	0	0	0	0	0	0	0	0	0	0	0	0	8	12	17	0	0	0	0	0	0	0	0	0	0	0	0	0	11	0	0	0	0	2	20	24	11	0	15	9	0	0	0	13	8	0	14	0	0	0	0	0	0	0	0	0	13	0
9	0	0	0	0	0	0	0	0	0	0	0	0	6	0	0	0	0	0	0	0	0	0	0	0	0	0	6	0	0	0	0	0	0	0	0	0	0	0	0	0	0	7	0	0	0	0	0	0	0	0	0	0	0	0	0	0	0	0	0	14	0	0	0	9	0	0	0	0	0	0	0	0	0	0	0	9	0	0	0	0	0	0	0	0	0	0	0	0	0	0	0	0	0	0	0	12	0	0	0	0	0	0	0	0	10	0	0	0	0	0	0	10	0	0	0	0	0	0	0	0	0	0	0	0	0	0	0	0	0	0	0	0	0	0	0	0	0	0	0	0	0	0	0	0	0	0	0	0	0	0	0	0	0	0	0	0	0	28	13	0	0	0	0	0	0	0	0	0	0	0	0	0	0	0	0	0	0	0	15	0	10	8	0	0	0	0	0	0	15	0	0	0	0	0	0	9	0	0	0	0	0	0	0	0	0	0	14	0	0	0	16	0	0	0	0	0	0	15	0	10	0	0	0	0	0	0	0	0	0	0	10	0	0	0	0	0	0	0	0	0	0	0	0	0	0	0	0	0	0	10	0	0	0	0	0	10	0	0	0	16	0	0	0	0	0	0	0	0	0	0	0	0	10	0	0	0	0	0	17	0	0	19	0	16	0	0	0	0	0	15	0	0	0	0	0	0	0	2	3	5	21	119	148	33	6	4	1	0	0	0	0	0	0	0	0	8	0	0	0	0	12	0	0	0	0	6	0	0	0	19	0	0	0	0	0	0	13	0	0	0	0	0	11	0	0	0	0	0	0	0	0	0	0	0	0	0	0	0	0	10	0	0	0	12	0	0	13	0	0	0	0	0	0	0	0	0	0	0	0	8	7	0	0	0	0	0	0	0	0	0	0	0	0	0	0	0	0	0	0	0	0	0	0	0	0	0	0	0	0	11	0	0	0	0	0	0	0	15	0	0	0	0	0	0	0	0	0	0	0	0	0	0	0	0	0	0	0	0	0	16	0	0	11	0	0	0	0	0	0	0	0	0	0	0	0	8	0	0	0	0	0	0	0	0	0	5	0	0	0	0	0	0	0	0	0	0	0	0	0	0	0	0	15	0	5	21	20	18	0	0	0	0	0	0	0	0	7	0	18	12	11	0	0	0	0	0	0	0	0	0	0
0	0	0	0	0	0	0	0	0	4	11	0	11	0	0	0	0	0	0	0	0	0	0	13	16	7	0	13	12	0	0	0	0	0	0	0	16	0	0	0	9	0	0	0	0	0	0	0	0	0	0	0	0	0	0	0	0	0	0	0	0	0	0	0	0	0	15	16	0	4	0	0	0	0	0	0	14	0	0	0	0	0	0	0	0	0	0	0	11	0	0	8	0	0	0	0	14	0	0	0	0	0	0	0	0	0	0	0	0	0	0	0	23	0	0	0	0	0	0	0	0	0	0	0	0	0	0	10	0	0	0	15	0	0	0	0	0	0	0	0	0	0	0	0	0	0	0	0	0	0	0	0	0	0	0	0	0	0	0	9	0	15	0	0	0	0	0	0	0	0	0	0	0	0	0	0	0	0	16	8	0	0	0	0	0	0	0	0	0	9	0	0	0	0	6	0	0	0	0	10	0	0	0	0	7	28	0	0	0	0	0	0	0	0	0	0	14	0	12	0	0	8	0	0	0	0	0	0	0	0	10	0	0	0	0	0	0	0	0	0	0	0	0	0	0	0	0	15	0	0	0	0	0	0	0	0	0	0	0	0	0	0	0	0	0	0	0	0	0	0	0	10	0	0	0	0	0	0	0	0	0	0	0	0	0	0	0	0	0	0	0	0	0	12	0	0	0	8	2	4	6	85	551	855	154	12	4	14	0	0	0	0	0	0	0	19	0	0	0	0	16	11	0	0	0	0	0	0	0	0	0	0	0	0	0	0	0	0	0	11	0	0	0	0	0	0	0	0	0	0	8	0	0	0	0	0	6	0	0	0	14	0	0	0	0	0	0	12	0	0	0	0	0	0	0	0	0	0	0	0	6	0	0	0	0	0	0	0	0	10	0	0	0	0	0	0	0	0	0	0	0	0	0	11	0	0	0	0	0	0	0	0	0	0	0	0	0	0	7	10	0	0	0	0	0	0	0	0	0	0	0	0	0	0	0	0	0	0	0	0	13	0	0	13	0	0	16	0	0	0	0	0	0	0	0	0	0	0	0	0	0	0	0	0	0	0	0	0	0	0	0	0	0	17	0	0	0	0	0	0	0	10	0	10	23	22	15	0	0	0	0	0	0	0	0	0	0	0	0	17	0	0	0	0	0	0	17	0	0	0	0	0
0	0	0	0	0	0	0	0	0	0	8	0	0	0	0	0	0	16	0	0	14	17	13	9	0	0	0	0	0	0	0	0	0	0	0	0	0	0	0	0	0	0	0	0	0	0	0	0	0	14	0	0	0	0	0	0	0	0	0	0	0	0	0	0	0	0	0	0	0	14	0	0	0	0	0	0	0	0	10	13	0	10	0	0	0	0	0	0	0	0	0	0	0	0	0	0	0	0	0	0	0	0	0	0	0	0	0	0	0	13	0	0	14	0	0	0	0	0	0	0	0	0	0	0	0	0	0	9	0	0	0	0	0	9	0	0	0	0	0	0	0	0	0	0	0	0	0	0	0	0	0	0	0	0	0	8	0	0	16	14	0	11	0	0	0	0	0	0	0	0	0	0	0	0	0	0	0	0	0	0	0	0	0	0	0	0	0	0	0	0	7	0	14	3	0	0	0	0	0	0	0	0	0	0	0	13	0	0	0	0	30	0	0	0	0	0	2	0	8	0	0	0	0	0	0	0	0	12	0	0	0	0	0	13	10	0	14	0	0	0	0	0	9	0	0	0	0	0	0	0	0	0	0	0	0	0	10	0	0	0	0	11	0	17	0	0	0	10	0	0	0	0	0	0	10	0	0	0	0	0	0	0	0	0	0	0	0	0	11	0	5	0	0	11	0	0	0	0	3	4	5	89	428	657	137	11	4	3	0	0	0	0	0	0	0	0	0	0	0	0	0	0	0	0	0	0	0	0	0	0	0	0	0	0	0	0	0	0	12	13	7	11	15	0	0	0	0	0	0	0	0	0	0	0	0	11	11	0	0	0	0	0	0	0	0	0	9	0	14	9	0	0	0	0	0	0	0	0	26	0	0	0	0	0	0	0	0	0	0	11	0	0	0	0	0	0	0	0	0	0	0	5	0	0	0	0	11	0	0	10	0	0	0	0	0	0	0	0	0	0	0	0	0	0	0	0	0	0	0	16	0	0	0	0	0	13	13	0	0	0	0	0	0	0	0	8	0	0	0	0	0	0	0	0	0	0	0	0	0	0	0	0	17	0	0	0	0	0	0	0	0	0	0	0	9	0	0	0	0	0	0	0	31	25	14	0	17	0	0	0	0	0	0	0	0	0	0	0	33	16	0	0	0	0	0	0	0	0	0	0	0	0
0	0	0	14	0	0	0	0	0	0	0	0	0	0	0	0	0	0	0	0	0	0	0	0	0	0	0	0	0	9	16	0	10	0	0	0	0	0	0	0	0	0	0	0	0	0	0	0	0	0	0	0	0	0	6	0	0	0	0	0	0	0	0	0	0	0	0	0	0	0	0	0	0	0	0	0	0	0	0	0	7	14	11	0	0	0	0	0	0	0	0	0	0	0	0	0	0	0	0	0	0	0	0	0	0	0	0	0	0	0	0	0	0	10	15	0	0	0	0	0	0	0	0	0	0	0	0	0	0	0	0	0	0	0	0	0	0	0	0	0	0	9	10	16	0	0	0	0	13	6	0	0	0	0	0	16	0	0	0	0	0	0	0	0	0	0	0	0	0	0	0	15	0	15	0	0	14	0	0	0	0	15	0	0	15	0	0	0	0	16	0	0	0	0	9	0	0	0	0	0	0	0	15	0	0	0	0	0	0	0	0	7	13	0	0	0	10	0	0	0	0	0	0	6	15	0	0	0	0	0	0	0	0	0	0	0	18	0	0	0	0	0	10	0	0	0	0	0	0	0	0	0	0	0	0	0	0	0	6	0	0	0	0	0	0	0	0	12	13	0	0	0	0	0	0	0	0	0	0	0	0	0	0	0	0	0	24	14	15	13	3	0	0	0	0	11	8	0	2	3	20	31	108	108	22	5	4	19	0	13	18	0	0	0	0	0	15	0	0	0	0	0	0	0	0	0	0	0	0	0	0	0	0	0	0	0	0	0	0	0	0	0	0	0	11	14	0	0	0	0	0	0	0	0	0	0	0	0	0	0	0	26	10	0	0	0	0	0	0	0	0	0	0	0	0	0	0	0	14	0	0	0	0	0	0	0	0	0	0	0	0	0	0	0	0	0	0	0	0	0	0	0	0	0	0	16	16	0	0	0	0	0	0	9	0	0	0	0	0	0	0	0	0	0	0	0	0	0	0	10	0	0	0	0	16	0	0	13	0	0	0	0	0	0	0	14	7	15	0	0	0	0	0	0	0	0	0	0	0	0	0	0	0	0	0	0	0	0	0	0	0	0	0	0	0	0	0	0	0	0	9	14	15	0	0	0	0	0	0	0	0	0	0	0	0	0	0	0	10	0	0	0	0	0	0	0	0	0	0	0	0	0
0	0	0	7	0	0	0	0	0	0	0	0	0	0	0	11	0	0	0	0	0	0	0	0	0	0	0	0	0	0	0	0	0	0	0	0	0	0	15	0	0	0	0	0	0	0	9	0	0	0	0	10	0	0	0	0	0	13	0	0	0	0	0	0	0	0	0	0	0	0	0	15	0	0	0	0	0	0	0	0	0	0	10	19	0	0	0	0	0	0	10	7	32	0	0	0	0	0	0	0	0	0	0	0	12	0	0	0	0	0	0	13	0	0	0	0	7	0	11	0	16	0	0	0	0	0	0	0	0	0	0	0	0	0	0	0	0	0	0	10	0	0	15	0	0	0	0	9	22	13	0	0	0	0	0	0	0	0	0	0	0	7	0	0	0	0	0	0	0	10	0	0	0	0	0	0	0	0	0	0	0	0	0	0	0	7	0	0	0	17	0	0	0	0	7	0	0	0	0	0	0	10	0	0	0	0	0	0	0	0	0	0	0	0	0	0	10	0	0	0	0	0	0	0	0	0	0	0	0	0	7	0	0	0	0	0	0	0	0	4	0	0	0	0	0	0	0	0	0	0	11	0	0	0	0	0	0	0	0	13	0	0	0	0	0	0	0	0	0	0	0	0	0	0	0	0	0	0	0	0	0	0	10	0	0	0	0	0	0	12	0	0	0	0	0	16	13	0	0	25	16	13	5	6	4	4	3	1	0	0	0	0	0	0	0	15	10	0	0	0	0	0	0	0	0	0	0	0	0	0	0	0	0	0	0	0	0	0	0	0	0	0	0	0	22	13	0	0	0	0	0	0	0	0	0	0	0	0	0	0	0	7	25	0	0	0	0	0	0	0	0	0	0	8	0	0	0	0	0	0	0	9	0	0	18	0	0	0	0	0	0	0	0	0	0	27	20	0	0	0	0	0	0	0	0	0	0	0	11	0	0	0	0	0	0	0	0	0	0	0	0	0	0	0	0	0	0	0	0	0	0	16	0	0	0	0	0	12	0	0	0	0	0	0	0	0	18	0	0	0	0	0	12	0	0	0	0	0	0	0	0	7	4	0	0	0	12	0	0	0	3	0	0	0	9	9	0	0	0	0	17	0	0	0	0	0	0	0	0	0	0	11	0	24	0	9	14	0	0	0	0	0	19	0	0	0	0	0	0	0	0	0
0	0	0	0	0	0	0	0	0	16	15	0	13	7	10	0	0	0	0	0	0	0	0	0	0	0	0	0	8	0	0	0	0	0	0	0	0	0	0	0	0	0	0	0	0	0	0	0	0	0	0	0	0	0	0	0	0	10	0	0	0	0	0	0	0	0	0	0	0	0	0	0	0	0	0	0	15	0	0	0	0	0	0	0	0	0	0	0	0	0	0	0	0	0	0	0	0	0	0	0	0	0	0	0	0	0	0	0	0	0	0	0	17	0	0	0	0	19	42	0	0	0	0	0	0	0	0	0	0	0	9	0	0	0	0	0	0	0	0	0	0	0	0	0	0	10	0	22	22	14	0	8	0	20	0	0	0	0	0	0	0	0	15	0	9	0	0	10	7	1	21	34	14	16	13	0	0	0	19	16	16	0	0	0	0	0	14	0	0	0	0	0	0	0	0	0	0	0	14	0	13	0	0	15	0	0	0	0	0	0	0	0	0	10	0	0	0	0	0	0	0	0	0	0	10	0	0	0	0	0	0	0	0	0	0	0	0	0	0	0	0	13	10	0	0	0	9	0	0	0	14	12	13	0	0	0	0	2	0	0	0	0	0	0	0	0	0	16	0	0	15	0	16	0	0	0	0	0	0	0	0	0	0	0	0	0	0	0	0	0	15	0	10	15	0	8	15	0	0	18	12	3	4	3	4	3	2	0	0	0	0	0	0	0	0	0	0	0	0	0	0	0	0	0	11	16	0	0	0	0	0	0	0	0	0	0	0	0	0	0	0	0	0	0	0	0	0	11	0	0	0	0	0	0	6	0	0	0	0	0	13	0	0	0	0	0	0	0	0	0	0	0	0	0	0	0	0	0	0	0	0	0	0	0	0	0	0	0	0	0	0	0	0	0	0	0	0	0	12	0	0	0	0	0	0	0	0	0	0	0	0	0	0	0	0	0	0	0	0	0	0	0	0	0	0	0	0	12	12	0	0	0	0	0	0	0	9	12	0	0	0	0	0	0	0	0	0	0	0	0	0	30	0	0	0	0	0	0	0	0	0	0	7	0	0	0	0	0	0	0	0	0	0	0	0	0	0	0	0	0	0	0	0	0	0	0	9	0	0	0	0	0	17	0	0	0	0	0	0	12	0	0	0	0	0	0	0	0	0	0	0	0
0	0	6	0	0	0	0	0	0	0	0	0	0	0	0	0	0	0	0	0	0	0	0	0	0	0	0	0	0	0	0	0	0	0	0	0	0	0	0	0	0	0	0	0	0	0	0	0	0	0	0	0	0	9	0	0	0	0	0	0	0	0	0	0	0	0	0	3	0	0	0	0	0	13	0	0	0	0	0	0	0	0	0	0	0	0	0	17	0	0	11	31	0	0	12	14	0	0	0	0	0	0	0	0	0	0	0	0	0	0	8	0	0	0	0	9	0	0	23	0	11	0	0	0	0	0	13	10	0	0	0	0	0	0	0	0	0	0	0	0	0	10	0	0	0	9	0	5	6	0	0	9	0	0	16	10	0	0	0	0	0	0	0	0	0	0	0	0	11	29	19	14	37	11	0	0	0	24	18	0	0	0	0	0	0	0	16	0	0	0	0	0	0	0	11	14	0	0	0	0	25	17	0	0	0	0	0	0	0	0	0	0	0	0	0	0	0	0	0	0	0	0	0	0	0	0	0	0	0	0	0	0	0	15	0	8	13	12	0	10	0	0	0	0	0	0	0	0	0	0	6	0	0	0	0	0	0	0	0	0	0	0	0	0	0	0	0	0	0	0	13	0	0	0	0	0	0	0	0	0	0	0	0	0	0	0	0	0	0	0	0	40	27	0	0	7	12	0	0	12	14	1	10	2	2	0	0	0	0	0	0	0	0	12	14	0	0	0	0	0	0	0	0	0	0	0	0	0	0	4	0	0	0	0	0	0	0	10	0	0	0	16	14	13	0	0	15	12	0	0	0	0	0	0	8	0	0	0	0	0	12	0	0	0	0	11	0	0	0	0	0	0	0	0	0	0	0	0	0	0	0	0	0	0	0	0	0	0	0	0	16	0	0	0	0	0	0	0	0	0	0	0	0	0	47	0	0	17	0	0	0	0	0	0	0	0	0	0	0	0	0	0	0	0	0	0	0	0	0	0	11	0	10	16	16	0	0	0	0	0	0	0	0	11	0	0	0	0	0	0	0	0	0	0	0	0	0	0	0	0	0	0	0	0	0	15	0	6	5	0	0	0	0	0	0	0	0	0	16	10	13	15	0	0	0	0	0	0	0	0	0	0	0	0	0	0	0	0	0	0	0	0	0	0	0	0	0	0	0	0	0	0
0	0	0	0	0	0	6	0	0	0	0	0	0	0	0	0	0	0	0	0	0	0	0	0	0	0	0	15	0	0	0	0	0	0	0	0	0	0	0	0	0	0	0	0	0	0	3	0	0	0	0	0	0	0	0	0	0	0	0	0	0	0	0	0	0	0	0	12	0	0	0	0	15	0	0	0	0	0	13	7	0	0	0	0	0	0	9	0	0	0	8	0	0	0	0	0	0	0	0	0	0	0	0	0	0	0	0	0	0	0	0	0	0	0	0	0	0	0	0	0	12	0	0	0	0	0	0	0	0	0	0	0	0	17	0	5	0	9	0	13	12	7	0	0	0	0	0	0	0	0	0	0	0	0	0	0	0	0	0	0	0	0	0	0	0	0	0	8	11	18	0	0	13	21	12	8	17	17	0	16	5	0	0	0	0	0	0	0	0	0	0	0	0	0	0	0	0	0	0	14	34	9	0	0	0	0	0	0	0	0	0	0	0	0	0	0	0	0	0	0	0	8	0	0	0	0	0	0	0	0	0	0	0	8	0	0	0	0	0	0	0	0	15	0	0	0	12	6	11	0	0	0	0	0	0	0	0	0	0	0	0	0	0	0	0	0	0	0	0	0	0	0	0	0	0	0	0	0	0	12	11	0	17	11	0	0	0	0	0	0	15	33	16	0	0	0	0	0	0	0	0	0	0	0	0	16	0	0	0	0	0	0	0	0	0	0	0	0	0	16	0	0	0	0	0	0	0	0	0	0	0	0	0	0	0	0	0	16	0	0	0	0	0	0	0	0	0	0	0	0	10	0	0	23	11	11	0	0	0	0	0	0	0	0	0	13	0	13	0	0	0	0	0	0	0	0	11	0	7	15	0	0	0	0	0	0	0	0	0	0	9	0	0	0	0	17	0	0	0	0	0	0	0	0	0	0	0	0	0	0	0	0	0	0	0	0	0	0	0	12	0	0	0	0	0	0	0	27	9	0	0	0	0	0	0	0	0	0	18	0	0	0	0	0	0	0	13	24	0	0	0	0	0	0	0	0	0	0	0	0	8	0	0	0	0	0	0	0	0	0	0	0	0	0	0	0	0	0	8	0	0	0	0	0	0	0	0	0	0	0	0	0	0	0	0	0	0	0	0	0	0	0	0	0	0	0	0	0	0	0	0	0
0	0	0	0	0	0	11	0	0	0	0	0	0	0	0	0	0	0	0	0	0	0	0	0	0	0	0	0	0	0	0	0	0	0	0	0	0	0	0	0	0	9	0	0	0	0	16	0	0	0	0	0	0	0	0	0	0	0	0	0	0	0	0	0	0	0	0	7	16	0	0	0	0	0	0	0	0	0	0	0	0	0	0	0	0	0	0	0	0	0	0	0	0	0	0	0	0	0	0	0	0	0	0	0	0	0	0	0	0	0	0	21	15	0	0	0	0	0	0	0	0	0	15	0	0	0	0	0	0	0	0	1	12	0	0	15	0	0	0	0	0	0	0	13	0	0	0	0	0	0	0	0	0	0	0	15	0	0	0	0	0	0	0	0	0	0	0	0	0	0	0	0	0	0	16	17	0	0	0	0	0	0	0	0	0	10	14	0	0	0	0	11	0	0	0	0	0	0	0	0	10	0	0	0	0	0	0	0	0	0	15	0	0	0	16	0	0	0	0	0	0	0	0	17	0	0	0	0	0	0	0	0	0	8	0	0	0	0	0	0	0	0	9	0	0	0	9	18	13	11	0	0	0	10	0	0	10	0	11	7	0	0	0	0	28	0	0	0	0	0	0	17	0	0	0	0	0	0	0	0	7	0	0	0	0	0	0	0	0	0	0	17	0	28	0	0	0	0	0	0	0	0	0	6	7	0	0	0	0	0	0	0	0	15	11	0	0	0	0	0	0	0	0	0	0	0	0	0	0	3	0	0	0	0	0	0	0	0	0	0	0	0	0	0	0	0	0	0	0	0	13	7	0	0	0	15	0	0	0	11	0	0	0	0	0	0	0	0	0	0	0	0	0	0	0	0	14	0	0	0	0	0	0	0	14	0	0	0	0	0	0	0	0	0	0	0	0	6	0	9	0	0	0	0	0	0	0	0	0	0	0	0	0	0	0	0	0	0	0	0	13	0	0	17	0	0	0	14	0	0	0	0	0	0	0	0	0	0	0	0	0	0	0	0	0	0	0	0	0	0	0	0	0	0	0	0	0	0	0	0	0	0	0	0	0	0	0	0	0	0	0	0	0	0	0	0	0	0	0	0	0	0	0	0	0	0	0	0	0	0	0	0	0	0	0	0	0	0	0	0	0	0	0	0	0	0	0	0	9	0	0	0
15	0	0	0	0	0	0	0	0	0	0	0	0	0	0	0	0	0	7	0	0	0	0	0	0	0	0	0	0	0	0	0	0	0	0	9	0	0	0	0	0	0	0	0	0	0	0	0	0	0	0	0	0	0	0	0	0	0	0	0	0	29	4	0	0	0	0	0	0	0	0	0	0	0	0	0	0	0	0	0	5	13	0	0	0	0	0	0	0	0	0	0	0	0	0	16	0	0	0	0	0	0	15	0	0	0	0	10	9	0	0	6	0	0	0	0	16	0	0	0	0	0	0	0	0	0	0	0	0	0	0	0	0	7	0	0	0	0	15	0	0	0	0	0	0	0	0	0	0	0	0	0	0	0	0	0	0	0	0	0	0	0	0	0	0	6	0	0	0	0	0	0	0	0	0	0	0	0	0	0	14	0	0	0	0	0	8	0	0	0	0	0	0	0	9	0	0	0	0	0	0	0	0	0	0	10	0	15	0	0	0	17	0	0	0	0	0	11	16	0	17	0	0	0	4	7	0	0	0	0	0	0	0	0	0	0	0	14	9	0	0	0	0	15	0	0	0	0	0	0	0	0	0	11	0	0	0	0	0	0	10	0	0	0	17	0	0	18	0	0	0	0	10	0	0	15	0	0	14	16	0	0	11	0	0	0	15	0	0	0	0	0	0	0	0	0	17	0	0	0	0	0	0	0	0	17	0	0	0	0	0	0	0	0	0	0	0	0	0	0	0	0	0	0	0	0	0	0	0	0	0	0	0	0	21	10	17	10	0	0	0	0	0	0	0	13	0	0	0	0	0	0	0	0	0	0	0	0	0	0	0	0	0	0	0	0	0	0	0	0	0	0	0	0	0	0	0	0	0	0	0	0	0	0	0	0	0	0	0	12	0	0	0	12	0	0	0	7	0	0	0	0	0	0	0	0	0	0	0	0	10	0	0	0	0	0	0	0	0	0	0	0	0	0	0	0	0	0	0	0	0	0	0	0	0	0	12	11	0	0	0	0	0	0	0	27	6	0	0	0	0	6	0	0	0	0	0	0	0	0	0	0	0	0	0	0	0	0	0	0	0	0	0	0	15	0	0	0	0	0	0	0	0	0	0	0	0	0	0	0	0	0	0	0	0	0	0	0	0	0	0	17	0	0	0	0	0	0	0	0	0	0
0	0	0	0	0	0	0	0	0	0	21	5	0	0	0	0	0	0	9	0	0	0	0	0	0	0	0	0	17	0	12	11	0	0	0	0	0	0	0	0	0	0	0	0	0	0	0	0	0	0	0	0	0	0	0	0	0	0	0	6	0	0	0	0	9	12	0	0	0	0	0	15	0	0	0	0	0	0	0	0	0	0	0	0	10	0	0	15	0	0	0	0	0	0	0	14	0	9	0	0	6	0	0	0	0	0	0	2	0	0	0	0	0	0	0	0	0	0	0	0	0	0	0	0	0	0	0	0	7	0	0	0	0	15	0	0	0	0	0	0	0	0	0	0	0	0	0	0	0	0	0	0	0	0	7	0	0	0	15	16	0	0	0	0	0	0	0	0	0	0	0	0	0	9	11	0	0	0	0	0	0	0	0	0	0	0	0	0	0	0	0	0	0	0	13	13	4	13	10	0	0	0	0	0	0	0	0	8	0	0	0	0	0	5	0	0	0	0	0	0	12	0	0	0	0	0	0	0	0	0	0	0	0	0	0	0	0	0	0	0	0	0	0	7	0	0	0	0	0	0	0	0	0	0	0	16	21	0	0	0	0	0	0	0	0	0	0	0	0	0	0	0	0	0	0	8	0	0	0	0	0	0	0	0	0	11	0	0	0	0	0	0	0	6	0	0	0	0	0	0	0	0	0	0	0	0	0	0	0	0	0	0	0	0	0	18	0	0	0	0	0	10	0	0	0	0	0	0	0	9	0	0	0	0	0	0	0	0	11	6	0	0	0	0	0	12	0	0	4	0	0	0	0	0	0	0	0	0	0	0	0	0	14	14	0	11	0	18	0	0	0	0	0	0	0	0	0	0	0	0	0	0	0	0	0	0	0	0	0	0	0	0	0	0	0	0	0	0	0	18	23	0	0	0	0	0	0	0	0	0	0	6	9	0	0	0	0	0	0	0	0	0	0	0	0	0	0	0	0	0	0	0	0	0	0	0	7	0	0	0	0	0	0	0	0	0	0	0	0	0	0	0	0	0	0	0	0	0	0	0	0	0	0	0	0	0	0	0	0	0	0	0	0	0	13	0	0	0	0	0	0	0	0	0	0	0	0	0	0	0	0	0	0	0	0	0	0	0	0	0	0	0	0	0	0	0	0	0	0	0	0	0
0	7	0	0	0	0	0	0	0	0	0	0	0	0	17	0	0	0	0	0	0	0	0	17	0	0	0	0	0	0	9	13	0	0	0	0	0	0	0	0	0	0	17	0	0	0	0	0	9	0	0	0	0	0	0	9	0	0	0	0	0	0	14	0	0	0	0	0	0	0	0	0	0	0	0	0	0	0	0	0	0	0	0	0	0	0	0	0	0	0	0	13	0	0	0	0	0	0	0	0	0	0	0	0	0	0	7	0	0	0	0	0	0	0	0	0	0	0	0	0	0	0	0	0	0	15	0	0	0	0	0	0	0	0	0	0	0	0	0	0	0	9	0	0	0	0	0	0	0	0	0	0	0	0	0	0	0	0	0	22	17	0	0	0	0	0	0	0	0	0	0	0	0	7	9	11	5	11	13	0	0	15	0	0	0	0	0	0	0	0	0	0	0	0	9	0	0	10	15	0	0	0	0	0	0	0	0	0	0	0	0	0	0	0	0	0	0	0	0	0	7	0	0	0	0	0	0	0	0	0	0	0	0	0	0	0	0	0	0	0	0	0	0	0	0	0	0	0	0	0	0	0	0	11	0	10	0	0	14	0	0	0	0	0	0	0	0	28	22	0	0	16	0	0	0	0	0	0	0	0	0	0	0	0	0	0	0	0	0	0	0	0	26	10	0	0	0	0	7	0	0	0	0	0	0	0	0	0	0	0	0	0	0	0	0	0	0	0	0	0	0	0	0	0	0	0	0	10	0	0	0	0	0	0	0	0	10	15	11	27	14	0	0	0	5	0	0	16	22	0	0	10	0	0	0	0	0	0	0	0	0	15	0	0	0	12	0	0	18	0	0	15	0	0	0	0	0	0	0	0	0	0	10	23	0	0	0	0	0	0	0	0	0	0	0	0	0	0	11	0	16	0	0	0	0	0	0	0	0	0	0	0	0	0	0	0	0	0	0	0	0	0	0	0	0	0	0	0	0	0	0	0	0	0	0	11	14	0	0	0	0	0	0	0	0	0	0	0	8	0	0	0	0	0	0	0	0	4	2	0	16	0	0	0	0	0	0	0	0	0	0	0	0	0	0	0	0	0	17	0	0	0	15	11	0	0	0	0	0	0	0	0	0	0	17	0	0	0	0	0	0	0	0	0	0	0	0	0	0	0	0	0
0	0	0	0	0	0	0	0	0	0	0	0	0	12	0	0	0	0	0	0	0	0	14	0	0	0	0	9	0	0	0	0	7	0	0	0	0	0	0	0	0	0	0	0	0	0	0	0	11	0	0	0	0	0	0	0	0	0	0	0	0	0	0	0	0	0	0	0	12	0	0	0	0	0	0	0	0	0	14	0	5	0	0	0	0	0	0	0	0	0	0	10	0	0	0	10	0	0	0	0	0	0	0	0	0	1	5	0	0	0	0	0	0	0	0	0	0	0	0	4	8	26	0	0	11	0	0	0	0	0	0	0	0	0	0	0	0	0	0	0	0	0	0	0	0	0	1	0	0	0	0	0	0	0	0	0	0	0	0	0	0	0	0	0	0	0	0	0	0	0	0	0	0	0	0	0	15	0	0	0	0	0	0	0	0	0	0	0	0	0	0	0	0	11	0	0	0	8	0	17	0	0	0	0	0	8	0	14	0	6	0	0	0	5	0	0	0	14	0	8	0	0	0	0	0	0	0	0	0	0	0	0	0	0	0	0	0	0	0	0	0	0	0	0	0	4	0	0	0	0	0	0	0	0	0	14	0	0	0	0	17	0	0	0	0	0	0	8	0	0	10	0	0	0	19	0	0	0	0	0	0	0	0	0	0	0	0	0	0	0	0	0	0	0	0	0	0	0	0	0	6	0	0	0	0	0	0	0	0	0	0	16	0	15	0	0	0	0	0	0	0	0	0	0	0	0	0	0	0	0	0	0	0	0	0	0	0	14	0	6	17	0	0	0	14	0	0	0	0	0	0	0	0	0	0	0	0	0	0	0	0	0	0	0	0	0	0	0	0	0	0	0	0	18	0	0	0	0	0	0	0	0	0	0	0	15	13	0	0	0	0	0	0	10	0	0	0	0	8	0	0	0	0	0	0	0	0	0	0	0	0	0	0	11	0	0	0	0	0	0	0	0	0	0	16	0	0	0	0	1	7	0	0	0	0	0	0	0	0	0	0	0	0	0	0	0	0	0	0	0	0	0	0	17	0	0	0	0	18	0	0	0	0	0	0	0	0	0	0	0	0	0	0	0	0	0	0	0	18	0	0	0	0	0	0	0	0	0	0	0	0	0	0	0	0	0	0	0	0	0	0	0	0	0	0	0	0	0	0	0	0	0
0	0	0	0	0	0	0	0	0	0	0	0	0	0	0	11	15	0	0	0	0	0	0	0	0	0	0	0	0	0	0	0	0	0	0	0	0	0	11	0	0	0	0	0	0	0	0	0	0	14	0	0	0	0	0	0	10	13	0	10	16	0	15	0	0	0	0	0	31	0	0	0	0	0	0	0	0	0	0	0	0	0	0	0	0	8	0	0	0	0	0	0	0	0	0	0	0	0	0	0	15	0	0	0	0	0	0	0	0	0	9	14	0	0	0	0	0	0	0	0	0	0	0	0	0	0	0	0	0	0	0	0	0	0	0	0	0	0	0	0	0	0	0	0	0	0	0	0	0	0	0	0	0	0	0	0	0	8	0	0	0	0	0	0	0	0	0	0	0	0	0	0	0	0	0	0	0	5	0	0	19	10	0	0	0	0	1	15	0	0	0	0	0	0	0	0	0	0	0	7	0	14	12	8	0	0	0	5	0	13	10	0	0	0	0	0	0	0	0	12	0	0	10	0	0	0	0	0	0	0	0	0	10	0	0	0	0	0	0	0	0	0	0	0	15	0	0	0	0	0	0	0	0	0	0	0	0	0	0	0	0	0	0	0	22	0	17	0	0	0	0	0	14	0	0	0	9	0	0	15	11	17	0	0	0	0	0	0	0	16	11	0	11	0	0	0	0	0	0	0	0	0	0	8	0	0	0	0	0	0	0	0	0	0	0	0	0	0	0	0	0	0	0	0	0	0	0	0	0	0	0	0	0	0	15	0	0	0	0	23	0	0	6	0	0	0	0	0	17	0	0	0	13	12	0	16	0	0	0	0	0	13	0	0	0	0	0	0	0	0	0	0	0	0	0	0	0	0	0	0	9	0	0	0	0	0	0	0	0	0	0	0	0	0	0	0	0	0	16	0	0	0	0	0	0	5	0	11	0	0	9	0	0	0	0	0	0	0	0	0	0	0	0	0	0	12	0	0	0	0	0	0	0	13	15	0	0	0	0	0	0	0	0	14	5	0	0	0	0	0	0	0	0	0	0	0	0	0	0	9	0	0	0	0	0	0	0	0	0	0	0	0	0	0	0	0	0	0	0	0	0	0	0	0	0	0	0	0	0	0	0	0	0	0	0	0	0	0	0	0	0	0	0	0	0	0	0	0	0	0	0	19
0	0	0	0	0	0	0	0	0	0	0	11	0	0	0	0	0	0	0	0	0	0	0	0	0	0	0	0	11	0	0	0	0	0	0	0	0	0	13	0	0	0	0	23	0	0	0	0	0	0	0	0	0	0	0	0	0	0	0	0	0	0	0	0	0	0	0	0	15	0	0	0	0	0	0	0	0	0	0	0	0	0	24	0	7	0	0	0	9	14	0	0	0	0	0	0	9	0	0	0	0	17	0	0	0	0	0	0	0	0	0	0	0	0	0	0	0	0	9	14	0	0	0	0	0	9	15	0	0	0	10	11	0	0	0	12	0	0	0	0	0	0	0	0	0	0	7	0	0	0	0	0	0	0	0	0	0	0	0	0	0	0	0	0	12	0	0	0	0	0	0	0	0	0	0	8	0	0	0	0	0	0	0	0	0	0	0	12	0	0	15	0	0	0	0	0	0	0	0	0	11	0	0	0	0	0	0	0	0	0	0	0	0	0	0	0	0	0	0	0	0	15	0	18	14	0	0	0	0	0	0	0	0	0	0	0	0	0	0	14	0	0	0	0	0	0	0	0	0	0	10	0	0	0	0	0	0	0	0	0	0	0	0	0	13	0	0	0	10	7	0	0	10	12	0	0	0	0	0	0	0	0	0	0	0	0	0	0	0	0	0	0	0	0	0	0	0	0	0	10	0	0	0	0	12	0	10	0	0	0	0	0	0	11	0	8	11	0	0	0	0	0	0	0	0	0	0	0	2	0	0	0	0	0	0	0	0	0	0	0	0	0	5	0	0	7	0	0	0	0	11	13	0	0	0	0	0	0	0	0	0	0	8	0	0	0	0	0	0	0	0	0	0	0	0	0	0	0	0	0	14	43	0	0	0	0	0	0	0	0	0	0	0	0	0	0	0	0	0	0	0	0	0	0	0	0	0	0	0	0	23	11	0	0	0	0	14	13	0	0	0	0	0	0	16	5	0	0	0	17	0	0	0	0	13	0	0	0	0	0	16	0	0	0	0	0	0	0	0	0	0	0	0	1	0	0	0	0	0	0	0	18	16	0	0	0	0	0	0	0	0	0	8	10	0	16	0	0	6	7	0	15	11	0	0	0	0	0	0	17	0	0	0	0	0	0	0	0	0	0	0	0	0	0	0	0	18	0	0	0	0	0
0	0	0	0	0	0	0	0	0	0	11	24	12	6	0	0	0	0	0	14	38	10	0	0	0	0	0	0	0	0	0	0	0	0	0	0	0	0	0	0	0	0	0	25	0	0	0	14	0	0	15	0	0	0	8	0	10	0	0	0	0	0	0	0	0	0	0	0	15	0	0	15	0	0	0	0	10	15	0	0	0	5	14	0	0	0	0	0	0	0	0	0	0	0	0	0	0	0	0	0	0	0	0	0	0	0	0	0	15	0	0	0	0	0	0	0	0	0	10	0	0	0	0	0	0	0	10	0	0	0	0	0	0	13	0	13	0	0	0	0	0	0	0	0	0	0	0	0	15	0	5	0	0	0	0	9	0	0	0	16	0	0	11	32	11	9	0	0	0	13	14	0	0	0	0	0	0	0	0	0	0	0	0	0	9	0	0	0	0	0	0	0	0	0	0	0	0	0	0	0	12	0	0	0	0	8	0	0	0	0	0	0	0	0	0	0	0	0	11	0	29	25	27	28	0	0	0	0	0	0	0	0	0	0	0	0	0	16	0	0	6	0	0	0	0	0	0	0	16	0	0	0	10	11	14	0	0	0	0	12	0	0	0	0	10	0	18	0	0	0	0	18	0	0	0	0	0	0	0	0	0	0	0	0	0	0	0	0	0	0	0	0	24	0	0	9	0	0	0	0	0	0	0	0	0	0	0	0	0	0	0	18	0	0	0	0	0	0	0	0	0	0	0	0	0	0	0	0	0	0	0	0	0	0	0	0	0	0	0	0	0	0	0	0	0	0	0	0	0	0	0	0	0	0	0	0	0	0	0	0	0	12	0	10	0	0	0	0	0	0	0	0	0	0	0	9	15	0	0	0	0	10	0	0	0	0	0	0	0	0	0	0	0	0	0	0	0	0	0	0	0	0	0	0	0	0	0	0	0	0	0	15	0	0	0	0	0	0	0	0	16	0	0	0	18	0	17	7	16	0	0	0	0	0	0	0	0	0	0	0	0	0	0	0	0	0	0	0	0	0	0	0	18	0	0	0	0	0	0	0	0	0	0	0	0	0	0	16	0	0	0	0	11	15	0	9	0	0	11	8	0	0	0	0	0	0	0	0	0	23	0	0	8	0	0	0	0	0	0	0	0	0	0	0	0	0	35	0	0	0	0	0
0	0	0	0	0	21	12	0	0	0	0	15	11	10	14	15	13	15	15	12	0	0	0	0	0	0	0	0	0	0	0	0	0	0	0	0	0	0	0	0	13	0	0	0	0	0	0	0	0	0	0	0	9	12	0	0	0	0	0	0	0	0	0	0	0	0	0	0	20	9	13	0	0	0	0	0	0	0	0	14	10	0	0	0	0	0	0	0	0	0	0	0	0	5	0	0	0	0	0	0	0	0	0	0	0	0	0	0	0	0	0	0	0	0	0	0	0	0	0	0	0	0	0	5	0	0	0	0	0	0	0	0	0	11	0	0	0	0	0	0	0	0	11	0	0	0	17	0	0	0	0	0	0	0	0	0	0	8	14	0	0	0	0	0	0	11	16	0	0	0	0	0	17	0	0	0	0	0	0	0	23	8	0	0	0	0	0	0	0	0	0	0	0	11	8	0	9	0	10	0	0	0	0	0	0	0	0	0	0	0	0	0	0	0	0	0	0	0	0	2	36	34	17	7	0	0	9	0	0	0	0	0	0	0	0	0	0	0	0	0	0	0	0	0	10	0	0	0	0	14	0	0	0	0	0	0	0	0	0	0	0	0	0	0	0	0	0	0	0	0	0	0	0	0	0	0	0	0	0	0	0	0	0	0	0	0	0	0	0	0	0	0	0	0	12	0	0	10	15	0	9	0	8	0	0	0	0	0	0	0	18	0	0	0	10	15	0	0	0	0	0	0	0	0	0	0	10	0	0	0	0	0	0	0	0	0	0	0	0	0	0	0	0	0	0	0	0	0	0	0	0	0	0	0	0	0	0	0	0	0	0	0	0	0	0	0	0	0	15	9	0	0	0	0	0	0	0	0	0	0	0	0	0	0	0	0	0	0	0	0	0	0	0	14	0	0	0	0	0	0	0	0	0	0	0	0	0	0	0	0	0	14	0	8	0	0	0	0	0	0	0	0	0	0	0	0	0	16	0	0	0	0	0	0	0	0	0	0	0	0	0	0	11	0	0	0	0	0	0	0	0	0	0	0	0	0	0	0	0	0	0	10	0	0	0	0	0	0	0	0	0	0	2	0	0	0	0	17	0	0	0	0	0	0	12	0	39	11	0	11	17	0	0	0	0	0	0	0	0	0	0	0	0	0	0	0	7	11	0	0	0	0
0	0	0	0	0	0	0	0	0	0	0	0	0	0	0	0	0	0	8	0	0	0	0	7	0	0	0	0	0	0	0	0	0	0	0	0	0	0	0	0	0	0	0	0	16	0	0	0	0	0	0	0	0	0	0	15	0	0	0	0	0	0	0	6	13	0	0	0	4	14	0	0	0	0	0	0	0	0	0	0	0	0	0	0	0	0	0	0	0	0	0	0	0	0	0	0	0	0	0	0	0	0	0	0	0	0	0	8	0	0	0	0	10	0	0	0	0	0	9	0	0	0	0	5	0	0	0	0	0	0	0	0	0	0	0	0	0	0	0	0	0	0	0	0	0	0	0	0	0	0	0	0	0	0	0	0	10	0	0	0	0	0	0	0	0	0	0	0	0	0	0	0	0	16	0	0	0	0	0	0	6	0	0	9	0	0	0	0	0	0	0	0	0	7	0	0	0	0	0	0	0	0	0	0	0	0	0	0	9	0	0	0	0	0	0	15	0	0	0	33	21	14	0	0	0	0	14	0	0	0	3	0	0	0	0	0	0	14	0	0	0	0	0	0	0	0	0	0	0	0	5	0	0	0	0	0	0	0	0	0	0	0	11	0	0	0	0	0	0	0	0	0	0	0	0	0	0	0	0	0	0	0	0	0	0	0	0	0	0	0	0	0	0	0	0	0	0	0	7	0	0	0	0	0	0	9	0	9	0	0	0	17	0	0	0	0	0	0	0	12	0	0	11	16	0	0	13	7	0	0	11	0	0	0	18	0	0	0	0	0	0	0	0	0	0	0	0	0	0	0	0	0	0	0	0	0	0	0	0	0	0	0	0	0	0	0	0	0	8	0	0	0	0	0	0	0	0	0	0	0	20	0	0	0	0	0	0	0	0	0	17	0	0	16	0	0	0	0	0	0	0	0	0	0	0	0	0	0	0	0	0	15	0	0	0	0	0	0	0	0	0	0	0	0	0	0	0	0	0	0	0	0	0	0	0	0	0	0	9	0	0	0	0	0	0	0	12	9	0	0	0	0	0	0	0	0	0	0	0	0	0	0	0	0	0	0	0	12	0	14	0	0	13	0	0	0	15	0	0	0	0	0	0	0	0	0	23	3	0	0	0	0	0	16	0	0	0	0	0	0	9	0	0	0	0	0	0	0	0	0	0	0
0	0	0	0	0	0	0	0	0	0	0	0	0	0	0	0	0	0	12	0	0	15	0	0	0	0	0	0	0	0	0	0	0	0	0	0	0	0	0	0	0	0	0	0	0	0	0	0	0	0	0	0	0	0	0	13	0	15	0	0	0	0	0	0	0	0	0	0	0	5	0	0	0	0	0	0	0	0	0	0	0	0	0	15	0	0	0	0	0	0	0	0	14	0	0	0	0	0	0	0	0	0	8	13	0	0	0	0	0	0	12	0	15	0	10	0	0	0	0	0	0	0	0	0	8	0	0	0	0	0	0	0	0	0	0	0	10	16	9	0	0	0	12	13	0	0	0	0	0	0	0	8	0	0	0	0	0	0	0	0	0	0	0	7	10	0	0	0	0	0	0	0	0	0	0	0	0	9	0	0	0	0	0	0	0	0	31	10	0	0	0	0	0	0	0	15	12	0	15	0	0	0	0	9	0	0	18	9	0	0	0	0	0	0	0	0	0	0	19	17	0	0	0	0	0	10	0	0	0	10	8	12	0	0	0	8	14	0	8	0	0	0	0	0	0	0	0	0	0	0	0	0	0	0	0	16	0	0	0	0	0	0	0	0	0	0	0	0	0	0	16	6	0	0	0	0	0	0	17	0	0	0	0	0	0	0	0	0	0	0	0	0	0	0	0	0	0	0	0	0	15	0	0	0	0	0	0	0	0	0	0	0	0	0	0	0	0	0	0	0	0	10	0	0	0	0	0	0	17	0	0	0	0	0	0	0	0	0	0	0	0	0	0	0	0	0	0	0	0	0	0	0	0	0	0	0	0	0	0	0	0	0	0	0	12	0	0	0	0	0	0	0	0	0	14	0	0	0	0	0	0	0	0	0	0	0	0	19	0	0	0	0	0	9	0	0	0	0	0	0	0	0	0	0	0	0	16	9	0	0	0	35	24	21	0	0	0	0	0	0	0	0	0	0	0	0	0	0	0	0	0	0	0	0	0	0	0	0	0	0	0	0	0	9	0	0	0	0	0	0	0	0	0	0	0	0	0	0	0	0	0	0	0	0	0	0	0	0	0	11	31	0	0	0	0	0	0	0	0	0	0	0	0	0	0	0	0	0	0	17	0	13	0	10	0	0	0	0	0	0	0	0	0	0	0	9	9	0	0	0	0	0
0	0	0	0	0	0	0	13	0	0	30	0	0	0	0	0	0	0	11	0	0	0	0	0	25	12	0	0	0	0	0	0	0	0	16	0	0	0	0	0	0	15	9	0	0	0	0	0	0	0	0	0	0	0	0	0	0	0	0	0	0	0	0	0	0	0	0	0	0	0	0	0	0	0	0	0	15	0	0	0	0	0	0	0	0	19	0	0	10	0	0	0	0	0	0	0	0	0	0	0	0	0	0	0	0	0	0	0	0	0	0	0	2	0	0	0	0	0	0	0	0	0	0	0	0	0	0	0	0	0	0	0	0	0	0	0	0	0	15	0	0	0	0	0	0	0	0	0	0	14	0	5	14	0	0	0	0	0	0	0	0	0	0	14	11	2	2	2	0	0	0	0	7	0	0	6	0	0	0	0	0	0	0	9	10	0	15	0	0	0	0	0	0	0	0	0	0	0	7	0	0	0	0	0	0	15	7	33	0	0	0	0	0	0	10	0	0	20	10	0	0	0	0	0	0	0	0	0	0	30	0	14	0	22	28	13	4	7	7	0	0	0	0	0	0	0	0	0	0	0	0	14	0	0	0	0	0	0	0	0	0	0	0	0	0	0	0	0	7	16	0	0	0	0	0	0	0	0	0	8	0	0	0	0	0	12	0	0	17	0	16	8	0	0	0	0	0	0	0	0	0	0	0	0	0	0	0	28	0	0	0	0	9	0	0	0	0	0	0	0	0	0	0	0	0	12	0	0	11	0	5	0	0	0	0	0	0	0	0	0	14	0	0	0	0	0	0	0	0	0	0	0	0	10	0	0	0	0	0	0	0	0	0	14	0	0	0	0	0	0	0	0	0	0	0	0	0	0	0	0	0	0	0	9	0	0	0	0	0	0	0	0	0	0	0	0	0	0	0	0	0	0	0	0	0	0	0	0	0	0	0	0	0	0	0	0	0	0	0	0	0	0	0	16	0	0	0	0	0	0	0	0	17	0	0	15	0	0	0	0	0	0	0	15	0	0	0	0	0	0	0	0	0	0	14	20	0	0	0	0	0	0	0	0	0	0	0	0	0	0	0	0	0	0	0	0	0	0	0	0	0	0	0	0	0	0	0	0	0	24	14	9	0	0	0	0	0	0	0	0	0	9	4	17	0	8	0	0	0	0	0	0
13	0	0	0	0	0	0	11	0	0	0	0	0	0	0	0	0	0	0	0	0	0	0	0	15	0	10	24	8	0	0	26	24	0	0	0	0	0	0	0	0	8	0	0	0	0	0	0	0	0	0	0	0	0	0	0	0	0	0	0	0	0	0	0	26	0	0	0	0	0	0	0	0	0	0	0	0	0	0	0	0	0	0	0	0	10	0	0	15	0	0	0	0	0	0	0	0	0	0	0	0	13	0	0	0	0	0	0	0	0	0	12	11	0	0	0	0	0	0	0	0	0	0	0	0	0	0	12	0	0	0	0	0	0	0	0	0	0	0	0	0	0	18	0	0	0	0	0	0	0	0	0	0	0	0	15	0	0	0	0	0	0	0	1	3	4	3	13	3	0	0	0	0	0	0	0	0	0	0	0	0	0	0	0	0	0	0	0	0	0	7	0	0	0	0	0	0	0	0	0	0	0	0	16	0	0	0	0	0	0	0	0	0	0	0	0	0	0	0	0	0	9	17	0	0	0	0	0	0	7	0	7	11	0	0	0	0	0	0	0	0	0	0	6	15	0	0	0	0	0	4	7	16	0	0	0	0	0	13	0	0	0	0	0	0	0	0	0	0	0	0	0	0	0	0	0	0	0	0	0	0	0	0	0	0	0	0	0	0	0	5	0	0	0	0	0	0	0	0	0	0	0	0	0	0	0	0	0	0	11	0	0	0	11	0	0	0	0	0	0	0	0	0	0	0	0	0	0	0	0	9	0	0	0	0	0	0	0	0	0	11	0	0	0	0	11	0	0	11	0	0	0	0	0	0	0	0	0	0	0	0	0	16	0	0	0	0	0	0	0	0	0	0	0	0	0	14	11	0	0	0	0	0	0	0	17	0	0	0	0	0	0	0	0	9	0	0	0	0	0	0	0	0	0	0	0	0	0	0	0	0	0	0	0	0	0	0	0	0	0	0	0	11	0	0	0	0	0	0	0	17	0	18	0	0	8	0	0	15	0	0	0	0	9	15	0	0	0	0	0	0	0	0	0	0	16	0	0	0	0	0	2	0	0	0	0	12	0	0	0	0	0	0	0	0	0	0	0	0	26	0	13	12	0	0	0	0	0	0	0	19	16	0	0	12	15	0	0	0	0	0	0	0	0	0	14	0	0	0	0	0	0
13	0	11	12	0	0	0	0	0	0	0	0	0	0	0	0	0	0	0	0	0	0	0	0	0	0	0	8	0	0	0	18	0	0	0	8	0	10	0	0	14	22	0	0	0	0	0	0	0	0	0	0	0	0	0	7	0	0	0	0	0	0	0	0	0	0	0	0	15	19	32	9	15	0	7	7	14	0	0	0	0	0	0	0	0	13	0	0	0	0	0	0	0	0	0	9	9	0	0	0	0	0	0	0	16	0	0	0	0	0	0	0	0	0	0	0	0	0	0	0	0	0	0	0	0	0	10	26	0	0	0	0	0	0	0	0	0	0	0	0	0	0	0	0	0	0	0	0	0	6	2	0	0	0	0	7	0	0	0	0	0	0	0	3	4	17	47	20	4	3	12	0	0	13	24	0	3	0	0	0	12	0	0	0	0	0	0	0	0	0	0	0	0	7	8	0	0	0	0	0	0	0	9	0	0	0	0	0	0	0	0	0	0	0	0	0	0	0	0	0	0	0	0	0	0	0	0	0	0	13	0	0	0	0	14	10	0	0	0	0	0	0	0	23	13	0	0	0	0	0	0	0	0	0	0	0	0	21	10	0	16	10	0	0	0	0	0	0	0	0	0	16	0	0	0	0	0	0	0	0	0	0	0	0	0	0	8	0	0	0	0	0	15	7	0	0	0	0	0	0	0	0	0	0	0	0	0	0	0	0	0	0	0	0	0	0	0	0	0	0	0	0	0	0	0	0	0	0	0	0	0	0	0	0	0	16	13	0	0	0	0	0	0	0	0	0	0	0	0	9	0	0	0	0	0	0	0	9	0	0	0	0	0	0	0	0	17	18	0	25	0	0	0	0	0	0	0	0	0	0	0	22	0	0	0	0	0	0	0	0	0	0	3	0	0	0	0	7	0	0	0	0	15	0	0	0	0	0	0	0	0	0	0	0	13	0	0	0	0	0	0	0	0	0	0	0	15	0	0	0	0	0	0	0	0	0	0	0	18	0	14	0	0	0	0	0	0	0	0	0	0	0	0	0	0	14	10	0	0	0	0	14	0	0	0	11	16	6	0	0	0	0	8	2	0	0	0	0	0	18	0	5	0	0	0	0	0	0	18	0	0	14	21	0	0	0	0	0	0	0	0	0	0	0	0	0	0	15	0	0	0	0
0	0	0	0	0	0	0	0	0	0	0	0	0	14	0	0	0	0	0	0	0	0	0	0	0	9	8	0	0	0	0	29	0	0	0	0	0	0	8	16	0	0	25	14	0	0	0	0	8	0	0	0	0	0	12	23	12	0	0	0	0	0	0	14	0	0	0	2	48	11	15	3	10	0	0	0	0	0	0	0	14	0	0	0	0	0	0	0	0	0	0	0	0	0	0	6	14	0	15	0	0	0	0	0	0	0	0	0	0	0	0	0	0	0	0	4	14	0	0	0	0	0	0	0	0	0	0	0	0	0	0	0	10	0	0	0	0	16	0	0	0	0	0	0	0	0	0	0	0	0	0	0	0	0	9	29	4	0	0	0	0	0	0	3	7	111	242	140	9	4	11	13	8	6	14	0	0	0	0	0	6	0	0	0	0	0	0	0	0	0	0	11	12	10	12	0	0	0	0	0	0	0	0	0	0	0	0	0	0	0	0	0	10	0	0	0	0	0	0	0	0	0	0	0	0	0	0	0	0	9	0	0	8	0	0	0	0	0	0	0	0	0	0	0	0	0	14	0	0	18	0	0	0	0	0	0	0	13	0	11	0	0	0	0	8	0	0	0	0	0	0	0	0	0	0	0	0	0	0	0	0	0	0	0	0	0	3	0	0	0	0	0	0	0	0	14	0	0	0	0	0	0	0	0	0	0	0	0	0	0	0	0	7	16	0	0	0	0	0	0	0	0	12	0	0	0	0	0	0	0	0	0	0	11	0	0	20	9	0	0	0	0	0	0	0	0	0	0	0	0	0	0	6	0	0	11	13	0	0	0	0	0	0	0	0	0	0	0	17	41	0	0	0	0	0	0	0	0	0	0	0	5	0	0	0	0	10	0	0	0	0	0	0	0	0	10	0	0	0	16	0	18	0	0	0	0	0	0	0	0	0	0	0	0	0	0	0	13	0	0	0	0	0	0	0	0	0	0	0	0	0	8	0	0	0	0	0	0	0	0	0	0	0	0	8	0	12	0	0	0	12	0	0	0	0	0	20	0	5	0	0	0	0	25	15	20	18	21	0	0	0	0	0	0	0	15	0	0	0	0	0	0	0	0	0	0	0	0	0	0	0	0	0	0	0	0	0	0	10	0	0	0	0	0	0	0	0	0	0	0	0	26
0	0	0	0	0	0	0	0	0	0	0	0	0	0	0	0	0	0	0	0	0	0	0	0	0	0	0	0	0	0	0	0	0	0	0	0	0	0	0	0	0	0	0	12	16	12	0	0	10	0	0	0	11	13	0	0	0	0	0	0	0	0	0	8	0	0	0	0	11	0	0	0	0	0	0	0	0	0	0	0	12	8	7	0	0	0	0	0	0	0	0	11	0	0	0	0	0	0	0	0	0	0	0	0	0	0	0	0	0	0	0	0	0	0	0	0	0	0	0	0	0	0	0	0	0	0	10	0	0	0	0	0	2	0	0	0	0	6	15	0	0	0	0	0	0	0	0	0	15	0	0	0	0	0	0	9	0	0	0	0	0	0	1	3	7	112	238	130	10	19	1	0	16	0	0	0	0	0	0	0	15	0	0	0	0	0	0	0	0	0	0	0	0	0	0	0	0	0	9	0	0	0	0	0	0	0	0	0	7	11	0	7	0	0	0	0	0	0	0	0	0	0	0	10	0	0	0	0	0	0	0	0	10	0	0	18	0	5	0	0	0	0	0	0	0	0	0	0	0	0	0	0	0	0	10	0	0	0	0	0	0	0	0	0	0	0	0	0	0	0	0	8	0	0	0	0	0	0	0	0	0	0	0	14	0	0	0	0	0	0	0	0	10	0	0	10	0	0	0	0	0	0	0	0	0	0	0	0	0	0	0	0	0	0	0	0	0	0	0	0	0	0	0	0	0	0	9	0	0	0	0	6	0	0	0	0	0	15	14	0	0	0	0	0	0	12	0	19	35	0	0	0	8	0	0	0	0	0	0	0	0	0	0	0	0	13	15	0	15	24	17	0	0	0	0	0	14	0	0	7	0	0	14	0	0	0	0	0	0	0	0	0	0	0	0	0	4	0	0	0	0	0	0	8	0	0	0	0	0	0	0	0	0	0	0	0	15	0	0	0	17	0	0	0	8	0	0	0	0	0	0	9	0	0	0	0	0	0	0	0	6	8	0	0	0	0	10	0	0	0	12	0	0	0	0	0	10	18	16	14	16	19	17	13	12	5	0	15	0	0	0	0	0	0	0	17	0	0	0	0	0	0	0	0	0	0	0	0	0	0	0	0	0	0	0	18	0	0	0	0	0	0	0	0	0	0	0	0	0	0	0	0
0	0	0	0	0	0	0	0	0	0	0	0	0	0	0	0	0	0	0	0	0	0	0	0	0	0	0	0	0	0	0	0	9	0	0	0	0	0	0	0	0	0	0	0	0	11	15	11	0	0	0	0	14	0	0	17	0	0	0	0	0	0	0	0	0	0	0	0	0	0	0	0	0	0	0	14	0	0	0	0	0	0	0	0	0	0	0	0	0	0	0	0	0	14	0	0	0	1	0	0	0	0	0	15	0	0	0	0	0	9	0	0	0	0	0	0	0	0	0	0	0	0	0	0	0	0	0	0	0	0	0	0	0	0	0	0	0	0	0	0	0	0	0	0	0	0	0	0	0	0	0	0	0	0	0	9	0	0	0	0	0	0	0	6	3	24	46	19	13	3	0	0	0	0	0	8	0	0	0	0	0	0	0	0	0	0	0	0	0	0	0	0	0	0	0	12	0	0	0	0	0	0	0	0	0	0	0	0	13	0	0	13	0	0	0	0	15	0	0	0	0	0	0	10	0	0	0	15	0	0	0	0	14	0	0	0	0	0	0	0	0	0	0	0	0	0	0	0	0	17	0	0	0	0	0	0	0	0	0	0	0	0	0	0	0	0	16	0	0	15	0	0	0	30	0	0	0	0	0	0	0	0	0	0	0	0	0	0	0	0	0	0	0	0	0	0	0	0	0	0	0	0	0	0	0	0	0	8	0	11	0	0	0	0	0	0	0	0	0	0	18	0	0	9	0	0	0	0	0	0	0	15	0	0	0	0	0	0	16	15	8	0	0	0	0	0	0	30	34	0	0	0	10	0	12	0	0	0	0	0	15	0	0	0	0	0	0	0	0	0	0	0	17	10	0	0	0	0	9	28	0	0	0	0	0	0	0	0	0	0	0	0	0	0	0	0	0	0	0	0	0	0	0	17	0	0	0	0	0	0	8	0	0	0	0	27	0	0	0	0	0	0	0	0	0	0	0	0	4	0	0	0	0	0	0	0	0	0	0	0	8	10	0	0	0	0	0	0	0	0	0	0	0	0	0	18	0	0	0	20	0	0	14	10	0	14	8	0	0	0	0	0	0	0	0	0	0	0	0	10	0	7	0	0	0	0	0	0	0	0	0	0	0	0	0	0	0	0	0	0	0	0	0	0	0	0	0	0	0	0	0	0
14	0	0	0	0	0	0	0	0	0	9	17	0	0	0	15	0	0	0	0	0	0	0	0	0	0	0	0	0	0	0	0	12	0	0	0	15	0	0	0	0	0	0	0	0	0	0	0	0	0	14	0	0	9	8	0	0	0	10	0	0	14	0	0	0	0	0	9	0	9	11	13	0	0	0	9	0	13	8	0	9	0	0	0	0	0	0	0	0	0	0	13	0	0	10	12	0	13	10	0	0	0	0	0	14	0	0	0	0	13	0	0	0	11	0	0	0	0	0	0	0	0	0	0	0	0	0	0	0	0	0	0	0	0	0	0	0	0	0	0	0	0	0	0	0	0	0	0	0	0	0	0	0	0	0	0	0	0	0	0	0	0	9	10	3	4	4	3	14	1	0	0	0	0	10	0	0	0	0	0	0	0	0	7	0	0	0	0	0	0	0	14	0	0	0	0	0	0	8	0	0	0	0	0	0	0	0	0	0	0	0	0	0	0	0	0	0	0	0	0	0	0	0	0	0	0	0	0	0	0	0	0	0	0	7	0	0	0	11	0	0	0	8	0	0	17	7	0	0	0	0	0	0	0	16	0	0	0	0	9	0	0	0	0	0	0	13	0	0	10	0	0	0	0	0	0	17	5	0	0	0	0	0	16	13	0	0	0	0	0	0	0	0	0	0	0	0	0	0	0	0	0	8	0	0	15	14	3	0	0	0	0	0	0	0	0	0	0	0	11	0	0	0	0	0	0	5	8	0	0	0	0	0	0	0	0	0	0	0	0	15	10	0	8	14	0	0	6	0	0	0	0	0	0	0	0	0	0	0	11	13	0	0	0	0	0	0	0	0	0	0	0	0	16	0	0	0	0	0	0	0	0	0	0	0	0	0	0	0	0	0	0	0	0	0	0	0	0	11	0	0	0	0	0	0	0	0	0	0	0	0	0	0	0	0	0	0	0	0	0	0	0	0	0	0	15	0	0	4	0	0	0	0	0	0	0	0	0	0	0	0	0	0	0	0	0	0	0	0	0	0	0	0	0	19	19	0	0	0	0	0	0	0	0	0	0	11	0	0	0	0	0	0	0	0	0	0	0	0	0	0	0	0	9	0	0	0	0	0	0	0	0	0	0	0	0	0	0	0	19	0	0	0	0	8	0	0	0	0	0	0	0
0	0	0	0	0	0	0	0	0	0	0	0	0	0	0	0	0	0	0	0	0	0	0	0	0	0	0	0	0	0	0	0	0	0	0	0	0	0	14	11	0	0	0	0	0	0	0	0	0	0	0	0	14	0	13	0	0	0	0	10	0	0	0	25	19	0	0	0	0	0	0	7	0	0	0	0	0	0	0	0	0	0	0	0	0	7	4	0	0	0	0	11	0	0	15	26	0	0	0	0	0	0	0	0	0	0	0	0	0	0	0	0	0	14	0	0	0	0	8	15	0	0	0	0	0	0	0	0	0	0	0	0	0	0	0	0	0	0	0	0	5	0	0	0	0	33	0	0	0	0	0	0	0	0	0	0	10	0	0	0	0	0	0	0	1	2	2	1	2	0	0	0	0	0	0	0	0	0	0	0	0	0	0	0	0	15	0	0	0	0	0	9	0	0	0	0	0	0	0	0	0	0	0	0	0	15	0	5	15	0	0	0	0	0	0	0	0	0	0	0	10	0	0	0	0	0	0	0	13	0	0	0	9	0	0	0	0	0	15	0	0	11	0	0	12	12	13	0	0	0	10	0	0	0	0	0	0	0	0	0	0	0	0	0	11	9	0	0	0	0	11	0	0	0	0	0	0	0	0	0	0	0	17	9	0	0	0	0	14	0	0	0	0	0	0	0	0	0	0	0	0	0	0	0	0	0	11	13	9	0	16	0	0	0	0	0	0	0	0	0	0	0	0	0	0	0	0	0	0	0	0	0	0	0	0	14	10	0	0	0	0	9	20	0	7	0	0	0	0	0	0	0	0	0	0	0	0	0	0	0	0	0	0	0	0	0	0	0	0	0	0	0	0	0	0	0	0	0	0	0	0	0	19	0	0	0	0	0	0	0	0	0	0	0	10	0	0	0	0	0	0	0	0	0	0	0	0	0	0	0	0	0	0	0	0	14	0	0	0	0	0	0	0	0	0	3	0	0	0	0	0	0	0	0	0	0	0	17	0	0	12	0	0	0	0	0	0	18	0	0	0	0	0	0	17	22	0	0	0	0	0	2	0	0	0	0	0	0	0	0	0	0	0	0	0	0	0	0	0	0	0	0	0	0	0	0	0	0	0	0	0	0	24	0	0	0	0	0	0	0	0	0	0	0	0	0	0	0	0	0	0	0
0	0	11	14	0	0	0	0	0	0	0	0	0	0	0	0	8	0	0	0	0	0	0	0	0	0	0	0	0	0	0	0	0	0	0	0	15	0	0	0	0	0	0	0	11	0	0	0	0	0	0	0	0	0	0	0	0	0	0	0	13	0	0	0	16	21	0	0	0	0	0	0	0	0	0	0	0	0	15	0	0	0	0	0	0	6	0	0	0	0	0	0	0	0	14	0	0	10	8	0	0	0	0	0	11	0	0	0	0	0	0	0	0	0	0	10	0	0	0	13	13	0	0	14	0	0	0	0	0	0	0	0	0	0	0	0	0	0	0	9	0	0	0	0	0	0	0	0	0	0	16	16	16	0	0	7	14	0	0	0	0	0	0	0	0	0	17	9	0	0	7	0	0	0	0	0	0	0	0	0	0	0	0	0	0	0	0	0	0	0	0	0	0	0	0	0	8	0	0	0	0	0	0	0	9	0	16	24	10	0	0	0	0	0	0	0	0	0	0	0	0	0	0	0	0	0	0	18	0	0	9	0	0	0	0	0	0	0	0	0	0	0	0	0	0	0	0	0	0	0	0	0	0	0	0	0	0	17	0	0	0	0	0	0	0	0	0	0	0	0	0	11	0	0	0	0	0	9	2	0	0	0	0	0	0	0	0	0	0	0	0	0	0	0	0	0	0	0	0	0	0	0	0	0	0	0	0	0	0	0	0	0	0	0	7	0	0	0	0	0	0	0	0	0	0	0	0	0	0	0	0	0	0	0	0	0	0	0	11	0	0	0	16	16	13	0	0	0	0	0	0	0	0	0	0	0	0	0	0	0	0	0	0	0	0	0	0	0	0	0	0	0	0	0	0	0	0	0	0	14	0	0	0	0	0	0	0	0	0	0	0	0	0	0	0	0	0	0	0	22	9	0	0	0	0	0	0	0	0	0	0	0	0	0	0	0	0	0	0	0	0	0	0	0	0	0	0	0	7	6	0	0	0	0	0	0	0	0	0	0	0	15	0	0	0	0	0	0	0	0	0	0	0	0	0	13	15	0	0	0	2	2	18	2	3	1	0	0	0	0	17	0	0	11	0	0	0	0	0	0	0	8	0	0	18	8	0	0	0	22	5	0	0	0	0	0	17	0	0	0	0	0	0	0	0	0	0	0	0	0	0	0
0	0	0	11	0	0	0	0	0	0	0	0	0	0	0	0	14	0	0	17	0	0	0	0	0	0	0	0	0	0	0	0	0	0	0	0	0	0	0	0	0	0	0	0	0	0	0	0	0	10	0	0	0	0	8	7	0	0	0	0	5	0	0	0	0	24	0	0	0	0	0	0	0	15	0	0	0	0	0	0	0	0	0	0	9	8	0	0	0	0	0	0	0	0	8	15	11	7	7	0	0	0	0	0	0	0	0	0	0	0	6	0	0	0	0	0	0	0	0	0	20	16	0	0	0	0	0	0	0	0	0	0	0	0	0	0	0	9	0	0	0	0	0	0	0	0	0	0	0	5	25	20	29	0	0	0	11	0	0	0	15	0	0	0	0	0	0	0	0	0	0	0	0	8	0	0	0	0	0	0	7	0	0	0	10	14	0	0	0	0	0	0	0	0	0	0	0	0	0	16	0	0	0	0	0	0	0	0	0	0	0	0	0	0	0	0	0	0	0	0	0	15	7	0	0	0	0	13	0	0	0	0	0	0	0	0	0	0	0	0	0	0	0	0	0	0	0	0	0	0	0	0	0	0	0	0	0	0	0	0	0	0	0	0	0	0	10	0	0	0	0	0	18	0	0	0	0	0	0	0	0	0	0	0	0	0	0	0	0	0	0	0	0	0	16	0	0	0	0	0	0	0	0	0	0	9	0	0	0	0	0	0	0	17	0	0	10	0	0	0	0	0	0	0	0	0	0	0	0	0	0	0	15	0	0	0	0	0	0	8	0	0	0	0	0	16	16	16	16	0	0	0	0	0	0	0	0	0	0	0	0	0	0	0	0	0	0	0	0	0	0	0	0	0	0	0	0	0	0	26	0	0	10	0	0	0	0	12	17	0	0	0	0	0	0	27	0	0	0	7	0	0	0	0	0	0	0	0	0	0	0	0	0	0	9	16	0	0	0	0	0	0	11	0	0	0	0	0	0	0	5	0	0	6	11	0	0	0	0	0	0	0	0	6	12	0	0	0	0	0	0	0	0	18	0	0	0	0	0	3	4	4	25	4	4	2	1	0	0	0	8	0	0	0	0	0	0	0	0	0	0	0	0	0	0	0	0	0	0	0	0	0	9	0	0	0	0	0	0	0	0	0	0	0	0	9	10	0	0	0	0	0
12	0	0	0	0	0	0	0	0	0	0	0	0	0	0	0	0	0	0	0	0	0	11	9	0	0	14	15	10	0	0	6	0	0	0	0	0	0	8	12	0	0	0	0	0	0	0	0	0	16	0	0	0	0	0	0	0	0	0	0	14	29	0	0	0	12	0	0	0	0	0	0	0	0	0	0	0	0	0	0	0	16	0	0	10	5	0	14	0	0	0	0	0	0	0	0	0	0	0	0	0	0	0	0	0	0	0	10	0	10	20	15	10	0	0	0	0	14	0	0	5	24	0	0	0	0	0	0	0	0	0	0	0	0	0	0	13	19	0	0	0	0	0	0	0	0	0	0	0	9	30	21	9	0	0	0	0	0	0	0	0	0	0	0	0	13	0	0	0	0	0	0	0	16	0	11	0	0	0	0	13	8	0	0	0	0	0	0	0	0	0	0	10	0	0	0	0	0	0	0	0	15	0	0	0	0	0	0	0	0	0	0	0	0	0	0	0	0	0	0	11	0	0	0	0	0	12	17	0	0	0	0	0	0	0	0	0	0	0	0	0	0	0	0	11	9	0	0	0	0	8	0	0	0	0	0	0	0	11	12	11	0	14	10	0	0	0	0	0	0	0	0	0	0	0	0	0	10	0	0	0	0	0	0	0	0	0	0	0	0	0	0	0	0	0	0	0	0	0	0	0	0	0	0	0	0	0	0	0	0	8	13	0	0	0	0	0	0	0	0	0	0	0	0	1	0	0	0	0	0	0	0	0	0	0	0	0	0	0	0	0	0	0	0	0	0	0	0	0	0	13	18	27	4	16	8	0	0	0	0	0	0	0	0	0	0	0	0	0	0	0	0	0	0	0	11	0	0	0	0	0	16	7	13	0	0	0	0	0	0	0	0	19	0	0	0	0	0	0	0	0	0	0	0	0	0	0	0	0	18	0	16	0	0	0	0	0	0	0	0	0	0	4	0	0	0	0	0	0	0	0	0	0	16	0	0	0	0	0	0	0	0	0	0	0	0	0	0	0	0	0	0	0	0	10	0	0	0	1	15	4	21	25	17	5	5	3	0	0	0	0	0	11	0	0	0	0	0	0	0	0	0	0	0	0	0	0	0	0	14	0	0	0	35	0	0	0	0	11	0	0	0	0	0	0	0	0	0	0	0	0	0
13	0	0	0	0	0	0	0	0	0	0	0	14	0	0	0	0	0	0	0	0	0	0	0	0	9	13	0	14	0	0	15	11	0	0	0	0	0	0	0	0	0	0	0	0	0	0	0	0	19	0	0	13	0	0	0	0	0	10	0	0	17	0	0	0	0	0	0	0	0	0	0	0	0	8	0	0	0	0	0	0	0	0	0	0	0	0	0	0	0	0	0	0	0	0	0	0	0	0	0	0	0	0	0	0	0	0	0	0	0	0	0	9	0	0	0	0	11	0	0	0	0	17	0	0	0	0	0	0	0	0	0	0	0	0	0	0	0	0	0	0	0	0	0	0	0	0	0	0	0	0	11	0	0	0	0	0	0	0	0	0	0	0	0	0	10	0	0	0	0	16	0	0	0	0	9	0	0	0	0	0	14	6	0	0	0	0	0	0	16	0	16	0	0	0	0	0	0	0	0	0	16	0	0	0	0	0	0	0	0	0	0	0	0	0	0	0	0	0	0	0	0	0	0	0	0	15	0	0	0	0	0	0	0	0	0	0	14	0	0	34	0	13	0	0	10	0	0	0	0	0	0	15	0	7	15	0	0	15	0	0	0	0	0	0	0	0	0	0	0	0	0	15	0	0	0	0	0	0	0	10	0	0	0	0	0	0	0	0	0	0	8	0	0	0	0	0	0	0	0	0	0	0	0	0	0	0	0	0	0	0	13	0	0	0	9	11	0	0	0	0	0	0	0	1	0	0	0	0	0	0	0	0	9	0	0	0	0	0	0	0	0	0	0	0	0	0	0	0	0	0	0	37	26	0	0	0	0	0	0	0	0	0	0	0	0	0	0	0	0	0	0	0	0	0	0	0	0	0	0	0	0	12	14	0	0	0	0	0	0	0	0	0	0	0	0	0	0	0	0	0	0	0	0	0	0	0	0	0	0	11	0	0	0	0	0	0	0	0	0	0	0	0	0	0	0	0	0	0	0	0	0	0	0	0	0	0	0	0	0	0	0	0	0	0	0	0	0	0	0	0	0	0	0	0	0	0	0	2	4	8	125	272	167	16	4	2	0	0	0	0	0	14	15	0	0	0	0	0	0	0	0	0	0	0	0	0	0	12	0	0	0	0	0	0	16	0	0	10	0	0	0	0	0	0	0	0	0	0	0	0	0
0	0	0	15	0	17	18	0	0	0	0	0	10	0	0	0	0	0	9	0	0	0	0	0	0	9	15	0	0	0	12	0	0	0	0	0	14	0	0	0	0	0	0	0	0	0	0	0	13	13	19	16	0	0	0	0	0	0	0	0	0	0	0	0	0	0	0	0	15	0	0	0	0	0	0	0	0	0	0	0	0	0	0	0	0	0	0	0	0	0	0	0	0	0	0	0	4	10	0	0	0	0	0	0	0	0	0	0	0	0	0	0	0	0	0	0	0	13	0	0	0	0	12	16	0	10	0	0	0	0	0	0	0	0	0	0	10	15	0	17	0	0	0	0	0	0	0	0	0	0	0	0	0	0	0	0	0	0	0	0	0	16	0	0	0	0	0	0	0	0	0	0	0	0	0	13	14	0	0	0	0	0	0	0	0	0	0	0	15	0	16	0	0	0	0	0	0	0	0	0	0	0	0	0	0	14	8	0	0	0	0	0	0	0	0	0	0	0	0	24	0	0	0	16	0	0	13	0	0	0	0	0	0	0	0	0	0	0	0	0	0	0	0	0	0	0	0	0	0	0	0	0	0	0	0	0	0	0	0	0	0	0	0	0	0	0	0	0	0	0	0	0	10	0	0	0	0	0	0	0	0	0	0	0	0	0	0	0	0	0	0	0	0	0	0	0	0	0	0	0	0	0	0	0	0	0	16	0	0	11	0	0	0	16	0	0	14	0	0	0	0	11	0	0	0	6	0	0	0	0	0	0	8	8	0	0	0	0	0	0	0	0	0	0	0	0	0	0	0	0	0	0	0	0	0	0	0	0	0	0	0	0	0	0	10	10	0	0	0	0	0	0	14	19	12	0	0	0	0	0	0	12	27	0	0	0	0	10	0	0	0	0	0	0	0	0	0	0	0	0	0	0	0	0	0	0	0	0	0	0	0	0	0	0	0	14	15	0	0	10	0	0	0	0	0	0	0	0	0	0	16	0	0	0	0	0	0	7	0	11	10	0	0	0	0	15	0	0	0	0	0	0	0	0	0	0	0	0	3	4	14	221	821	254	24	4	3	0	0	0	0	0	0	15	37	0	0	0	0	0	0	0	0	0	0	0	0	0	0	0	13	0	0	0	0	0	0	0	0	0	0	0	0	0	0	0	0	0	0	0	0	0
17	12	0	14	0	14	0	10	14	0	0	0	0	0	0	0	0	0	0	0	0	0	0	9	0	0	12	10	0	0	0	0	15	0	0	0	0	16	7	0	0	0	0	0	12	0	0	0	0	0	9	16	6	0	0	0	0	0	13	0	0	0	0	0	10	9	0	0	0	0	0	0	0	0	0	15	0	0	0	0	0	0	0	0	0	0	0	0	0	0	0	0	0	0	0	0	6	9	0	0	0	0	0	0	0	6	0	0	0	0	0	0	0	0	0	0	0	0	0	0	0	17	0	14	11	0	0	0	0	0	0	0	0	0	0	0	0	0	13	0	0	0	0	0	0	0	0	0	0	0	0	0	0	0	0	0	0	0	0	0	0	0	0	0	0	0	0	0	0	0	0	0	0	0	0	0	0	0	0	0	0	0	0	0	0	0	0	0	0	0	0	0	0	0	0	0	0	5	2	0	0	0	0	0	0	0	0	0	0	0	11	0	0	0	0	0	0	0	0	0	0	0	0	0	0	11	6	0	0	0	10	0	0	0	0	0	0	0	0	0	0	0	0	0	0	0	0	0	0	15	0	15	0	0	9	0	0	0	0	0	0	0	0	0	0	0	17	0	0	0	0	0	0	10	0	0	0	0	0	0	0	0	13	0	0	0	0	0	0	0	0	0	0	0	0	0	0	0	0	0	0	0	0	14	0	0	0	0	0	0	0	0	0	0	0	0	0	0	0	0	0	0	0	0	0	0	0	0	16	0	0	0	8	9	0	0	0	0	0	0	0	0	0	0	0	0	0	0	0	0	0	0	0	0	0	0	0	0	0	0	0	0	0	0	0	0	0	0	0	0	0	0	37	28	24	0	0	0	0	0	14	0	0	0	0	0	18	0	0	0	0	0	0	0	0	0	0	0	0	0	0	0	0	0	0	0	17	0	8	0	0	0	0	0	0	0	0	0	0	0	0	16	0	0	0	0	0	0	0	0	0	0	0	0	0	0	0	0	7	0	0	0	10	0	0	0	0	0	0	0	0	0	0	0	0	0	0	0	13	18	6	72	195	100	9	4	14	0	0	0	0	0	0	0	16	15	0	0	0	0	0	0	0	0	0	0	0	0	0	0	0	0	0	0	0	0	0	0	0	0	10	0	0	0	0	0	17	0	0	0	15	14
0	0	9	0	0	0	0	0	8	0	0	0	0	0	0	0	0	0	0	0	0	0	11	0	0	0	12	0	0	0	0	0	0	0	0	0	0	0	0	0	0	0	0	0	5	0	0	0	0	0	13	13	28	0	0	0	0	0	8	0	0	0	0	0	0	0	11	0	0	0	0	0	0	0	0	0	0	0	0	0	0	0	0	0	0	0	0	0	11	0	0	0	0	0	0	12	0	0	0	0	15	0	0	0	0	25	0	0	0	0	0	12	0	12	0	0	0	0	0	0	0	0	0	0	0	0	0	0	0	0	0	0	0	0	0	0	0	0	0	0	0	0	0	0	0	0	0	8	17	0	0	0	0	0	0	0	0	14	0	0	0	0	0	0	0	0	0	0	0	0	0	0	0	0	0	15	0	0	0	0	0	0	0	0	0	0	0	0	0	0	0	0	0	0	0	0	0	0	0	0	0	0	0	0	0	0	0	0	0	0	0	0	0	0	0	0	0	0	17	0	0	0	7	0	0	24	0	0	17	0	0	0	0	0	0	0	0	0	0	0	0	0	0	11	0	0	0	0	0	0	0	0	0	0	0	0	0	0	14	9	0	0	0	0	0	0	14	11	17	0	0	0	0	0	0	0	0	0	0	0	0	0	14	0	0	0	0	0	0	0	0	0	0	0	0	0	0	0	0	0	0	0	0	12	0	0	0	0	0	0	0	0	0	0	0	0	0	0	0	0	0	0	0	0	0	0	0	0	0	0	0	0	0	0	0	0	0	0	0	0	0	0	0	0	0	0	0	0	18	0	0	0	0	0	18	0	0	0	0	0	15	0	0	0	16	0	0	0	0	0	0	0	19	12	0	0	14	19	0	0	9	0	10	0	0	0	15	10	0	0	0	0	0	0	0	0	0	8	0	0	0	0	0	0	0	0	0	0	0	8	0	0	0	13	18	0	0	0	0	0	0	0	0	0	0	0	0	0	0	0	0	0	0	0	0	0	0	0	0	0	0	0	0	13	0	0	0	0	0	0	0	0	0	0	0	18	0	0	0	4	4	7	15	7	4	4	1	0	0	0	0	0	0	0	0	10	18	0	0	0	0	0	0	0	0	0	0	0	0	0	11	12	13	0	0	0	0	0	0	0	0	0	0	0	0	0	0	0	0	0	19	0
0	0	0	0	0	0	0	0	0	0	0	0	0	0	0	0	0	0	0	0	0	0	12	0	0	11	11	20	14	0	0	0	0	0	0	0	0	0	0	0	0	0	0	0	0	0	0	0	0	0	0	0	11	0	0	0	0	0	0	0	4	31	19	0	0	0	0	0	0	0	0	0	0	0	0	0	0	0	0	0	0	9	0	0	0	0	8	6	12	0	0	0	0	0	0	14	6	0	0	0	13	0	0	0	0	0	0	0	0	0	28	10	0	13	0	0	0	0	13	0	0	0	0	0	0	0	0	0	0	0	0	0	0	0	0	0	0	0	0	0	0	0	0	14	0	0	0	0	0	0	0	0	0	0	0	0	0	0	0	0	0	0	0	0	0	0	0	0	0	8	0	9	0	0	0	0	0	0	0	0	0	0	0	0	0	0	0	0	15	0	0	0	0	0	0	0	0	0	0	0	0	0	0	0	0	0	0	0	0	6	7	0	0	0	0	0	15	0	0	0	0	0	11	13	15	14	0	0	7	0	0	0	0	0	0	0	0	0	0	0	0	0	0	0	0	0	0	0	16	0	0	0	0	0	0	0	0	0	0	0	0	31	0	0	0	0	0	0	0	0	0	0	0	0	17	0	0	0	0	0	0	0	0	0	0	0	0	0	0	8	0	0	0	0	0	0	0	0	0	0	0	0	0	0	0	0	0	0	0	0	13	0	0	0	0	0	0	0	0	0	0	0	0	0	0	0	0	11	9	0	0	0	0	0	0	0	0	0	0	0	0	0	0	0	0	18	0	0	0	0	0	0	0	0	14	0	0	0	0	0	6	0	0	0	0	0	0	0	0	0	13	5	15	19	0	0	0	0	0	0	0	0	0	8	14	14	9	0	0	0	0	0	0	17	0	0	0	0	0	18	0	0	0	0	0	0	16	0	0	0	0	0	0	0	0	0	0	0	0	0	0	0	0	0	0	0	0	0	0	0	0	0	0	0	0	0	10	0	0	0	0	0	0	11	0	0	0	0	0	0	0	0	0	0	0	0	0	0	0	2	3	15	4	4	4	3	0	0	0	0	0	0	0	0	0	12	15	17	0	0	0	0	0	0	0	0	0	9	0	0	0	0	13	4	12	0	0	0	0	0	0	0	0	0	0	0	0	0	0	0	0	0
0	14	0	0	0	10	0	0	0	0	0	0	9	0	0	13	18	0	0	0	0	0	0	0	0	12	6	10	0	0	0	0	0	0	15	0	0	8	0	8	9	0	0	0	0	0	0	0	0	0	0	0	0	0	0	0	0	0	0	0	18	17	0	13	0	0	0	0	0	0	0	0	13	0	0	0	0	0	0	6	0	0	0	0	0	0	8	0	0	0	0	0	0	0	0	0	0	0	17	0	0	0	12	47	0	0	0	0	0	0	10	0	0	0	0	0	0	0	0	0	14	0	0	0	0	0	11	0	0	10	0	0	0	0	0	0	0	0	0	0	0	0	0	7	0	0	0	0	0	0	0	0	0	0	8	0	0	0	0	0	0	0	0	0	0	0	0	0	0	13	0	0	16	0	0	0	14	0	0	0	0	0	0	0	0	0	0	0	14	0	0	0	0	0	0	0	0	0	0	0	0	0	0	0	8	0	0	0	0	0	0	16	0	0	0	0	0	6	0	0	0	0	0	0	14	6	0	0	0	0	0	0	0	0	0	0	0	0	0	0	0	0	0	0	0	0	0	0	0	0	0	0	0	0	0	0	0	0	0	0	0	0	0	0	0	12	0	0	0	0	0	0	0	0	0	0	0	0	0	0	0	0	0	0	0	0	0	0	0	12	0	0	0	0	0	0	0	0	0	0	15	0	9	12	0	0	0	0	0	0	17	0	0	0	0	0	0	0	0	0	0	0	0	0	0	0	0	20	4	0	0	0	3	0	0	0	0	0	0	0	0	0	0	0	0	0	11	0	0	0	0	0	0	0	9	0	0	0	0	0	0	0	0	0	0	0	0	9	0	0	15	0	0	15	0	12	0	0	0	0	0	0	17	0	0	0	0	0	0	0	0	0	0	0	0	0	0	0	0	0	0	0	0	16	0	0	0	0	0	0	12	0	0	0	0	0	0	16	0	0	0	0	0	0	0	17	0	0	0	0	0	0	0	0	0	0	0	0	9	0	0	0	0	0	0	0	10	0	0	9	0	0	0	17	0	0	0	0	0	0	0	14	3	2	2	0	0	0	0	0	0	0	0	0	0	0	0	13	16	15	10	0	0	0	0	0	0	0	0	0	0	0	0	0	0	0	0	0	0	0	0	0	0	0	0	0	0	0	0	0	0	0
0	0	0	0	0	11	0	0	13	0	0	0	0	0	0	0	16	16	22	0	0	0	0	0	0	6	15	15	0	0	0	9	0	0	0	0	0	10	9	0	0	0	0	0	0	0	0	0	0	0	0	3	0	0	0	0	0	11	0	4	13	0	0	15	0	0	0	0	0	0	0	0	9	0	0	0	0	0	0	0	24	9	0	0	0	0	0	0	0	0	0	0	0	0	0	0	0	0	0	0	0	0	3	9	0	0	0	0	16	15	0	0	0	0	0	0	0	0	0	0	0	0	0	0	0	0	0	0	0	0	0	0	0	0	0	0	0	0	0	0	0	0	0	0	0	0	0	0	0	0	0	0	0	0	0	0	0	0	0	4	0	0	0	0	0	0	0	0	0	0	0	0	0	0	0	0	0	17	9	0	0	0	0	0	0	0	0	0	0	0	0	0	12	0	0	0	0	0	0	0	0	0	0	0	0	0	0	0	0	0	0	0	0	22	0	0	0	0	0	0	0	10	0	7	17	0	0	0	11	12	0	0	0	0	0	0	0	0	0	0	0	0	0	0	0	0	0	9	0	0	0	0	0	0	0	0	11	14	0	0	0	0	13	13	15	0	9	0	0	0	0	0	0	0	14	0	0	0	0	0	0	0	0	0	0	0	11	0	0	0	18	0	0	0	0	0	11	14	0	0	0	0	0	0	0	0	0	0	0	0	0	0	0	0	0	0	0	0	0	0	0	0	0	0	16	0	0	0	0	0	0	16	8	0	0	0	0	0	0	0	0	0	0	10	8	0	13	0	0	0	0	0	0	0	0	0	0	0	0	0	0	0	12	13	0	0	0	13	0	0	0	0	0	16	0	12	0	0	0	0	0	0	0	0	0	0	0	0	0	0	0	0	0	0	0	0	0	0	0	0	0	0	0	16	13	0	0	0	0	0	14	0	0	0	0	0	0	0	0	0	6	15	0	0	0	0	0	0	0	10	0	0	0	0	0	0	15	0	0	0	0	0	0	6	0	10	0	0	0	0	0	0	0	0	0	0	0	0	0	0	0	0	0	0	0	0	0	0	0	15	8	0	0	0	0	0	0	0	10	17	13	0	0	0	0	0	0	0	0	0	0	0	0	0	0	0	0	0	0	0	0	0	0	0	0	0	0	0	0	0	0	0
0	0	0	0	0	17	16	0	0	0	0	0	0	0	0	0	0	0	20	31	15	0	0	0	0	0	0	18	0	0	0	0	0	0	14	0	0	10	12	0	0	0	0	0	0	0	0	0	0	0	0	0	13	13	0	0	12	0	0	0	0	0	0	0	0	0	0	0	0	0	0	15	0	0	0	0	0	0	0	0	0	0	21	0	0	0	0	0	0	0	0	0	0	0	0	0	0	0	0	0	0	24	13	0	0	0	0	4	0	0	0	0	0	0	0	0	0	0	0	0	0	3	0	0	0	0	0	0	0	0	0	0	0	0	0	0	0	0	0	0	0	0	0	0	0	0	0	0	0	0	0	0	0	0	0	0	0	0	0	16	0	0	0	0	0	0	0	0	0	0	0	0	0	0	0	0	0	0	10	8	0	0	0	0	0	0	0	0	0	0	0	0	0	0	0	0	0	0	0	0	0	0	8	9	0	0	0	0	0	0	0	0	0	0	0	0	0	0	0	0	0	0	10	11	14	0	0	0	0	0	0	0	0	13	12	0	0	0	0	0	0	0	0	0	0	13	0	0	0	0	0	12	5	0	0	0	7	0	0	11	16	15	9	0	0	0	0	0	0	0	0	0	0	0	17	0	0	0	0	0	0	0	0	0	0	0	0	0	0	0	4	0	0	0	5	0	0	0	15	0	0	0	0	0	0	13	0	0	0	0	0	0	0	0	0	0	0	0	0	0	0	0	0	0	0	0	0	0	0	0	0	0	0	0	0	0	0	0	0	0	0	0	0	0	0	15	0	0	0	0	0	0	0	0	0	0	0	0	0	0	0	0	0	0	0	0	0	0	0	0	0	0	0	17	0	0	0	0	0	0	0	0	0	0	0	0	0	0	18	0	0	17	11	0	0	0	0	0	0	0	0	0	0	13	0	0	0	0	0	0	0	9	0	0	0	0	0	0	0	0	0	8	0	0	0	0	0	0	0	0	0	0	8	22	0	0	0	0	0	0	0	0	0	11	0	9	0	12	0	0	0	0	0	0	0	0	0	0	8	0	10	0	0	0	0	0	0	15	0	0	0	0	0	0	0	0	0	0	0	12	17	0	11	0	0	0	0	0	0	0	0	0	0	0	6	0	0	0	11	0	0	0	0	0	0	10	12	0	10	0	0	0
17	0	0	0	0	0	0	0	0	0	0	0	0	0	0	0	0	0	0	13	6	11	0	0	0	9	11	0	16	0	0	0	12	0	0	16	0	13	0	0	0	0	0	0	0	0	0	0	0	0	0	0	0	0	0	0	13	0	0	0	0	0	0	0	0	0	0	0	0	0	0	15	0	0	0	0	0	0	0	0	0	0	0	0	0	0	0	0	0	0	16	10	0	0	0	0	0	0	0	0	0	11	0	14	0	0	0	0	0	0	0	0	0	12	0	0	0	0	0	0	8	14	0	0	0	0	0	0	0	0	0	0	0	0	0	0	0	0	0	0	0	0	0	0	0	7	0	0	0	0	0	0	0	0	0	0	0	11	0	0	0	0	0	0	0	0	0	0	0	0	0	0	0	0	0	3	0	0	9	10	0	0	0	0	0	0	0	0	0	0	0	8	0	0	0	0	0	0	15	0	0	0	7	8	0	0	0	20	24	0	9	7	0	0	0	0	0	0	0	0	0	0	0	10	0	0	0	13	14	15	16	10	4	10	0	0	0	0	0	0	11	0	0	0	0	14	0	0	0	0	0	0	0	0	0	10	3	15	26	15	0	0	0	0	0	0	0	0	0	0	0	0	0	0	0	0	0	0	0	0	0	0	0	0	0	0	0	9	0	0	0	0	0	0	0	0	0	0	10	0	0	0	16	0	0	7	0	0	0	0	0	9	0	0	16	0	0	0	0	0	0	0	0	0	0	0	17	0	0	0	0	11	0	15	0	11	0	14	0	0	0	0	0	0	0	0	0	0	0	0	0	0	0	0	0	9	0	0	0	0	0	0	0	0	0	0	0	0	0	0	0	0	0	20	0	0	0	0	0	0	0	0	0	9	0	0	0	0	0	0	0	0	0	0	0	0	0	0	0	0	0	0	0	0	0	0	11	0	0	16	0	0	0	0	0	0	0	0	0	0	0	17	0	0	0	0	0	0	0	0	0	14	13	14	0	0	0	0	0	0	0	0	0	0	0	0	0	0	0	0	0	0	0	0	0	0	0	0	0	0	0	0	11	0	23	0	0	13	0	0	0	0	0	0	0	10	0	0	0	0	8	32	44	18	0	0	0	0	0	0	12	0	0	0	11	6	0	0	0	0	0	0	0	0	0	8	10	0	0	0	0	0
0	0	0	0	0	0	0	0	0	0	0	0	0	0	0	0	0	16	0	10	0	0	0	0	0	0	0	0	0	0	0	0	0	0	0	0	8	0	0	9	0	0	0	0	0	0	0	0	0	0	0	0	0	0	0	0	0	13	0	0	0	0	0	0	0	0	9	0	0	0	0	0	0	0	0	0	0	0	6	0	0	0	0	0	0	0	0	0	0	0	0	0	0	0	0	0	0	0	0	0	0	0	0	0	0	0	0	0	0	0	0	0	0	8	16	0	0	0	0	0	0	0	0	0	0	0	0	0	0	0	0	0	0	0	0	0	0	0	0	0	0	0	0	0	0	0	0	0	0	15	0	0	0	0	0	0	0	0	0	0	0	0	0	0	0	0	0	0	0	0	0	0	0	9	18	0	0	0	0	24	0	0	0	0	0	0	2	0	0	10	0	11	0	0	0	0	0	0	0	0	0	0	0	0	0	0	0	0	0	0	0	0	0	0	0	0	0	0	0	0	0	0	10	0	15	0	0	0	0	0	20	15	14	15	14	20	14	15	0	0	0	0	0	0	0	0	0	0	0	0	0	0	0	0	0	11	36	13	0	0	0	0	0	0	0	0	0	0	0	0	0	0	0	9	0	0	0	0	0	0	0	0	0	0	0	0	0	0	9	0	0	0	14	0	0	0	0	0	12	0	4	0	0	0	0	0	0	0	0	0	0	8	0	0	0	0	0	0	2	3	2	3	2	12	0	0	10	0	0	0	0	0	0	0	0	0	0	0	0	0	0	0	0	0	0	8	5	0	0	0	0	0	0	0	0	0	0	0	0	7	0	0	0	12	0	0	0	0	0	0	0	0	0	16	0	0	0	0	0	0	0	0	0	0	0	0	0	0	0	0	0	0	0	0	0	0	0	0	0	0	0	0	0	0	0	13	0	0	0	0	0	0	0	0	0	5	8	0	0	0	0	0	16	0	0	0	0	0	0	0	15	9	0	0	0	0	13	0	0	0	0	0	0	0	0	0	0	0	0	0	0	0	0	0	0	0	0	0	0	0	0	8	0	0	0	0	0	0	0	0	0	0	0	4	0	0	0	0	0	0	0	0	0	0	0	17	0	0	0	0	0	0	0	0	0	0	0	0	8	32	0	0	0	0	0	0	0	0	0	0	0	0
0	0	10	0	0	0	0	0	0	0	0	0	0	0	0	0	0	0	0	0	0	0	0	0	6	13	0	0	0	0	0	0	0	0	0	0	0	0	0	0	0	0	0	0	0	0	0	0	0	0	0	0	0	0	0	0	0	0	0	0	0	0	0	0	0	0	0	0	0	0	0	0	0	0	0	16	15	0	0	0	0	0	0	0	0	0	0	0	0	0	0	0	0	0	0	0	0	0	0	0	0	0	0	0	0	0	0	0	0	0	0	0	0	0	0	0	0	0	0	0	0	0	0	0	0	0	0	0	0	0	0	0	0	0	0	0	0	0	0	0	0	0	0	0	0	0	0	0	0	10	14	0	0	0	0	0	0	0	0	0	0	14	15	25	0	0	0	0	0	0	0	0	0	3	17	0	0	0	0	0	0	0	0	0	0	0	0	0	0	0	0	14	5	18	13	0	0	0	0	0	0	0	0	0	0	0	0	0	0	0	0	0	0	0	0	0	0	0	10	9	12	6	0	0	9	13	0	0	0	0	0	0	0	9	0	0	0	18	6	0	0	0	0	0	0	0	0	9	0	0	0	0	0	20	19	15	0	0	12	0	10	2	0	0	0	0	0	0	10	0	0	0	0	0	0	0	0	0	0	0	0	15	0	0	0	0	0	0	0	0	0	0	0	0	0	0	0	0	0	0	0	16	0	0	0	0	0	0	0	0	0	0	0	11	2	11	0	3	3	4	4	4	3	13	0	0	0	0	0	0	12	0	7	0	0	0	0	15	0	0	0	0	0	0	0	0	0	0	23	0	0	0	0	0	0	0	0	0	0	0	0	0	0	12	0	0	0	0	0	0	0	0	0	32	0	0	0	0	0	0	0	0	0	7	0	0	0	23	24	0	0	0	0	0	0	0	16	0	0	0	0	0	0	0	0	0	0	0	0	0	0	0	0	0	0	0	0	0	0	0	0	0	2	0	0	0	0	0	13	17	0	0	0	0	0	0	13	0	0	0	0	0	0	17	0	0	0	0	0	0	0	0	0	0	0	0	0	0	0	0	9	13	0	0	0	0	0	0	0	0	0	0	0	13	21	0	0	0	0	0	0	0	0	0	0	0	0	29	0	0	7	13	0	0	0	0	0	0	0	0	0	0	0	0	0	0	12	0	0	0	0	0
0	0	0	13	0	0	0	0	0	0	0	0	0	0	0	0	0	0	0	0	17	0	0	0	0	0	0	0	0	0	0	0	0	0	0	0	0	0	0	0	0	0	16	0	0	0	0	0	0	0	0	0	0	0	0	0	0	0	16	0	0	0	0	0	0	0	0	0	0	0	15	0	0	0	0	0	0	0	0	9	0	13	0	0	15	0	0	0	0	0	0	0	0	0	0	0	0	0	0	0	0	0	0	0	0	0	0	0	0	0	0	0	0	0	0	0	0	0	0	0	0	0	0	0	0	0	0	0	0	0	0	0	0	0	0	0	0	0	12	7	0	0	0	0	0	0	0	0	0	0	0	0	0	0	0	15	0	0	0	0	0	13	0	0	0	0	0	0	0	0	0	0	15	0	0	0	0	0	0	16	0	0	0	0	0	0	0	0	0	0	0	14	0	0	0	11	9	0	0	0	0	0	0	0	0	0	0	6	0	0	0	0	0	0	0	0	13	0	0	0	0	18	15	0	0	0	16	0	0	0	16	0	0	0	0	0	0	0	0	0	0	17	0	0	0	0	0	0	0	0	7	17	16	12	0	0	0	0	0	0	12	20	24	15	0	0	0	0	0	0	13	0	0	13	0	0	0	0	0	0	16	0	0	0	0	0	0	0	0	0	0	0	0	0	0	0	0	0	0	0	0	0	0	0	0	0	0	0	0	0	0	9	0	0	0	8	2	3	5	6	16	9	5	4	2	0	0	0	0	0	0	12	13	9	0	0	0	13	31	0	0	0	0	0	0	0	0	0	0	0	0	0	0	0	0	0	0	0	0	0	0	0	0	0	0	0	0	0	0	0	0	0	0	14	17	0	0	0	0	0	0	0	0	0	0	0	0	0	8	0	0	0	0	0	15	0	0	0	0	0	0	0	0	0	11	12	0	0	0	0	0	0	0	0	0	0	0	0	0	16	0	0	0	0	0	0	0	20	14	0	0	0	0	0	0	0	0	0	0	0	0	0	0	7	0	0	0	0	8	12	0	0	0	0	0	0	0	0	0	0	0	0	0	0	0	0	0	0	0	0	0	0	9	0	0	0	0	0	0	0	0	0	0	0	0	0	12	14	0	0	0	6	0	0	0	0	0	0	0	0	0	0	0	0	0	0	0	0	0	0	0	2
0	0	0	0	0	0	0	0	0	0	0	0	0	0	0	0	0	0	0	0	0	0	0	0	0	0	0	0	0	0	0	11	0	0	0	0	0	0	14	0	0	0	0	0	0	0	0	5	0	0	0	0	0	0	0	0	0	0	18	0	0	0	0	0	0	0	0	0	0	0	0	0	0	0	0	0	0	0	0	0	0	0	0	0	0	0	0	0	0	0	0	0	0	0	0	0	0	0	0	0	0	0	0	0	0	0	0	0	0	0	0	0	0	0	0	0	0	6	16	0	0	0	0	0	0	0	17	0	0	0	0	0	0	0	0	0	15	0	0	0	0	0	0	0	0	0	0	0	0	0	0	12	0	0	0	0	0	3	0	0	0	0	0	0	0	0	0	0	0	4	0	0	0	0	0	0	0	0	0	0	0	17	0	0	0	0	0	0	0	0	0	0	0	0	0	17	0	9	0	0	0	0	0	0	12	0	0	0	0	0	0	0	0	0	0	0	15	0	0	0	0	25	0	0	0	0	0	0	0	0	5	0	0	0	0	0	0	0	0	0	10	0	18	0	0	0	0	7	19	20	16	0	0	0	0	0	0	0	0	0	0	0	0	12	0	0	0	0	0	0	11	0	0	0	0	0	0	0	0	0	0	0	0	0	0	0	0	0	0	0	0	0	0	0	0	0	0	0	0	0	0	0	0	0	14	0	0	0	0	0	0	0	0	0	0	16	21	18	23	91	215	114	11	4	3	1	0	0	17	0	0	0	0	7	0	0	0	0	0	17	0	0	0	0	0	5	0	0	0	0	0	0	0	0	0	0	0	0	0	0	0	0	0	11	0	0	0	0	0	0	0	0	0	0	15	0	0	0	0	0	0	0	0	0	0	0	14	0	16	0	0	0	0	0	9	0	0	0	0	0	0	0	0	0	0	0	0	0	0	0	0	0	0	0	0	0	0	0	0	0	0	0	0	15	12	12	15	2	0	0	0	0	0	0	0	0	0	0	0	0	0	0	16	0	0	0	0	0	0	5	0	0	0	0	0	0	0	0	0	0	0	0	0	0	0	0	0	15	0	0	17	0	0	0	0	0	0	0	0	0	0	0	0	0	0	11	15	0	0	0	0	0	0	0	0	0	0	0	0	0	0	0	0	0	0	0	0	0	0	6	0	0
0	0	0	0	0	0	0	0	0	0	0	0	0	0	0	0	0	0	0	0	0	5	18	7	0	0	0	0	0	0	0	0	0	0	0	0	0	0	0	0	0	0	11	0	0	0	0	0	0	0	0	0	0	0	10	0	0	26	40	0	11	0	0	0	0	0	0	0	0	0	0	0	0	0	0	0	0	0	14	7	0	0	0	0	0	0	0	0	0	0	0	0	7	0	14	0	0	0	10	15	0	0	0	0	0	0	0	0	0	0	0	11	0	0	0	0	0	0	0	0	0	0	0	0	0	0	0	0	0	0	0	0	0	0	0	0	0	0	0	0	0	0	0	0	0	8	0	0	0	0	0	13	0	0	0	26	0	0	0	0	0	0	0	0	0	0	0	0	0	4	0	0	0	0	0	0	0	0	0	0	0	0	9	0	0	0	0	0	0	0	0	17	0	0	0	0	0	0	2	0	16	0	0	10	0	0	0	0	0	0	0	0	0	0	0	0	0	0	0	0	18	0	0	0	0	0	0	0	0	0	0	0	0	0	0	0	0	0	0	0	0	0	35	16	0	16	18	16	12	0	0	0	0	0	0	0	0	0	0	0	0	0	0	0	0	0	0	0	0	0	0	0	0	0	0	0	0	0	11	0	0	0	0	0	0	0	0	0	10	0	0	0	0	9	0	14	11	0	0	0	0	0	18	0	17	0	0	0	0	0	0	0	0	0	0	0	4	4	34	260	931	288	42	4	4	2	0	0	0	0	0	0	0	0	0	0	0	0	0	0	0	11	0	0	9	14	0	0	0	0	0	0	0	0	0	0	0	0	0	0	0	0	0	13	0	0	0	0	0	0	7	0	0	0	0	0	0	0	0	0	0	0	0	0	0	0	10	0	0	0	0	0	5	0	0	0	0	0	0	0	0	0	0	12	0	0	0	0	0	0	0	0	0	0	16	0	0	10	0	0	0	0	0	0	15	16	0	0	0	0	0	0	0	0	0	0	0	0	0	0	0	0	0	0	11	0	9	0	0	0	0	0	0	0	13	0	0	13	11	0	0	0	0	0	0	0	15	16	0	0	0	0	0	0	0	0	0	0	10	0	0	0	0	0	0	0	0	0	0	0	0	0	19	10	0	0	0	0	0	0	0	0	0	0	12	0	0	0	9	0	0	0
0	0	0	0	5	0	0	0	0	0	0	0	0	0	0	0	0	0	0	0	0	0	12	10	0	15	12	5	0	0	0	23	0	0	0	11	0	0	0	0	0	0	12	9	0	14	0	13	0	0	0	16	0	0	0	0	0	24	13	0	9	0	8	0	0	0	0	0	0	0	0	0	0	0	0	0	0	0	0	0	0	0	0	0	0	0	14	0	0	0	0	0	0	0	10	0	14	0	0	0	0	0	0	0	0	0	0	0	16	0	0	0	0	0	0	0	0	0	13	28	0	0	0	0	0	0	0	12	0	0	0	0	0	0	0	0	0	0	0	0	0	0	0	0	0	0	0	0	0	0	0	0	0	0	0	0	0	0	14	0	0	0	0	21	0	0	0	0	14	0	0	0	0	0	0	0	0	0	0	0	0	3	0	0	0	0	0	0	0	0	0	0	0	0	0	0	0	0	0	0	0	0	0	0	0	0	0	0	0	0	0	0	0	9	15	9	0	0	0	19	18	0	0	0	0	0	0	0	0	0	0	0	0	0	8	14	0	0	0	0	0	0	22	37	39	15	0	0	0	0	0	0	0	0	0	0	0	0	0	0	0	0	0	0	0	0	0	0	0	0	0	0	0	0	0	0	11	0	0	0	0	14	13	0	15	0	0	0	0	0	12	26	0	16	0	0	0	0	0	0	0	0	0	0	0	17	0	0	6	0	15	2	0	0	0	17	3	4	15	202	774	216	34	5	3	0	16	0	0	0	0	10	0	0	0	0	0	0	0	0	0	0	15	0	0	0	0	0	0	0	0	0	0	0	0	0	0	0	0	0	0	0	0	0	0	0	0	0	0	0	0	0	0	0	0	0	0	0	0	0	0	0	0	0	0	0	0	0	0	0	0	0	14	11	0	0	0	0	0	0	0	0	11	14	12	0	0	0	0	0	0	0	0	0	0	0	0	0	0	0	0	0	6	19	5	0	7	0	0	0	12	0	0	0	0	0	0	0	34	0	0	0	0	0	0	15	0	0	18	0	0	0	0	0	13	0	0	0	0	0	0	0	0	0	0	0	0	0	0	0	0	0	0	0	0	0	0	0	15	0	0	0	10	0	0	0	14	0	0	0	0	0	16	0	12	0	0	9	0	0	0	0	0	0	0	0	0	0	15	8	0	0
0	0	9	0	0	0	0	0	0	0	0	0	0	0	0	0	0	0	0	0	0	0	14	0	0	0	0	0	0	0	0	11	0	0	0	13	0	0	0	0	0	0	0	0	23	22	11	0	0	0	4	0	0	0	0	0	0	0	0	0	0	0	13	0	0	0	0	0	0	0	0	0	0	0	0	0	0	0	0	0	0	0	0	0	0	0	0	0	0	0	0	0	0	0	0	0	0	0	0	0	0	12	0	0	0	13	0	0	0	0	0	0	14	0	0	0	0	0	0	0	0	0	0	0	0	0	8	0	0	0	0	0	0	0	0	0	0	0	0	0	0	0	0	0	12	0	0	0	0	0	0	0	0	0	0	0	0	8	0	0	0	0	0	0	9	0	0	0	0	0	0	0	0	5	0	0	0	17	0	0	0	0	0	0	0	0	0	0	0	0	0	0	0	0	0	0	0	16	11	0	0	0	0	0	0	0	0	0	0	0	0	0	0	16	0	0	0	0	0	14	9	0	0	0	5	0	0	0	0	0	0	0	0	0	0	0	0	0	0	0	13	17	13	4	24	0	0	0	17	0	0	0	0	0	0	0	0	0	0	0	0	0	0	0	0	0	0	0	0	0	0	17	0	0	0	0	0	16	0	0	0	0	0	0	0	0	16	0	0	0	0	24	8	14	0	0	0	0	0	0	0	0	0	0	0	11	0	36	13	0	0	0	0	0	0	0	2	4	6	24	82	59	16	4	3	0	0	0	0	0	0	21	0	0	0	0	0	0	0	0	0	0	0	0	16	0	0	0	0	17	21	0	0	0	0	0	0	8	0	0	0	0	0	0	0	0	0	0	9	0	13	0	0	0	0	0	0	11	0	0	0	0	0	10	0	9	0	0	0	0	0	0	0	0	0	0	0	0	0	0	0	0	13	12	0	0	0	0	9	0	0	0	0	0	0	0	12	0	3	0	0	19	15	0	0	0	0	0	0	15	24	0	0	0	0	11	9	17	24	18	0	0	0	13	0	12	10	0	0	0	0	0	0	0	0	11	0	0	0	0	0	12	0	0	0	0	0	0	0	10	0	0	0	0	0	0	0	0	0	0	0	0	0	0	0	0	13	0	0	0	0	0	0	0	14	0	19	0	0	0	0	0	0	14	9	0	0	0	0	0	0	0
0	0	30	2	0	0	0	0	12	10	0	0	10	0	0	0	0	0	0	0	0	0	9	0	0	8	0	0	0	0	0	0	0	0	0	0	0	0	0	0	0	0	0	0	0	2	0	0	0	0	0	0	0	0	0	0	0	0	0	0	0	0	0	0	0	0	0	0	0	0	0	0	0	0	0	0	0	0	0	0	0	0	0	11	0	0	0	0	0	0	0	9	14	0	0	0	0	0	0	0	0	0	0	0	0	0	0	0	0	11	0	9	9	0	0	0	0	0	0	0	0	0	0	0	0	0	14	0	0	0	0	0	0	0	0	0	0	0	0	0	0	0	0	0	0	0	0	0	0	0	0	0	0	0	0	0	0	0	0	0	0	0	0	0	0	0	0	0	0	0	0	0	0	0	0	0	0	0	0	0	0	0	0	0	0	0	0	0	0	15	8	0	0	0	0	0	0	0	13	0	0	0	0	0	0	0	19	0	0	0	0	10	0	0	0	0	13	14	10	11	0	0	0	0	31	16	0	0	0	0	0	0	0	0	0	0	0	0	0	0	0	0	0	0	0	0	0	0	0	0	7	0	0	0	0	0	16	0	0	0	0	0	0	0	0	0	0	0	0	0	0	0	0	0	0	0	0	0	0	0	0	0	15	5	15	0	0	0	0	0	0	11	0	0	0	0	0	0	0	0	10	0	0	0	0	0	0	38	0	10	0	0	0	0	0	0	18	2	3	4	4	4	4	3	2	0	0	0	0	0	0	0	0	0	0	0	0	0	0	0	0	0	0	0	8	0	0	0	0	0	0	0	0	0	0	0	0	0	0	0	0	0	0	16	0	0	0	0	0	0	0	0	0	0	0	0	0	0	0	0	9	15	0	0	0	0	0	0	0	0	0	0	0	0	15	4	0	0	0	0	0	0	0	0	0	0	0	0	0	17	0	0	8	0	0	0	0	0	0	5	18	9	0	0	0	0	0	10	10	0	0	0	0	13	0	0	18	36	7	0	0	10	0	9	0	0	11	14	0	0	0	0	0	0	0	0	0	0	0	0	0	0	0	0	0	0	0	0	0	0	0	14	9	0	0	0	0	0	0	0	15	0	0	0	0	0	0	0	7	0	0	0	0	0	0	0	0	0	0	0	0	0	0	0	0	0	0	0	0	0	0	0
0	0	0	0	0	0	0	0	0	0	0	0	0	0	0	0	0	0	0	0	0	0	0	12	0	0	0	0	0	0	0	0	0	0	0	0	0	0	0	0	0	0	0	0	0	0	0	0	0	10	0	0	0	0	0	0	0	0	0	0	0	0	0	13	0	0	0	11	0	0	0	0	0	0	0	0	0	0	0	0	0	0	0	0	0	0	0	16	0	12	11	0	0	0	0	0	0	0	0	0	0	0	0	0	0	0	0	0	0	0	0	7	6	0	0	22	0	0	0	0	0	0	0	0	0	0	0	0	0	0	0	0	0	0	0	0	13	0	0	8	11	0	0	0	0	0	0	0	0	0	0	0	0	0	0	0	0	0	10	0	0	0	0	0	0	0	0	0	0	0	0	0	0	6	0	0	0	0	0	0	0	0	0	0	0	6	0	0	0	0	0	0	0	0	0	0	0	0	0	0	0	0	0	0	0	9	0	0	0	0	0	0	0	0	0	0	0	0	14	0	0	0	0	0	0	0	0	0	0	0	0	0	0	0	0	0	0	0	0	0	0	0	0	0	0	0	0	0	0	0	0	0	0	0	0	0	0	0	0	0	0	0	0	0	0	0	12	0	0	0	0	0	12	0	0	0	0	0	0	0	0	0	0	0	0	0	0	0	12	0	0	18	0	0	0	0	0	0	0	0	0	0	0	0	0	0	0	0	0	0	0	0	0	0	0	0	0	18	2	15	15	4	3	12	0	0	0	0	0	17	0	0	0	0	0	10	0	0	0	0	0	0	0	0	0	0	0	12	0	0	0	0	0	11	0	0	0	0	0	0	0	0	0	0	0	0	0	0	0	0	0	0	0	0	0	0	0	11	0	0	0	0	0	0	0	0	0	0	0	0	0	0	0	0	0	0	0	0	0	0	0	0	0	0	0	0	0	10	14	0	0	0	0	0	0	0	0	15	0	16	0	0	0	0	17	0	0	6	18	0	0	0	0	0	0	0	0	0	0	0	0	0	0	0	0	0	0	12	0	0	0	17	0	0	0	0	0	0	0	0	0	18	0	0	0	17	0	0	0	0	0	11	0	0	0	0	0	9	0	0	0	0	0	0	0	0	0	0	0	0	15	15	0	0	0	0	0	0	0	0	0	0	0	0	0	0	0	0	0	0	0	0
0	15	0	0	0	0	0	0	0	0	0	0	0	0	0	0	0	0	0	0	0	0	0	11	0	0	0	0	0	0	0	0	0	0	0	0	0	0	7	0	0	0	0	0	0	0	0	0	0	0	0	9	0	0	0	0	0	0	0	0	0	0	0	0	0	0	0	0	0	0	15	0	0	0	0	0	0	0	0	0	0	0	0	0	0	0	0	0	0	0	0	0	0	0	0	0	0	0	0	0	0	0	9	0	0	0	0	0	0	0	0	0	0	0	0	12	0	0	0	0	0	0	0	0	0	0	0	0	0	0	0	0	0	0	0	0	0	0	0	19	16	0	0	0	0	0	0	0	0	0	0	0	0	0	0	0	0	0	0	0	0	0	0	0	0	0	0	0	0	0	0	0	0	0	0	0	0	0	0	0	0	0	0	0	0	0	0	0	0	0	0	0	0	0	15	0	0	0	0	9	8	12	0	0	0	2	11	0	0	0	0	4	0	0	0	0	0	0	0	0	0	0	0	0	9	0	0	0	0	0	0	0	0	0	0	0	0	0	10	0	0	0	0	0	0	0	0	0	0	0	0	0	9	14	0	0	0	0	0	0	0	0	0	0	0	0	10	0	0	0	0	0	13	0	0	0	0	10	14	0	0	0	0	0	0	0	0	0	12	0	0	12	0	0	0	0	0	0	0	0	0	0	0	0	0	0	0	0	0	0	0	0	0	0	0	0	0	0	0	1	2	1	0	13	0	0	0	0	0	0	0	0	0	0	0	0	0	0	0	0	0	0	0	0	0	0	0	13	0	9	11	9	0	0	0	0	0	0	0	0	0	0	0	0	0	0	0	0	0	0	0	0	0	0	0	0	0	12	0	0	0	0	0	0	0	0	0	0	19	0	9	14	10	15	0	0	0	10	0	0	0	0	0	0	0	0	0	0	0	0	0	0	0	0	0	0	0	10	0	0	0	0	0	12	0	0	0	15	0	0	0	9	0	0	0	0	0	0	0	0	0	0	0	0	0	0	0	0	0	0	0	0	0	0	0	0	0	0	0	0	0	0	0	0	0	5	0	0	0	0	0	0	15	0	0	0	13	0	0	0	0	0	0	0	0	0	0	0	0	0	0	0	0	11	0	0	0	0	0	0	0	0	0	0	0	0	0	0	0	0	0	0
0	10	0	0	0	0	0	0	0	0	0	0	0	0	0	0	0	0	0	0	0	0	0	0	0	0	0	0	0	0	0	0	0	0	0	0	12	3	0	13	0	0	0	0	0	0	0	15	0	0	0	0	16	0	0	0	11	0	0	0	0	0	0	0	0	0	0	0	0	0	0	0	15	0	0	0	0	0	0	0	10	0	11	10	0	0	0	0	0	0	0	0	0	15	0	0	0	0	0	0	0	0	0	0	0	0	0	0	0	0	0	0	0	0	0	0	0	0	4	0	22	0	0	0	0	0	0	0	0	0	0	0	0	0	0	0	0	0	17	11	0	0	0	0	0	17	0	0	0	0	0	0	0	0	0	0	0	0	12	6	0	0	0	0	0	0	0	0	0	0	0	0	0	0	0	0	0	0	0	0	0	0	0	0	0	7	16	0	5	0	0	0	0	0	0	0	0	0	0	0	0	0	0	0	0	0	8	0	0	0	0	5	0	0	0	0	0	0	0	0	0	0	0	0	0	8	0	0	0	18	0	0	0	23	5	17	14	0	15	0	0	0	0	0	0	0	18	0	0	0	0	0	0	0	0	0	0	0	0	0	16	0	0	0	0	0	0	0	0	0	0	0	0	10	13	0	0	13	31	0	0	0	0	0	0	0	0	0	0	0	0	24	26	0	0	0	0	0	0	0	0	0	0	0	0	0	15	0	0	0	0	0	0	0	0	0	0	0	0	0	0	0	0	0	0	0	0	13	13	0	0	0	0	0	0	0	0	0	0	0	0	0	0	0	0	0	0	0	0	0	0	0	0	0	0	10	13	0	0	0	0	0	0	0	0	0	0	0	0	0	0	0	0	0	0	0	0	0	0	0	0	0	0	0	0	0	0	0	0	0	0	0	0	0	0	0	0	18	0	0	0	0	0	0	0	0	0	0	0	0	0	0	0	0	0	18	0	0	0	0	0	0	0	14	0	0	0	0	0	0	0	0	0	0	0	0	0	0	0	0	0	0	0	0	0	0	0	0	0	17	0	0	0	0	0	0	0	0	0	0	15	0	0	0	0	0	17	0	0	0	0	0	12	0	17	9	0	18	16	0	0	0	0	0	9	0	0	0	0	0	0	0	0	0	29	16	0	0	17	0	0	0	0	0	0	0	0	0	0	0	15	0
14	0	0	0	8	0	0	0	0	0	0	0	0	0	0	0	0	0	0	0	15	0	0	0	0	0	0	15	0	9	14	0	0	0	0	0	0	0	0	0	0	15	0	0	0	0	0	0	0	0	0	0	0	0	0	0	0	0	0	0	0	0	0	0	0	15	0	0	0	0	0	0	0	0	0	0	0	0	0	0	15	0	0	16	0	0	0	0	0	0	0	0	0	0	0	0	0	0	0	0	0	0	0	0	0	0	0	0	0	0	0	0	0	0	0	0	0	0	0	0	0	0	0	0	0	0	0	0	0	0	0	0	0	15	9	0	18	13	0	0	0	8	0	0	18	7	0	0	0	0	0	0	0	0	0	7	0	0	0	0	0	0	0	0	0	0	0	0	0	7	0	0	0	0	0	0	0	0	0	0	0	0	0	0	0	0	0	16	0	0	0	15	0	0	0	0	15	15	0	0	0	0	0	0	0	0	0	13	0	0	20	0	0	0	0	0	0	0	0	0	0	0	0	0	15	11	10	0	0	0	0	0	0	7	0	0	0	0	0	0	0	0	0	0	0	0	16	16	0	0	0	0	0	0	0	0	0	0	0	0	0	0	0	0	0	0	0	0	0	0	0	15	0	0	26	0	0	12	0	0	26	15	13	0	0	0	0	0	0	0	0	10	0	0	0	0	0	0	12	14	0	15	0	0	0	0	11	0	7	0	0	0	0	0	0	0	0	13	0	0	0	0	0	0	0	0	6	0	0	0	0	0	0	0	0	0	1	15	0	0	0	0	14	8	0	0	0	0	0	0	0	0	0	0	0	0	0	0	0	0	0	0	0	0	0	0	17	0	1	0	2	2	0	0	0	0	0	0	19	0	11	0	0	16	0	0	0	0	0	0	0	0	0	0	0	0	0	0	0	0	0	0	0	0	0	0	0	0	0	11	16	0	0	0	14	9	0	10	0	0	0	0	0	0	0	0	0	0	0	0	0	0	0	0	0	0	0	0	0	0	0	0	6	0	0	0	0	0	0	9	0	0	0	0	0	16	0	0	0	0	11	0	0	0	0	0	0	0	0	11	0	0	0	6	0	0	0	34	3	0	0	0	0	0	0	0	0	0	0	0	0	0	0	0	0	15	0	0	0	0	0	0	0	0	0	0	0	0	0	0	0	0
0	14	0	0	14	0	0	0	0	0	0	0	0	0	0	0	0	0	0	0	18	0	0	13	0	0	10	0	0	0	0	0	0	0	0	0	0	0	0	0	0	0	0	0	0	0	0	0	0	0	0	0	0	0	0	0	0	0	0	0	0	0	0	6	0	0	0	0	0	0	0	0	0	0	0	0	0	0	0	0	0	0	0	0	0	0	0	0	0	0	31	0	9	0	0	0	0	0	0	0	0	0	0	6	0	0	0	0	0	0	0	0	0	0	0	0	0	0	0	8	10	2	0	0	0	15	0	0	0	0	0	0	0	0	13	13	0	0	0	0	0	7	16	16	10	0	0	0	0	0	15	0	0	0	0	0	0	0	0	0	0	0	0	0	0	0	0	19	23	0	0	0	0	11	0	0	0	0	0	0	0	0	9	0	0	0	0	0	0	0	0	11	11	0	0	0	0	0	0	0	0	0	0	0	0	0	0	0	15	0	4	0	9	0	0	0	0	0	0	0	0	0	0	0	15	0	0	6	0	9	0	0	0	15	0	0	4	0	0	0	0	0	0	0	12	0	0	16	0	0	0	0	0	0	0	0	0	0	0	0	0	0	0	0	0	0	0	0	0	0	0	14	0	0	17	0	0	13	0	0	26	0	17	0	0	0	0	0	10	0	0	0	0	0	13	0	0	0	0	0	0	12	0	0	0	0	0	0	0	0	0	0	0	0	0	0	0	9	0	0	0	0	0	0	0	0	0	0	0	0	0	0	0	0	8	0	0	0	0	0	0	0	0	0	0	0	0	0	0	0	0	0	0	0	0	12	16	0	0	0	0	0	0	0	0	0	0	0	0	0	0	0	0	0	0	0	0	11	17	0	0	0	0	0	0	0	0	0	6	13	0	0	0	0	0	0	0	0	0	6	10	0	0	0	0	0	0	14	0	7	0	0	0	0	0	0	0	14	0	0	0	0	0	11	3	0	0	0	0	0	0	0	0	0	0	0	0	0	0	0	0	0	6	0	0	0	0	0	0	0	0	0	0	0	0	0	5	0	0	9	0	0	0	0	0	0	0	0	0	0	0	0	0	0	0	0	0	0	0	0	0	0	0	0	0	0	0	0	0	14	0	0	0	0	0	0	0	0	0	0	0	17	0	0	0	0	0	0	0	0	0	0
0	8	0	0	0	0	0	0	0	11	13	0	0	0	8	0	0	0	0	0	0	0	15	22	0	0	0	0	0	0	0	0	0	0	0	0	0	0	0	12	0	0	0	0	0	0	0	0	0	0	0	0	0	0	0	9	0	0	0	0	0	10	0	0	0	0	0	0	16	0	0	0	0	0	0	0	0	0	0	0	0	0	13	0	0	0	0	0	0	12	12	0	15	0	12	0	0	0	0	0	0	0	0	0	0	0	0	0	0	0	0	0	0	0	0	0	0	0	0	5	9	0	0	0	0	0	0	0	0	0	9	0	0	0	0	7	12	0	0	0	0	0	17	22	14	21	0	0	0	0	0	0	0	0	0	0	0	0	0	0	0	0	0	0	0	0	10	9	0	0	0	0	0	0	15	9	0	0	0	0	0	0	0	0	0	0	0	0	0	0	0	0	0	0	0	0	0	0	0	0	0	0	0	0	0	0	0	0	0	0	0	0	0	0	0	0	0	0	0	0	0	0	0	0	0	0	0	0	0	15	0	0	0	10	0	0	0	13	0	0	0	0	0	0	0	0	0	0	30	0	0	10	17	0	0	10	0	0	0	0	0	0	0	0	0	0	0	0	0	0	0	14	0	0	0	0	0	0	0	10	0	0	0	0	0	0	0	8	25	0	0	0	0	0	0	0	0	0	8	0	0	0	0	14	0	0	12	0	0	0	0	0	0	0	0	0	0	0	0	0	0	0	0	9	0	0	0	0	0	0	0	0	9	0	0	0	0	0	0	0	0	0	0	0	0	0	0	0	0	0	0	0	0	0	0	15	0	0	0	0	0	0	0	0	0	0	0	0	0	0	0	0	0	0	0	0	0	0	0	19	0	0	0	0	0	0	0	0	4	0	0	17	0	0	0	0	0	0	0	0	0	0	0	0	7	0	0	0	0	0	0	0	0	0	0	0	0	0	18	0	8	0	0	11	4	0	0	0	0	0	0	0	0	0	0	0	0	0	0	0	31	0	0	0	0	0	0	0	0	0	0	0	0	0	11	0	0	0	0	0	0	0	0	0	0	0	0	0	0	0	0	17	0	0	0	0	0	0	0	0	0	0	0	0	0	0	0	0	0	11	0	0	0	0	0	0	0	0	7	0	0	0	15	0	0	0	0	0	0	0	0	0
0	0	0	0	0	0	0	0	0	0	0	0	0	0	0	0	0	0	0	0	0	0	17	0	0	0	0	0	0	16	0	0	0	0	0	0	0	0	13	29	0	0	0	0	0	0	0	0	0	0	0	0	0	13	13	0	0	0	0	0	0	0	22	15	0	0	0	0	15	0	0	0	0	0	0	0	11	0	0	0	0	0	0	0	0	0	0	0	0	0	0	0	0	0	0	0	0	0	0	0	9	8	0	0	0	0	0	0	0	0	0	0	27	0	0	0	0	0	11	14	0	0	0	13	1	0	0	0	0	0	0	0	5	0	0	0	8	0	0	0	0	19	2	0	9	12	0	0	0	0	0	0	0	13	11	10	0	0	0	0	4	0	0	0	0	0	0	0	0	0	0	10	0	0	0	0	0	0	0	0	0	8	0	0	0	0	0	0	0	0	17	0	0	0	0	0	0	0	0	0	0	0	0	0	0	0	0	0	0	0	0	0	0	0	0	0	0	0	0	0	0	8	0	0	15	0	0	0	0	14	0	0	0	0	0	0	0	29	0	0	0	0	0	0	0	17	0	17	32	0	0	0	0	8	0	0	0	0	0	0	0	0	0	0	0	0	0	0	0	0	0	6	0	0	0	0	17	0	0	0	0	0	0	0	0	0	0	0	0	0	0	0	0	16	0	0	0	0	0	0	0	0	0	44	0	0	0	0	0	0	0	0	0	0	8	0	0	16	0	0	0	0	0	0	0	0	0	0	0	0	0	0	0	0	6	0	0	0	0	0	0	0	0	0	0	0	0	0	0	0	0	0	0	0	0	0	0	0	0	0	0	0	17	19	0	0	0	6	0	0	0	17	0	0	0	0	0	0	0	14	19	0	0	0	0	0	0	0	16	0	18	0	0	0	0	0	0	0	0	12	0	0	0	0	0	0	0	0	0	0	0	0	0	0	0	0	0	0	0	0	0	0	0	0	0	0	0	0	0	0	0	0	0	0	0	0	0	0	0	0	0	0	0	0	0	6	0	0	0	0	0	0	0	0	0	0	9	0	0	19	0	0	0	0	0	8	0	0	0	0	0	0	0	0	0	7	0	0	0	0	0	0	0	0	0	0	0	0	0	0	0	0	0	0	0	0	7	0	0	0	0	0	0	0	0	0	0	0	0	0	0	0
0	0	0	15	0	0	0	0	0	0	0	0	0	0	0	0	0	0	0	0	0	0	0	0	0	0	0	0	0	0	0	0	0	0	0	0	0	0	0	14	0	0	0	0	0	0	0	0	0	0	13	0	0	0	0	0	0	0	0	0	0	0	0	0	0	0	0	0	3	0	14	0	0	0	0	0	15	0	31	0	0	0	0	0	0	0	0	0	0	0	0	0	0	0	0	0	0	0	0	0	18	5	0	0	0	29	13	0	0	16	0	0	0	0	0	5	0	0	0	0	0	0	0	14	15	0	0	0	0	0	0	0	0	12	14	0	0	0	0	0	15	0	0	0	0	5	0	0	0	0	0	0	0	0	0	0	0	0	0	0	10	0	0	0	0	0	0	0	0	0	0	0	0	0	0	0	0	0	0	0	0	0	0	0	0	0	0	0	0	0	8	0	0	0	12	0	0	0	0	0	0	0	0	0	0	0	0	0	0	0	0	0	0	0	0	0	0	0	0	0	0	0	0	0	13	8	0	0	0	11	0	0	0	0	9	0	0	0	0	0	0	0	0	0	0	0	0	4	4	0	0	0	0	0	0	0	0	0	0	0	0	0	0	0	0	0	0	0	0	0	0	0	0	12	12	12	12	0	0	0	0	0	0	0	0	0	0	0	0	0	0	0	0	0	0	0	0	0	0	0	0	0	0	0	0	0	0	0	0	0	0	0	0	0	0	16	7	0	0	0	0	16	0	0	0	0	0	0	0	0	0	0	0	0	8	0	0	0	0	0	0	0	0	0	0	0	0	0	0	15	0	0	0	0	15	0	0	0	0	0	10	0	0	0	0	0	0	9	0	0	0	0	0	0	0	0	0	0	0	0	14	12	0	0	7	0	0	0	0	0	0	0	0	11	0	0	0	0	0	0	0	0	0	0	0	0	0	16	13	0	0	0	0	0	0	0	0	0	0	0	0	0	0	0	0	0	0	0	0	0	0	0	0	0	0	0	0	0	0	19	0	0	0	0	0	8	0	10	0	0	16	0	0	0	0	0	0	0	0	0	0	0	0	18	0	0	0	0	0	0	0	0	0	0	0	0	0	0	0	0	10	0	0	0	0	10	0	0	0	0	9	0	0	0	0	11	0	0	0	0	0	0	0	0	0	0	0	0	10	0	0	0
0	0	0	0	0	0	0	0	0	0	0	0	0	0	0	0	0	0	0	0	0	0	0	0	0	0	0	2	3	0	0	0	0	0	0	17	0	0	0	0	0	0	0	0	0	0	0	0	0	1	58	0	0	0	0	0	0	0	0	0	0	0	0	0	0	0	0	0	0	0	0	0	0	0	0	0	0	0	0	0	0	14	0	0	0	0	0	14	0	0	0	17	0	0	0	0	0	0	0	15	0	0	15	0	0	16	0	0	0	0	0	0	0	0	0	0	0	0	0	0	0	0	0	0	0	0	0	0	0	0	0	0	0	0	0	8	0	0	0	16	0	15	0	0	0	0	0	10	0	0	0	0	0	0	0	0	0	0	0	0	0	0	0	0	0	0	0	0	10	0	0	0	0	7	0	0	0	13	11	0	0	0	0	0	0	0	0	0	0	0	15	29	14	0	12	0	0	16	0	0	0	0	0	0	0	0	0	0	0	0	0	0	0	0	0	0	0	0	0	0	0	0	0	0	0	0	0	0	0	0	0	0	0	0	15	0	0	0	0	0	0	0	0	0	0	0	0	0	0	0	0	0	0	0	0	4	13	0	0	0	0	0	0	0	0	0	0	0	0	0	0	0	0	0	0	0	0	0	0	0	0	0	0	0	9	0	0	0	0	0	0	0	0	0	0	0	0	0	0	0	0	0	0	0	23	0	0	0	0	0	0	0	0	17	0	0	0	0	0	0	0	0	0	0	0	0	0	0	0	0	0	0	0	0	0	0	0	0	0	0	0	0	0	0	0	0	0	0	0	0	0	0	0	0	0	0	0	0	20	0	0	0	0	0	0	0	0	0	0	0	0	0	0	0	16	0	0	0	0	0	0	0	0	0	17	0	0	0	0	0	0	0	0	0	0	0	0	10	0	0	0	0	0	0	0	0	0	16	0	0	0	0	0	0	0	0	0	0	0	0	0	0	0	0	0	0	0	0	9	0	0	0	0	0	0	0	0	0	0	0	0	0	0	0	16	0	0	0	0	0	0	0	0	0	0	0	0	0	0	0	0	0	0	0	0	0	0	0	0	0	0	0	0	0	0	0	0	0	0	14	0	0	14	0	0	14	0	0	0	0	0	0	0	0	0	0	0	0	0	12	0	0	0	17	0	0	0	0	0	0	0	0
0	0	0	0	0	0	0	0	0	0	0	0	0	0	0	0	0	0	0	0	0	0	0	0	0	0	0	0	0	0	0	0	0	0	0	0	0	0	0	0	0	0	17	14	0	0	0	0	0	0	24	0	0	15	0	0	0	0	11	0	0	0	0	0	0	0	0	12	7	7	0	0	0	0	12	12	0	0	0	0	0	0	0	0	0	0	0	0	0	0	0	0	0	0	0	0	0	0	0	0	0	0	0	0	0	23	0	0	0	0	0	0	0	0	0	10	0	0	0	0	0	0	0	0	0	0	0	0	0	0	0	0	0	9	0	0	0	0	0	0	0	0	0	0	0	0	0	0	0	0	0	11	12	15	0	0	0	0	0	0	0	13	0	0	0	0	8	0	0	0	0	0	0	0	0	0	0	0	0	0	0	0	0	0	0	0	0	0	0	0	0	0	0	0	0	0	0	0	0	0	0	0	0	0	0	0	0	0	0	0	0	11	7	0	0	0	0	0	0	0	10	0	18	0	0	0	0	0	0	0	0	13	17	0	0	13	0	0	0	0	0	0	0	0	0	0	0	0	0	0	0	0	0	0	0	16	0	0	0	0	0	0	0	0	10	0	0	0	0	0	20	26	0	0	0	14	0	0	0	0	0	0	0	0	16	0	0	0	3	0	0	17	0	0	0	0	14	0	0	0	0	0	0	0	0	0	0	0	0	0	16	0	0	0	0	0	0	8	0	0	0	0	0	0	0	6	0	0	0	0	17	0	0	0	0	0	0	0	0	0	0	0	0	0	0	18	0	0	0	0	0	0	0	0	0	0	0	0	0	0	0	10	0	0	0	0	0	0	0	0	0	0	0	0	17	0	0	0	0	0	0	0	0	0	0	8	0	0	0	0	0	0	0	0	0	0	0	0	0	0	0	0	0	0	0	0	0	0	0	0	0	0	0	0	0	0	0	0	0	0	0	12	0	0	0	0	0	0	0	0	0	12	10	0	0	0	0	17	0	0	0	18	0	0	0	0	0	0	0	0	0	0	0	0	0	0	0	0	14	0	0	0	9	0	0	0	0	0	0	0	0	0	0	0	0	0	9	0	0	0	0	0	0	0	0	0	0	0	0	0	0	0	0	2	17	0	0	0	0	15	14	0	0	0	27	0	0	0	0	0	0	13
0	0	0	7	0	0	0	0	0	0	0	0	16	18	13	0	0	0	0	0	0	0	0	0	0	0	0	0	0	0	0	0	0	0	0	8	0	0	0	0	0	0	0	0	0	0	0	0	0	0	0	0	0	4	0	0	0	0	12	0	0	0	15	11	0	0	0	0	0	0	0	0	0	0	0	0	0	0	0	0	0	0	7	0	0	0	0	0	0	0	0	0	0	0	0	16	0	0	0	0	0	0	0	0	0	12	0	0	0	0	0	0	0	0	0	0	0	0	0	0	0	5	10	0	0	12	0	0	0	0	0	0	0	8	12	0	0	0	0	4	0	0	0	0	0	0	0	0	0	0	34	22	7	0	0	0	0	0	0	0	0	0	0	0	0	0	0	0	0	0	0	0	0	16	8	10	0	0	0	0	11	0	0	10	0	0	0	0	0	0	15	0	0	17	11	0	0	14	0	0	0	0	0	0	0	0	0	0	0	9	0	0	0	8	0	0	0	0	14	0	0	0	0	0	0	0	0	0	0	0	0	0	0	0	0	0	0	0	0	0	0	0	2	14	0	0	0	0	0	0	0	9	0	0	0	24	0	0	0	0	0	0	0	0	0	0	0	0	0	0	0	0	0	0	0	11	0	0	12	0	16	0	10	14	11	0	0	0	0	0	0	0	15	0	11	0	0	0	0	10	0	0	0	0	15	0	0	0	0	14	16	0	0	0	0	0	20	0	0	0	0	0	0	0	0	14	0	0	0	0	0	0	0	12	14	0	0	0	0	0	0	0	15	0	0	0	0	0	0	10	0	0	10	0	0	0	0	0	0	0	0	0	0	0	0	0	0	0	0	0	0	0	0	0	2	0	0	0	0	0	0	0	16	0	0	0	0	0	0	0	0	0	0	0	0	0	0	0	0	0	0	0	0	0	0	0	0	0	0	0	0	0	0	0	0	0	0	13	0	0	0	0	0	0	0	0	0	0	0	0	0	14	0	0	0	0	0	0	0	0	0	0	0	0	0	0	0	0	0	0	0	0	0	0	0	17	0	7	12	0	0	0	0	0	0	0	0	0	0	0	16	0	0	0	0	0	0	0	0	0	0	0	0	0	0	0	14	0	0	0	0	0	0	0	14	13	0	0	0	0	0	16	0	0	0	0	0	0	0	0	0	0
11	0	0	13	0	0	0	0	0	9	19	17	14	16	0	0	0	0	0	0	0	0	0	0	0	0	0	0	0	0	0	0	0	0	0	0	0	0	0	0	0	0	0	0	0	0	0	0	0	0	0	0	0	0	19	0	0	0	0	0	0	0	0	0	0	0	0	0	0	0	0	0	0	0	0	0	0	0	0	0	0	0	0	0	0	0	0	0	0	0	0	0	0	0	0	0	0	0	0	0	12	0	0	0	0	0	0	0	0	0	0	0	0	0	0	0	0	0	13	11	0	0	0	0	0	12	15	0	0	0	0	0	0	9	10	0	0	0	13	6	0	0	0	0	0	0	0	0	0	0	12	0	0	16	0	0	0	0	0	0	0	0	8	0	0	17	11	0	0	0	0	0	0	0	0	17	8	0	0	0	0	0	0	0	0	0	0	0	0	11	0	0	0	0	11	0	8	0	4	9	0	0	0	0	0	0	0	0	0	0	0	0	0	0	0	0	0	0	6	14	8	9	0	0	0	0	0	0	0	0	0	0	0	0	14	0	0	0	0	0	0	0	0	0	0	0	0	0	0	18	0	0	0	0	0	17	0	0	0	0	0	0	0	0	0	0	0	0	9	27	13	0	0	0	0	0	9	0	0	0	0	0	0	0	0	0	0	0	0	0	0	0	0	0	0	0	0	0	0	0	0	0	6	0	12	15	14	16	16	11	9	0	0	10	0	0	0	0	0	0	0	0	0	0	0	0	0	0	0	0	0	0	0	0	0	0	9	15	0	0	0	0	0	0	0	0	0	0	0	0	0	0	0	0	7	0	0	0	0	0	0	0	0	0	0	0	0	0	0	0	0	0	0	0	0	0	0	0	0	0	16	0	0	0	9	15	0	0	0	0	0	0	0	0	0	0	0	0	0	0	14	14	0	0	0	0	0	0	0	0	0	0	0	0	0	0	0	9	0	0	0	0	0	0	0	0	0	0	0	0	0	0	0	0	0	0	0	0	0	0	0	0	0	0	0	0	0	0	0	0	0	0	0	0	0	0	0	0	0	0	0	0	0	0	0	0	0	0	0	0	0	19	0	0	0	0	0	0	0	0	0	0	0	0	0	0	0	0	0	0	0	0	0	0	0	0	0	0	0	0	0	0	0	0	0	0	0	0	0	0	0	0
0	0	0	0	0	0	0	0	0	0	8	0	0	0	0	8	8	0	0	0	0	13	0	0	0	0	0	0	0	0	0	0	0	0	0	0	0	0	0	0	0	0	0	0	0	0	0	0	0	0	0	0	0	0	10	0	0	14	0	0	0	0	0	0	0	0	0	0	0	0	0	0	0	0	0	0	0	0	0	0	0	0	0	0	0	0	16	0	0	0	0	0	0	0	0	0	14	0	0	0	0	0	0	0	0	0	0	0	0	0	0	0	0	0	0	0	0	0	0	0	0	0	0	0	0	0	0	0	0	0	0	10	0	0	0	0	0	0	0	0	0	0	0	0	0	0	17	0	0	0	0	0	0	0	0	0	0	0	0	0	0	0	12	12	0	0	12	9	0	0	0	0	0	0	0	0	0	0	0	0	14	0	0	0	0	0	0	0	0	0	0	0	0	0	0	0	0	0	0	8	0	0	0	0	0	0	16	0	0	0	0	0	12	0	0	0	0	0	0	0	0	0	0	0	0	0	0	0	0	0	0	0	0	0	0	0	0	0	0	0	0	0	0	0	0	0	0	0	0	0	0	0	19	0	0	17	0	0	0	0	0	0	0	9	0	0	0	0	11	0	0	16	0	8	21	0	0	0	0	0	0	0	0	0	0	5	0	0	0	0	0	11	0	0	0	16	18	16	13	12	16	14	16	15	8	0	0	0	18	15	0	0	0	0	0	0	0	0	0	0	0	0	0	0	0	0	0	0	0	6	0	0	13	0	0	0	0	0	0	16	0	0	0	0	0	0	0	0	0	0	0	0	0	0	0	0	9	0	0	0	0	0	0	16	0	0	0	0	0	0	0	17	0	0	0	0	0	0	0	0	0	11	0	0	0	0	0	0	0	0	0	0	0	0	0	0	0	0	0	0	0	0	0	0	10	0	0	0	0	0	0	0	0	0	0	0	0	16	0	0	0	0	0	0	0	0	0	0	0	0	0	0	0	0	0	0	0	0	0	0	0	0	0	0	0	0	0	0	0	0	0	0	0	0	0	0	0	0	0	0	12	10	0	0	0	0	0	0	0	0	0	0	0	0	0	0	0	0	0	0	0	0	0	0	0	0	0	0	0	0	0	0	0	0	17	0	0	0	0	0	0	0	0	0	0	0	0	11	0	0	0	0
0	0	0	0	0	0	0	0	0	0	0	0	0	0	0	10	7	0	0	0	0	0	0	0	0	0	0	0	0	0	0	0	0	0	0	0	0	0	0	0	0	0	0	0	0	9	0	0	0	12	11	0	0	0	0	0	0	0	0	0	0	0	0	0	0	0	0	0	0	0	0	0	0	0	0	0	0	0	0	0	0	0	0	0	0	0	0	0	0	0	0	0	0	0	8	0	0	0	0	0	0	0	0	8	0	0	0	0	0	0	0	13	0	0	0	0	0	0	0	0	0	0	0	0	0	9	0	0	0	0	0	0	0	0	0	0	0	0	11	12	0	0	0	0	0	0	0	0	0	0	0	0	0	0	0	0	0	0	0	0	16	0	0	0	0	0	6	11	0	0	0	5	0	0	0	0	17	0	11	0	0	0	0	0	0	0	0	0	0	0	10	14	0	0	0	0	15	0	0	0	0	0	0	0	0	0	0	0	0	9	13	0	0	0	0	0	0	0	0	0	0	0	0	0	0	0	0	0	0	0	0	0	7	0	0	0	0	0	0	0	16	0	0	0	0	0	0	0	0	0	0	0	0	0	0	20	0	0	0	0	0	0	0	0	0	0	0	0	0	0	0	0	0	0	17	0	0	11	0	0	10	0	0	0	0	0	0	0	0	0	0	0	0	0	0	0	10	13	7	9	0	5	0	0	0	13	15	0	0	28	17	0	0	0	0	0	0	10	0	0	0	0	0	0	0	0	0	0	0	0	0	0	0	0	0	0	0	0	0	0	0	0	0	0	0	0	0	0	7	12	0	0	0	8	0	9	0	0	0	0	0	0	0	0	0	0	0	0	0	0	0	0	0	0	0	0	0	0	0	0	17	0	0	0	6	29	17	0	0	0	0	0	0	0	0	0	0	9	0	0	0	0	0	0	0	0	0	0	0	0	0	0	0	0	0	11	14	0	0	0	0	0	0	0	0	14	15	0	16	0	0	0	0	0	0	0	16	0	0	0	0	0	0	0	0	0	0	0	0	0	0	0	0	17	0	0	0	0	0	0	6	0	0	0	0	0	0	0	0	14	0	0	0	12	0	0	0	0	14	0	0	0	0	0	0	11	0	0	0	0	0	0	0	0	13	0	0	0	0	0	0	0	0	0	0	0	15	15	0	0	0	0
0	0	0	0	0	0	0	0	0	0	0	0	0	0	0	0	0	0	0	0	0	0	0	0	0	10	14	0	0	0	0	0	0	0	0	0	15	0	0	0	0	0	0	0	0	0	0	0	0	0	0	0	16	8	0	0	0	0	0	0	0	0	0	0	0	0	0	0	0	0	0	0	0	0	0	0	0	0	0	0	0	0	0	0	0	0	0	0	0	0	0	0	0	0	0	0	0	0	0	0	0	0	0	0	0	0	0	0	0	0	0	13	0	11	0	0	0	0	0	0	0	16	0	0	0	0	0	0	0	0	0	0	14	0	0	0	0	0	0	0	0	0	0	0	0	0	0	0	0	0	0	0	0	0	0	0	0	0	0	0	0	0	0	0	0	0	0	10	0	0	0	13	0	0	0	0	0	11	0	0	0	0	0	0	0	0	0	0	0	0	0	9	0	0	0	0	16	0	0	0	0	0	0	0	0	0	0	0	0	0	0	0	0	0	0	0	0	0	0	0	0	0	9	14	0	0	0	0	0	0	0	0	0	0	4	0	0	0	0	0	0	0	0	0	0	0	0	0	0	0	0	0	0	0	0	31	0	0	0	0	0	0	0	0	0	0	0	0	0	0	0	0	0	0	0	0	0	0	0	0	0	0	0	0	0	0	10	0	0	0	0	0	0	0	0	0	0	0	0	0	11	15	0	0	0	0	0	0	10	0	0	0	0	0	0	0	0	0	0	0	0	0	0	0	0	10	0	0	0	0	0	0	0	0	0	0	0	0	0	0	0	0	0	0	0	0	0	0	0	0	0	0	0	14	0	0	0	0	0	10	0	0	0	0	0	0	0	0	0	0	9	0	0	10	0	0	7	12	0	0	0	0	0	0	15	0	0	0	0	0	0	0	0	0	0	0	0	0	0	0	0	0	0	0	0	17	0	0	0	0	0	0	0	0	0	0	0	9	17	0	0	0	0	0	0	0	20	0	0	11	0	0	0	0	0	0	0	0	0	0	0	0	0	0	0	0	14	7	0	0	0	0	0	9	0	0	0	0	0	0	0	0	0	0	0	0	0	0	0	9	13	0	0	0	0	0	0	0	0	0	0	0	0	0	0	0	0	0	0	0	11	5	0	8	13	0	0	0	0	0	0	0	0	0	0	0	0	32	25	16	0	0
0	16	0	0	16	0	9	8	0	0	0	0	0	0	0	0	14	0	14	0	0	0	0	0	0	0	0	10	0	0	0	0	0	0	0	0	0	0	0	0	0	0	0	0	0	0	6	0	0	0	0	0	0	0	0	0	0	0	0	0	0	0	0	0	0	0	0	0	0	0	0	0	0	0	0	0	0	0	0	0	0	0	0	0	0	9	0	0	0	0	0	0	0	0	0	0	0	0	0	0	0	0	0	0	0	0	0	0	30	0	0	0	0	0	0	0	0	0	0	0	0	0	0	0	0	0	0	0	0	0	0	0	0	0	0	0	0	0	0	0	0	0	0	0	17	0	0	0	10	0	0	0	0	0	0	0	0	0	0	0	0	0	0	0	0	0	0	0	0	0	0	0	0	0	0	0	0	0	0	0	0	7	0	0	0	0	0	13	24	0	0	0	0	0	0	0	0	0	0	0	0	0	0	0	0	0	0	0	0	0	0	0	0	0	0	0	0	0	0	0	0	0	0	0	0	0	0	0	0	0	0	0	0	0	0	0	0	0	0	0	0	0	0	0	0	0	0	0	0	0	0	0	0	0	0	13	10	0	0	0	0	0	0	0	0	0	0	0	0	0	0	0	0	14	0	11	0	0	0	0	0	0	15	0	0	0	0	0	0	0	0	0	0	0	0	0	0	0	0	0	13	0	0	0	14	0	0	0	0	0	0	0	0	0	0	0	0	0	0	0	0	0	0	0	0	6	0	0	0	0	0	0	10	0	0	0	0	0	0	0	13	8	0	0	0	0	0	0	0	0	0	0	0	0	0	0	0	0	0	0	0	0	0	0	0	0	0	0	0	0	0	0	0	0	0	0	18	27	16	0	0	0	0	0	0	0	0	18	0	6	0	0	0	0	0	0	0	0	0	0	0	0	14	0	0	0	0	0	0	0	0	0	0	0	0	0	0	0	0	0	0	0	0	0	0	32	17	0	14	14	0	0	0	0	0	0	0	0	0	0	0	0	0	0	0	15	6	15	0	0	0	0	0	0	0	0	0	0	0	0	0	0	0	0	0	0	0	0	0	0	30	0	0	0	0	0	0	10	0	0	0	0	0	0	0	0	0	0	8	10	0	0	0	0	0	0	0	0	0	0	0	0	0	0	0	0	0	0	0	14	18	0
0	0	0	0	0	0	0	0	0	0	0	0	0	0	14	0	11	0	9	16	18	16	0	0	0	0	0	14	0	0	0	0	0	14	0	0	0	0	0	0	0	0	0	0	0	0	0	0	0	0	0	0	0	0	0	0	0	0	0	0	0	0	0	0	0	0	0	0	0	0	0	0	0	0	0	0	0	0	0	0	0	0	0	0	0	0	0	0	6	0	0	0	0	0	13	16	8	0	0	0	0	0	0	0	0	0	0	0	6	0	0	0	0	0	0	0	0	0	0	0	0	0	0	0	0	0	0	0	0	15	0	0	0	0	0	0	0	0	0	0	21	0	0	0	0	0	0	0	0	0	0	0	0	0	0	0	0	0	0	0	0	0	0	0	0	0	0	0	0	0	0	0	0	0	0	0	0	0	0	0	0	0	0	0	0	0	0	0	8	0	9	10	0	0	0	0	0	0	0	0	0	0	13	9	0	10	11	15	0	0	0	5	11	0	0	0	0	0	0	0	0	0	0	0	0	0	0	0	15	0	0	0	0	0	0	0	0	0	0	0	0	0	0	13	0	0	0	12	0	0	0	10	0	0	0	11	4	0	0	0	0	0	0	0	0	0	0	0	0	0	0	17	6	14	0	0	0	17	0	0	0	7	13	0	0	0	0	0	0	0	0	0	0	0	0	0	0	0	0	0	14	17	0	0	0	0	0	0	0	0	0	0	0	0	0	0	0	0	0	0	0	18	0	0	0	0	0	0	0	0	5	0	0	7	10	0	0	0	0	12	11	0	0	0	0	0	0	0	0	0	0	0	0	0	8	10	0	0	0	0	0	0	0	0	0	0	0	0	0	0	0	0	0	0	0	0	0	0	0	0	0	0	14	30	0	0	5	0	0	0	0	0	0	0	0	0	0	0	0	0	0	0	0	0	0	0	0	0	0	0	0	0	0	6	0	0	0	0	0	0	0	0	0	0	0	19	0	0	0	0	0	0	0	0	0	0	0	0	0	0	0	0	0	0	0	0	0	0	0	0	0	0	0	0	0	0	0	0	0	0	0	0	0	0	0	0	0	0	0	0	11	11	0	0	0	0	0	0	0	0	0	0	0	0	0	0	0	0	7	13	0	0	0	0	0	0	0	0	0	0	0	0	0	0	0	0	0	0	0	0	0	0
0	0	0	0	0	0	0	0	0	0	0	0	0	0	5	0	0	0	0	0	0	16	14	0	0	0	0	24	16	0	0	0	0	0	0	0	0	0	0	0	0	0	0	0	0	0	0	0	0	0	0	0	0	9	0	0	0	0	16	0	0	0	0	9	0	0	7	0	0	0	0	0	0	0	0	0	0	0	0	0	0	0	0	0	0	0	0	0	30	0	0	0	0	0	13	0	0	0	0	0	0	0	0	9	0	0	0	0	0	0	0	0	9	0	0	0	0	0	0	0	0	0	0	0	0	0	10	0	0	0	0	0	0	0	0	7	0	0	0	0	14	0	0	0	0	0	0	0	0	0	17	0	0	0	0	0	0	0	0	0	0	0	0	0	0	0	0	15	0	0	0	7	16	0	0	0	0	0	0	0	0	14	0	0	0	0	0	0	0	0	0	0	13	0	0	0	0	0	0	0	0	0	0	0	0	0	0	0	0	9	0	0	0	0	0	0	0	0	0	0	0	0	0	0	0	0	15	0	0	13	0	0	0	0	0	0	0	0	0	0	0	11	0	11	0	0	0	0	0	0	0	14	16	0	0	0	32	0	0	0	0	0	12	0	0	0	0	10	0	14	0	0	0	0	0	0	0	0	0	0	0	0	2	0	0	0	0	0	0	0	0	0	0	0	0	0	0	0	0	0	0	0	0	0	0	0	0	0	0	0	0	0	0	0	0	0	15	0	0	14	15	0	0	0	0	0	0	0	0	0	0	0	0	10	8	0	0	0	0	0	11	0	0	0	0	0	0	0	0	0	0	0	0	0	27	0	0	0	9	0	0	0	0	0	0	0	0	9	0	0	0	0	0	0	0	0	10	0	0	0	0	0	0	0	0	0	13	26	11	0	0	0	0	0	0	0	0	0	0	0	0	0	0	0	13	0	0	0	0	0	0	10	0	11	27	0	0	0	0	0	0	0	0	0	11	13	0	0	0	0	0	0	0	0	0	0	0	0	0	0	0	0	0	18	0	9	0	0	0	0	0	0	0	0	18	0	0	0	0	0	0	0	9	0	0	0	0	0	0	0	0	19	0	0	0	0	0	0	0	0	0	0	0	0	0	0	0	0	0	12	0	0	0	0	0	0	0	0	0	0	0	0	0	0	0	0	0	12	0	0	0	0
0	0	0	0	0	0	0	0	0	7	0	0	0	0	0	0	0	0	0	0	0	0	13	0	0	0	0	11	0	0	0	0	0	0	0	0	0	0	0	0	0	0	0	0	0	0	0	0	0	0	0	12	0	0	0	0	12	0	0	0	0	0	0	12	9	0	0	0	14	0	0	13	6	15	0	0	0	0	0	0	0	10	0	0	0	0	0	0	0	0	0	0	0	0	0	0	0	0	0	0	0	15	0	9	0	0	15	0	0	0	0	0	14	0	0	0	0	0	0	0	0	0	0	0	0	10	0	2	0	0	0	0	0	0	14	0	0	0	0	0	0	0	0	0	0	0	0	0	0	0	0	0	15	0	10	0	0	0	0	0	0	0	0	0	0	0	0	0	0	0	0	0	0	0	0	0	0	0	0	0	0	0	0	0	0	0	0	0	0	8	5	0	13	0	8	12	0	34	0	0	0	0	21	13	0	0	0	0	0	0	0	0	0	0	0	0	0	0	0	0	0	0	0	14	0	0	0	0	0	8	0	0	0	0	0	0	0	0	0	0	0	0	0	0	0	0	0	0	0	0	14	0	0	0	0	0	0	0	0	0	0	0	13	0	0	0	0	0	0	0	5	0	0	0	0	0	0	0	6	15	0	0	0	0	0	0	0	0	0	0	0	0	0	14	16	0	0	0	0	0	0	0	9	14	0	0	0	0	0	0	0	0	0	0	17	0	0	0	0	0	0	12	9	9	0	0	0	0	0	0	0	0	0	0	0	17	0	0	0	6	14	0	0	0	0	0	0	0	0	0	0	0	0	0	0	0	0	0	0	0	0	0	0	0	11	0	0	0	0	0	0	0	6	0	0	0	0	0	0	0	0	24	0	0	0	0	0	0	0	0	0	0	0	12	0	0	0	0	4	21	8	0	9	0	11	15	0	0	0	0	7	17	0	0	0	0	0	0	0	0	0	0	0	0	0	0	0	0	0	0	0	0	0	19	0	0	0	19	0	0	15	12	0	0	0	0	0	0	0	0	0	0	0	0	0	0	0	0	0	0	0	0	14	4	0	0	12	0	14	0	0	13	14	0	0	19	0	0	14	0	0	0	0	0	0	0	0	0	0	9	19	0	0	0	0	0	0	0	0	0	0	0	0	0	0	0	0	17	9	0	0	0
0	0	0	0	0	0	0	0	0	13	0	0	13	0	0	0	0	0	0	0	0	0	0	0	0	0	6	15	0	0	0	0	0	0	0	0	0	0	0	0	0	0	0	0	0	0	0	0	0	0	0	0	0	0	0	0	0	0	0	0	0	0	0	0	0	0	0	10	0	0	0	0	0	0	0	0	0	0	0	0	0	0	0	0	0	0	0	0	9	0	0	0	0	0	0	0	0	12	10	0	0	0	0	0	0	0	0	0	0	0	0	0	0	0	0	0	0	0	0	0	0	0	0	0	0	0	0	14	0	0	0	0	0	0	0	0	0	0	0	0	0	0	0	0	0	0	0	16	0	0	0	0	0	0	0	0	33	13	9	0	0	0	0	0	0	0	0	0	0	0	0	0	0	0	0	0	0	0	0	0	14	0	0	0	0	0	0	0	0	0	0	0	14	0	0	0	0	35	0	0	0	0	0	12	14	17	18	4	0	0	0	0	0	0	0	16	0	0	0	0	0	0	6	0	0	0	0	0	0	0	0	0	0	0	0	0	0	0	0	0	0	0	0	0	0	0	0	0	0	0	0	0	0	0	0	0	0	0	0	0	0	0	0	0	0	0	0	0	15	0	0	0	0	0	0	0	0	0	0	0	0	0	0	0	0	0	0	0	0	19	0	0	0	6	0	0	0	0	0	11	0	0	0	9	0	0	17	0	0	0	0	0	0	0	0	0	7	0	0	14	0	15	0	0	0	0	0	0	0	0	0	0	0	0	0	0	0	0	0	0	0	0	0	17	0	11	0	0	0	0	0	0	0	0	0	0	0	0	0	0	0	0	0	0	0	0	0	0	0	0	0	0	0	0	0	0	17	0	0	0	10	14	0	0	0	0	0	0	0	0	0	0	0	0	0	0	0	0	0	0	0	0	0	0	0	0	0	0	0	0	16	29	0	0	12	0	0	0	0	0	0	0	0	0	0	0	0	0	0	0	0	0	0	0	1	0	0	0	0	12	0	0	0	0	0	0	12	0	0	0	0	0	0	0	0	13	0	0	0	0	0	0	0	0	0	0	14	0	0	0	0	0	18	0	0	0	0	0	8	0	17	0	8	15	0	0	0	0	0	0	0	0	0	0	14	0	0	0	0	0	0	0	0	16	0	0	0	0	0	19	0	0
0	0	0	0	0	0	0	0	0	9	0	0	0	0	0	0	0	15	15	0	0	0	0	0	0	0	0	0	0	0	0	0	0	1	0	0	0	0	0	0	0	0	0	13	0	0	15	0	0	0	0	0	0	0	0	0	13	0	0	0	0	0	0	0	0	0	0	12	6	0	0	0	0	0	0	4	0	0	0	0	0	0	0	0	0	0	0	0	0	0	0	0	0	0	0	0	0	0	0	0	0	0	0	0	0	0	0	0	0	0	0	0	14	0	0	0	0	0	0	0	7	3	0	0	0	0	0	0	0	0	0	0	0	0	0	0	0	0	0	0	0	0	0	0	0	0	0	0	0	0	0	0	0	0	0	0	21	0	0	0	0	0	0	0	0	0	0	14	9	0	0	10	0	0	0	0	16	18	0	0	0	0	0	0	0	0	0	0	0	0	0	0	0	0	0	0	0	14	0	0	0	0	0	0	9	0	0	0	0	0	0	0	0	0	8	9	0	0	0	9	0	0	16	0	0	0	0	0	0	0	0	0	0	0	0	0	0	0	0	0	0	0	0	0	0	0	0	0	0	0	0	0	0	0	0	16	0	0	0	0	0	0	0	0	0	0	0	0	0	0	0	0	0	0	0	17	0	0	0	0	0	0	0	0	0	16	0	0	0	0	0	0	0	0	0	0	9	0	0	0	0	0	0	0	0	0	0	0	0	0	0	0	0	0	0	0	0	0	0	0	0	10	0	0	0	0	0	0	0	0	0	0	0	0	0	7	0	0	0	0	0	0	0	0	0	0	0	0	0	0	0	0	0	0	0	0	0	0	0	0	0	0	0	0	0	0	8	0	15	0	0	0	0	0	0	0	0	0	0	0	35	0	0	16	0	0	0	0	0	0	0	0	0	0	0	0	8	0	0	9	14	0	0	0	0	0	0	0	0	0	24	18	9	0	0	0	0	0	0	0	0	0	0	0	0	0	0	0	0	0	0	0	0	0	0	0	0	0	0	0	0	0	0	0	0	0	0	0	0	15	7	0	0	0	0	11	0	0	0	0	0	0	0	0	0	0	0	11	8	0	0	0	13	13	0	0	0	0	0	0	0	0	0	0	0	0	0	0	0	0	0	34	0	0	12	0	17	0	0	14	0	0	0	0	0	0	0	0	0	0	0	0
15	0	0	0	0	0	0	0	0	0	10	0	0	0	0	0	0	8	0	0	0	0	0	0	0	12	0	0	0	0	0	2	17	4	3	3	0	0	0	0	14	0	0	12	0	0	0	0	0	0	0	0	0	14	0	0	0	0	0	0	0	0	0	0	0	10	0	0	2	15	0	0	0	0	0	0	0	0	16	0	0	0	0	0	0	0	0	0	0	12	13	0	0	0	0	0	0	0	0	0	0	0	17	0	0	0	0	0	15	0	0	0	0	0	0	0	0	0	0	0	8	9	0	0	0	17	0	0	0	0	0	0	0	0	0	0	0	0	0	0	9	0	0	0	0	0	0	31	0	0	0	0	0	0	0	0	0	0	0	0	0	0	0	0	0	0	0	0	0	0	0	0	0	0	0	0	0	0	0	0	25	0	0	0	0	0	0	0	0	0	0	19	0	0	0	0	0	0	0	0	0	0	0	0	0	0	16	0	0	0	0	0	0	0	0	0	0	0	4	12	0	0	0	0	0	0	0	0	11	10	5	0	0	0	0	0	0	3	0	0	0	0	0	0	0	0	0	11	0	0	0	0	12	15	0	7	12	11	0	0	0	0	0	12	0	0	0	0	0	0	0	0	0	14	10	0	0	0	0	0	0	0	0	0	0	0	0	0	5	8	0	0	0	0	0	0	0	16	0	0	0	0	14	0	0	6	0	0	0	0	0	0	0	0	18	0	0	0	0	0	0	0	0	0	0	0	0	0	0	0	0	0	0	0	0	0	0	0	0	0	0	0	16	6	0	0	0	0	0	0	0	0	0	6	0	0	0	0	0	0	0	0	0	0	0	8	0	0	10	0	0	0	0	0	0	0	0	0	0	0	0	0	8	0	0	0	0	0	0	0	0	0	0	0	0	0	0	0	0	0	0	0	0	0	0	0	0	0	0	17	0	18	39	8	0	0	0	0	0	0	0	12	12	0	0	0	0	0	0	0	0	0	0	0	0	0	0	0	0	0	0	17	17	0	0	0	0	0	0	0	0	0	0	18	0	0	0	0	0	0	0	0	0	0	0	0	0	8	19	0	0	0	0	20	5	0	0	0	0	0	0	0	0	0	0	0	0	11	0	0	0	21	0	0	0	0	0	0	0	0	0	0	0	0	0	0	9	0	0	0	0	0
0	0	0	0	0	0	0	0	0	0	0	0	0	0	8	0	0	0	0	10	0	0	0	0	0	17	0	0	0	0	3	17	4	4	3	3	3	1	0	0	0	0	0	0	0	0	0	0	0	0	0	0	0	15	0	0	0	0	0	0	0	0	0	0	0	0	0	0	0	0	0	0	0	0	0	0	0	0	0	11	0	0	0	0	8	13	0	0	0	0	0	0	0	0	0	0	0	0	0	0	0	0	0	0	0	0	0	0	0	0	0	0	0	0	0	0	0	0	0	0	0	0	0	0	0	0	0	0	0	0	0	10	0	0	0	0	0	0	0	15	0	0	0	0	0	0	0	0	0	0	0	0	0	0	0	0	15	0	0	0	0	0	0	0	0	0	0	0	0	0	0	0	0	0	0	0	0	0	0	19	11	0	0	0	0	0	0	15	0	0	0	0	0	0	0	0	0	0	0	0	16	10	0	17	0	0	0	0	0	0	0	0	0	0	0	0	0	0	0	0	0	0	0	0	0	0	0	0	0	0	0	0	0	0	0	0	0	0	0	0	0	0	0	0	0	0	0	0	0	0	0	0	0	25	16	0	0	7	15	0	0	0	0	0	0	0	0	0	0	0	0	0	0	0	0	0	0	16	0	0	0	0	0	0	0	0	0	12	8	12	0	0	0	0	0	0	0	0	0	0	0	0	0	0	0	0	0	0	0	0	0	0	0	0	0	0	0	0	0	0	0	0	0	0	10	0	0	0	9	0	0	0	0	0	0	0	0	0	0	17	10	0	0	0	0	0	0	0	0	0	0	0	0	0	0	0	0	0	0	0	0	0	10	11	0	0	0	0	0	0	0	0	0	0	0	0	0	0	0	0	0	0	0	0	12	32	0	12	0	0	0	0	0	0	0	16	0	0	0	0	0	0	0	0	0	0	0	10	0	0	0	11	19	22	5	0	10	13	0	17	0	11	0	0	0	0	0	0	0	0	0	0	0	0	0	0	7	0	6	0	0	0	0	0	0	0	0	9	13	0	0	0	0	0	0	0	0	0	0	0	11	9	0	0	0	0	0	0	0	0	0	0	0	13	13	0	0	0	0	0	0	13	0	0	0	0	0	0	8	15	0	0	0	0	0	0	0	0	0	11	0	0	0	0	0	0	0	0	0	0	0	0
0	0	0	13	0	0	0	0	0	0	0	0	9	0	0	0	0	0	0	0	0	0	0	0	0	0	14	0	0	3	4	15	8	16	10	4	3	18	0	0	0	16	0	0	0	0	0	0	0	0	0	0	0	0	0	0	0	0	0	0	0	0	0	0	0	0	0	0	0	0	0	0	0	14	0	0	0	0	0	0	0	0	0	0	0	0	0	0	0	0	0	0	0	0	0	0	0	0	0	0	0	8	0	0	0	10	0	0	0	0	0	6	0	0	0	0	0	0	0	0	0	13	9	0	0	0	0	0	0	0	0	0	0	0	0	0	0	0	0	2	7	0	0	8	0	6	0	0	0	0	0	0	0	0	0	0	0	0	0	0	13	8	0	0	0	0	0	0	0	0	0	0	11	0	0	0	0	0	0	16	0	0	0	0	0	14	0	0	0	0	0	0	0	0	0	0	0	0	0	19	0	0	0	0	0	0	0	0	0	8	0	0	0	0	0	0	0	0	0	0	0	0	0	0	0	0	0	0	0	0	0	0	0	0	0	0	0	14	10	0	0	0	0	0	0	0	0	0	0	0	0	0	0	0	0	16	0	0	0	0	0	7	0	0	0	0	0	0	0	0	0	15	0	0	0	0	0	0	0	13	0	11	22	0	0	0	0	0	12	15	0	0	0	0	0	0	0	16	9	0	0	16	9	0	0	0	0	0	0	0	0	6	0	16	0	0	31	0	0	0	0	0	12	0	14	0	0	0	14	9	0	0	0	0	0	0	0	0	0	0	21	0	0	0	0	0	0	0	6	14	0	0	0	0	0	0	0	0	0	0	0	0	0	0	0	0	0	0	0	0	0	0	0	0	0	0	0	0	0	0	0	0	0	0	0	0	0	12	0	0	0	0	0	0	18	0	0	0	0	0	0	0	0	0	0	0	0	0	0	0	0	0	0	15	20	20	27	33	0	0	0	16	0	0	0	0	17	0	0	0	0	0	0	0	0	0	0	0	12	0	0	0	0	0	0	0	0	10	0	0	0	0	0	0	0	0	0	0	0	9	12	0	0	0	0	14	0	0	0	0	0	0	0	0	15	9	0	0	0	0	10	11	0	0	0	0	0	10	12	0	0	0	0	0	0	0	0	0	11	9	0	0	0	0	0	0	0	0	0	0	0	0
0	0	0	9	0	0	0	0	0	0	0	0	0	0	0	0	0	0	9	0	0	0	0	0	0	0	0	0	0	3	4	9	104	208	139	17	4	3	0	9	0	0	0	0	0	0	0	0	0	0	0	0	0	0	0	0	0	0	0	0	0	0	0	0	0	0	0	0	0	0	0	9	0	0	0	16	0	0	0	0	0	0	0	0	0	0	0	0	0	0	0	0	0	0	0	0	0	0	0	0	0	0	0	11	0	0	0	0	0	0	0	0	0	0	0	0	0	0	0	13	7	0	0	0	0	0	0	0	0	0	12	0	0	0	0	0	0	0	0	0	0	0	0	0	0	0	0	0	16	0	0	0	0	15	8	0	0	15	10	0	0	0	0	0	0	0	0	0	0	0	0	15	10	0	0	0	0	5	0	0	0	0	0	0	0	0	0	11	0	0	0	0	0	0	0	0	0	16	14	0	0	0	0	0	0	0	0	0	0	0	0	0	0	10	0	0	0	0	0	0	9	0	0	0	0	0	0	0	0	10	0	0	0	0	0	0	0	0	0	0	9	0	0	0	0	0	0	0	0	0	0	0	0	0	0	0	14	0	0	0	0	0	0	0	0	0	8	0	0	0	0	0	0	0	0	0	0	0	12	0	16	30	16	8	16	0	0	0	0	9	0	0	0	0	0	0	0	0	0	0	0	0	0	0	0	0	0	0	0	0	0	0	0	0	0	0	0	0	0	0	0	0	0	9	0	0	0	0	0	0	10	0	0	0	0	0	0	0	0	18	15	0	0	0	0	0	0	0	0	10	0	0	10	0	9	18	0	0	0	0	0	0	0	0	0	8	12	0	0	0	7	0	12	11	0	0	0	0	0	0	0	0	0	0	0	0	0	0	0	0	0	0	0	0	0	0	0	0	0	0	0	14	0	0	0	11	0	0	0	0	0	10	0	0	15	0	0	0	0	0	0	0	0	0	0	0	0	12	0	0	0	0	0	0	0	0	0	0	0	0	0	0	0	0	0	0	0	0	0	0	0	0	0	0	0	0	0	0	0	13	0	0	0	0	0	0	0	0	0	0	0	0	0	0	0	16	0	0	0	0	0	0	0	0	0	0	0	6	23	0	0	0	0	0	0	0	0	0	0	0	0	0	0	0	0	0	0	7	0	0	0	0
0	0	0	0	0	0	0	0	0	0	0	0	0	0	0	0	9	0	9	0	0	0	0	0	0	0	0	0	0	3	4	32	243	804	271	40	4	3	0	0	0	0	0	0	15	7	0	0	0	0	15	0	0	0	0	10	0	0	0	0	0	5	0	0	0	10	0	0	0	0	0	0	0	0	0	0	0	0	0	0	0	0	10	0	0	0	0	0	0	0	0	0	0	12	0	0	0	0	0	0	0	0	0	0	0	0	0	0	0	0	16	0	0	0	0	0	9	0	0	8	10	0	0	0	0	0	0	0	0	0	0	0	0	0	0	0	0	0	0	0	0	0	12	9	11	0	0	0	7	0	0	0	0	34	0	0	0	0	0	0	0	0	0	0	0	0	0	0	0	0	0	0	0	0	0	0	0	0	0	0	0	0	0	0	0	0	0	0	0	0	0	0	0	0	0	12	14	7	0	0	0	0	0	0	0	0	0	0	0	0	0	0	13	0	0	0	0	0	0	0	0	0	0	0	0	0	0	0	0	0	0	0	0	6	0	0	0	0	0	0	0	0	0	0	0	0	11	0	0	0	0	0	0	0	0	17	10	0	0	0	0	0	0	0	0	0	0	0	0	0	0	19	0	0	0	0	0	0	0	0	14	0	0	0	0	0	0	0	0	0	0	0	0	0	0	0	0	0	0	0	11	0	0	0	0	0	0	0	0	0	0	0	0	0	0	0	0	0	0	0	0	16	0	0	0	15	0	0	0	0	0	0	0	0	0	0	0	0	0	0	0	0	0	0	0	11	0	0	0	0	7	13	0	0	0	0	0	0	0	18	0	0	16	0	0	26	15	0	0	0	0	10	19	7	0	0	0	0	0	0	0	0	0	0	0	0	0	0	0	0	0	0	0	0	0	0	0	0	0	0	0	6	0	12	0	0	0	18	0	0	9	11	9	0	12	0	0	0	0	0	0	0	0	0	0	0	0	20	0	0	0	0	0	0	0	0	0	0	0	0	0	0	0	0	16	0	0	0	0	0	0	0	0	0	0	0	0	0	0	0	0	0	0	0	11	16	10	0	0	0	0	0	0	0	0	14	6	0	0	0	0	0	0	0	0	0	0	0	0	0	0	0	0	0	0	0	0	0	0	0	0	0	0	0	0	0	0	0	0	0	0	0
0	0	0	0	0	0	13	0	0	0	0	0	0	0	0	0	0	0	0	0	0	0	0	10	0	0	0	0	0	3	4	14	147	481	157	19	4	19	0	0	0	0	0	15	0	0	0	11	14	0	13	0	3	0	0	14	0	0	0	0	0	6	0	0	0	0	0	0	0	0	0	0	0	0	0	0	0	0	0	0	0	13	0	0	0	0	8	0	0	0	0	0	9	14	8	0	8	0	0	0	0	0	0	0	0	0	0	0	0	0	0	0	0	0	0	0	0	7	15	0	0	0	0	0	0	0	0	11	0	0	0	0	0	0	0	0	0	0	0	14	0	0	11	0	0	0	0	0	0	0	0	0	0	0	0	0	14	0	4	16	0	0	0	14	0	0	0	0	0	0	0	0	0	0	0	0	0	0	0	8	0	0	0	0	0	0	0	0	0	0	0	0	0	13	15	9	0	0	0	0	0	0	0	0	0	0	0	0	0	0	0	0	0	0	0	0	0	0	0	0	10	0	0	0	0	0	0	0	0	0	0	0	0	0	0	0	0	0	0	0	0	0	0	0	0	0	0	0	0	0	0	0	0	0	0	0	0	0	0	0	0	0	0	0	0	0	0	0	0	0	0	0	0	0	0	0	0	0	0	0	14	0	0	0	0	0	0	0	0	0	16	0	0	0	0	13	11	0	0	10	0	0	0	0	0	0	0	0	0	0	0	7	14	0	15	10	0	0	0	10	0	0	0	0	0	14	9	0	0	0	0	10	0	0	0	11	0	0	0	0	0	0	0	0	0	0	0	0	0	10	0	12	9	0	11	0	0	0	0	17	0	0	14	8	0	0	0	0	0	0	0	0	0	0	0	0	0	0	0	0	0	0	0	0	0	0	10	13	0	0	0	15	0	0	0	0	0	10	0	0	13	0	0	0	0	0	0	0	0	0	0	0	0	9	0	0	0	0	0	0	0	0	0	0	0	0	0	7	33	0	0	0	0	0	0	0	0	0	0	0	0	0	0	17	0	0	0	0	0	0	6	0	0	0	0	0	0	0	0	0	0	0	0	0	13	13	0	0	0	0	0	0	0	0	19	0	0	0	0	0	0	0	0	0	0	0	10	0	0	0	0	0	0	0	0	0	0	0	0	0	0	0	0	0	12	13	0	0	0	14	0	0
0	0	6	0	0	0	13	0	0	0	14	0	0	0	12	0	0	11	0	0	0	0	0	0	0	0	0	11	13	3	3	4	14	30	15	5	3	3	0	0	0	0	0	0	0	12	27	20	0	0	0	0	0	0	0	4	3	0	0	0	0	0	0	0	0	0	0	0	0	0	0	0	0	0	0	0	0	0	0	0	0	0	0	0	0	0	13	0	0	0	0	17	0	0	0	0	0	0	0	0	0	0	0	0	0	0	0	0	0	0	0	0	0	12	0	10	0	0	0	0	0	15	0	0	0	0	0	0	0	0	0	0	11	0	0	0	0	0	0	0	0	0	0	0	0	0	0	0	0	0	0	0	0	0	0	0	0	0	0	0	0	0	0	11	9	0	0	0	0	0	0	0	0	0	0	0	0	0	0	0	0	0	0	0	0	0	0	0	0	0	10	11	13	5	0	0	0	0	0	0	9	9	0	0	0	0	0	0	0	0	0	0	0	0	0	0	0	0	0	0	0	0	0	0	0	0	0	0	0	0	0	0	0	0	0	0	0	0	0	0	0	0	0	0	0	0	0	0	0	0	0	0	0	0	0	0	0	0	0	0	0	0	0	0	0	0	0	0	0	0	0	0	0	0	0	0	0	12	13	0	0	0	0	0	0	0	0	0	0	0	0	0	0	0	0	0	0	0	0	0	0	0	0	0	0	0	0	0	0	0	0	0	0	0	13	17	0	17	0	0	0	0	0	0	0	0	0	5	0	0	0	0	0	0	0	0	0	0	0	0	0	0	0	0	0	0	0	16	0	0	14	8	0	0	0	0	0	0	0	0	0	0	16	0	0	0	9	9	0	0	0	0	0	0	0	0	0	0	0	0	15	11	0	11	0	0	0	0	0	0	0	0	10	0	0	0	0	0	0	0	13	0	0	0	0	0	14	5	15	0	0	0	0	0	0	0	0	0	0	0	0	13	14	0	0	0	0	15	25	16	19	16	0	0	12	0	0	0	0	0	0	6	0	0	0	0	0	0	0	0	15	11	0	0	0	9	0	0	0	0	15	0	0	0	17	10	14	12	0	0	0	0	0	0	0	0	0	0	0	0	0	0	0	0	0	0	0	0	0	0	0	0	0	0	0	0	0	10	0	0	0	0	0	0	0	0	0	0	0	16	4	0
0	0	0	0	0	0	0	12	7	0	0	0	0	0	0	3	0	15	0	0	0	0	0	0	0	0	0	0	0	1	3	3	4	4	4	3	3	13	10	0	0	0	16	33	0	9	11	0	0	0	0	0	0	0	0	0	0	0	0	0	14	6	23	13	0	0	0	0	0	16	0	0	0	0	0	0	16	0	0	0	0	0	0	0	0	0	32	0	0	0	0	0	0	0	0	0	0	0	0	0	10	0	0	0	0	0	0	0	0	0	0	0	0	10	0	0	0	0	0	0	0	0	0	0	0	0	0	0	0	0	0	0	0	15	0	0	0	8	0	0	0	11	0	0	0	0	0	0	0	9	13	11	0	0	5	0	0	0	0	0	0	0	0	9	18	8	0	0	0	0	0	0	0	0	11	0	0	0	0	0	13	0	0	0	0	0	0	0	0	0	4	9	0	0	0	0	0	0	0	0	0	0	0	0	0	7	0	0	0	0	0	0	0	0	0	2	0	0	0	0	0	0	0	0	0	0	0	0	0	0	0	0	0	0	0	0	0	0	0	0	0	0	0	0	0	0	0	0	0	0	14	0	0	0	0	0	0	0	0	0	0	0	0	0	0	0	0	0	0	16	0	0	0	0	0	0	9	0	0	0	0	0	0	16	0	0	0	0	0	0	0	0	0	11	0	0	0	15	8	0	0	33	8	0	0	0	0	0	0	0	0	0	0	0	0	17	0	0	0	0	0	0	0	0	0	0	0	9	0	15	0	0	0	0	0	0	0	0	0	0	0	12	0	0	0	0	0	0	0	0	0	11	0	0	0	0	0	0	0	0	0	0	0	0	0	0	0	0	0	0	0	0	0	0	0	0	0	0	0	0	0	0	0	0	0	0	12	0	0	0	0	0	14	0	0	0	0	0	0	0	0	0	0	0	0	0	0	0	0	0	0	16	0	0	0	0	17	0	0	0	0	0	0	0	0	0	0	0	0	0	0	10	15	0	12	0	0	0	0	0	0	0	0	0	0	7	0	0	0	0	0	0	0	0	0	0	0	0	0	0	0	0	0	0	18	0	0	0	0	0	0	0	0	0	0	0	0	0	0	0	0	0	0	0	0	0	0	0	0	0	9	0	0	0	0	0	7	12	9	0	0	11	0	0	11	0	0	0	0	0	0	0
14	0	0	0	0	0	0	9	0	0	0	0	0	0	26	28	8	0	0	0	0	0	5	0	0	0	0	0	12	0	0	2	3	3	3	3	1	3	0	0	0	0	0	0	0	0	0	0	0	0	0	13	0	15	0	0	0	0	0	0	0	0	0	0	0	0	0	0	0	15	0	0	0	0	0	11	11	0	0	0	0	0	0	0	0	0	0	0	0	0	0	0	0	0	0	0	0	0	0	0	0	0	0	0	0	0	0	0	7	0	0	0	0	0	0	0	0	0	0	0	0	0	0	0	0	14	10	6	0	0	0	0	0	0	0	15	12	0	0	0	0	11	7	0	0	0	0	0	0	0	0	0	0	0	0	0	0	0	0	0	0	0	0	0	6	0	0	0	0	0	0	0	0	0	11	0	0	0	0	0	12	12	0	0	0	0	0	0	0	0	0	0	0	0	0	0	0	0	0	0	13	0	0	0	0	0	0	0	0	0	0	0	0	0	0	8	0	0	0	0	0	0	0	0	0	0	0	0	12	0	0	0	0	0	0	0	0	0	14	8	0	0	0	0	0	0	0	0	0	0	0	0	0	0	0	0	0	0	0	0	0	0	0	11	0	0	0	0	0	0	0	0	0	0	0	16	16	0	0	0	0	0	0	0	0	0	0	0	0	0	13	0	0	0	5	0	0	9	6	0	0	0	0	0	0	0	0	0	0	0	0	0	0	0	11	7	24	0	0	0	0	0	0	0	0	0	0	0	0	0	0	0	0	0	0	0	0	0	0	0	0	0	12	0	3	0	0	0	0	0	0	0	10	0	0	0	0	0	0	0	0	0	0	0	0	0	0	0	0	0	18	0	7	0	18	0	0	0	0	0	0	0	0	0	0	0	12	0	0	0	13	0	0	0	0	0	0	0	0	0	0	0	0	0	0	0	0	0	0	0	0	0	0	0	0	0	0	0	17	0	0	0	0	0	0	0	0	0	0	0	0	0	0	0	0	0	0	0	0	0	0	0	0	0	0	0	0	0	0	0	0	0	0	0	0	0	0	0	0	0	0	0	0	0	11	0	0	0	0	0	0	0	0	0	0	0	0	0	0	0	0	0	0	0	27	12	0	0	0	0	14	18	0	0	0	0	0	0	0	0	0	10	0	0	32	0	9	0	0	0	0	0
0	0	0	0	0	0	0	11	0	9	0	0	0	0	0	0	0	4	0	0	0	0	0	0	0	0	0	0	14	8	0	0	1	1	2	0	0	0	0	0	0	0	0	0	0	0	0	0	0	0	15	0	0	0	0	0	0	15	0	0	0	11	13	0	0	0	0	0	0	0	0	0	0	0	0	0	12	11	5	0	0	0	0	11	12	0	0	0	0	0	0	0	0	0	0	0	0	0	0	0	0	0	0	0	0	0	0	0	0	7	0	8	0	0	0	0	0	0	0	0	0	0	0	0	0	0	0	0	0	0	0	0	0	0	0	0	0	0	0	0	0	0	0	0	0	0	0	16	0	0	0	0	0	0	0	0	0	0	0	0	0	0	0	0	0	0	0	0	0	0	0	0	0	0	0	0	0	0	0	0	0	0	0	11	0	0	0	11	11	0	0	0	0	0	12	0	0	0	15	0	5	0	0	0	0	0	0	0	0	15	12	0	0	0	0	0	0	0	0	0	0	0	24	0	0	0	0	0	14	0	0	0	13	0	0	0	0	0	0	29	10	0	17	0	0	0	0	0	0	0	0	0	7	0	6	0	0	0	10	0	0	0	0	0	0	0	0	0	0	0	0	0	0	0	0	0	0	0	0	0	0	0	0	0	0	7	2	0	0	0	13	0	0	0	0	0	0	0	0	0	0	0	0	0	0	0	0	0	0	0	0	14	0	0	0	0	16	0	0	0	0	0	11	0	0	0	0	0	0	0	0	0	13	14	0	0	0	0	0	0	0	0	0	0	0	0	0	0	0	0	0	0	15	0	0	0	0	0	0	14	0	0	0	0	0	0	0	0	0	0	0	0	0	0	0	0	0	0	0	0	0	18	0	0	0	0	0	0	0	0	12	0	0	0	0	12	0	0	0	10	0	0	0	0	0	0	0	0	0	0	0	0	0	9	0	0	0	0	0	0	0	0	0	0	0	0	12	0	0	0	16	0	0	0	0	0	29	0	0	8	7	0	0	0	0	0	17	0	0	0	0	0	0	0	0	0	0	0	0	0	0	0	0	0	0	0	0	0	0	0	0	0	0	0	0	0	0	0	0	9	0	18	0	0	0	16	15	0	0	0	0	0	0	0	0	0	0	0	0	0	0	0	0	0	0	0	0	0	0	0	0	0
0	0	0	0	0	0	0	0	0	11	0	0	0	0	0	0	0	12	0	0	0	0	0	0	0	0	0	0	9	8	0	11	0	0	0	0	0	0	0	0	0	0	0	0	0	0	0	0	0	0	0	0	0	0	0	0	0	0	0	0	0	14	21	0	0	0	0	0	0	0	0	0	0	0	0	0	0	0	15	0	0	0	0	0	0	0	9	0	0	0	0	0	0	0	0	0	0	0	0	0	0	0	0	0	0	0	0	0	0	0	0	0	0	10	0	0	0	0	0	0	0	9	0	0	0	0	0	0	0	0	0	15	0	8	0	0	0	0	0	0	0	0	14	0	0	0	0	0	0	0	0	0	0	0	9	0	0	0	0	0	0	0	0	0	0	0	0	0	0	0	0	0	14	0	13	18	0	0	0	0	0	0	0	0	0	0	0	0	0	0	0	0	0	0	0	0	0	0	0	0	0	0	0	0	0	0	0	0	0	0	0	0	0	0	0	0	11	0	0	0	0	0	0	0	0	0	0	16	0	0	0	0	0	0	0	0	0	0	0	2	0	0	0	0	0	0	0	0	0	0	0	0	0	13	0	0	0	0	19	0	0	0	0	0	0	0	0	0	0	0	0	11	7	9	0	0	0	0	0	0	16	0	0	0	0	0	0	0	0	0	0	0	0	0	0	0	0	0	0	0	0	0	14	0	0	0	14	0	0	0	0	13	0	0	9	0	11	16	0	0	0	0	0	0	0	0	0	0	0	0	0	0	0	11	0	0	0	0	0	0	0	0	0	0	0	0	0	0	0	0	0	16	11	0	0	0	0	0	0	13	0	2	13	0	0	0	15	0	0	0	0	0	16	0	0	0	0	0	0	0	0	0	0	10	0	0	0	0	0	0	0	0	0	0	0	15	0	0	0	0	0	0	0	0	0	0	0	0	0	0	0	13	0	0	0	0	0	0	0	0	0	12	0	0	0	0	0	0	0	0	0	0	0	0	0	16	0	0	0	0	0	0	0	0	0	0	0	0	0	0	0	0	17	0	14	0	0	0	0	0	0	0	0	0	0	0	0	0	0	0	0	0	0	0	0	0	0	0	0	0	0	0	0	0	0	0	0	0	0	0	0	0	0	0	0	0	0	0	0	0	0	0	0	0	0	0	0	0	0	0	0	0
0	0	0	0	0	0	0	0	0	0	0	0	0	0	0	0	0	0	0	0	0	0	0	0	0	0	0	0	0	0	0	11	0	0	0	13	0	0	0	0	0	0	0	0	0	16	0	0	0	0	14	10	0	0	0	0	0	0	0	0	0	9	12	0	0	0	0	0	0	0	0	0	0	0	0	0	0	0	0	0	0	0	0	0	0	0	14	9	0	0	0	0	0	0	0	0	0	0	0	0	0	0	13	0	0	0	0	0	0	0	16	12	0	12	0	0	0	0	0	0	0	0	0	0	0	0	0	2	14	0	0	0	0	13	0	0	0	0	0	0	0	0	0	0	0	0	0	0	0	0	0	0	0	0	0	0	0	0	13	0	0	0	0	0	0	0	0	0	0	0	0	0	15	0	0	0	12	11	15	0	0	0	0	0	0	0	0	0	0	14	13	0	0	0	0	0	0	0	0	0	0	0	0	0	0	0	0	0	0	0	0	0	0	0	0	0	0	0	0	0	0	0	0	0	0	0	0	0	0	0	0	0	0	0	0	0	0	0	0	0	0	0	0	0	0	0	0	0	0	0	0	0	0	0	0	0	0	0	23	0	0	0	0	0	0	0	0	0	0	0	0	12	8	0	0	0	0	0	0	0	0	0	0	0	0	12	0	0	0	0	0	0	0	0	0	0	6	16	0	0	0	0	0	8	0	0	0	0	0	16	0	0	0	0	0	0	0	20	6	0	0	0	0	0	0	0	0	0	0	0	0	0	0	0	0	13	12	0	0	0	0	0	0	0	0	0	0	11	0	0	0	0	0	0	0	0	0	0	0	0	0	0	9	0	0	0	11	0	0	0	17	0	0	0	0	0	0	0	0	0	0	0	15	0	0	0	0	0	0	0	0	0	0	0	0	0	0	0	0	0	0	0	0	0	0	0	0	0	0	0	0	0	0	0	0	0	0	0	0	0	0	0	0	0	0	0	0	0	0	0	0	0	0	0	18	0	0	0	0	0	0	0	0	0	0	0	9	0	0	0	0	0	0	0	0	0	0	0	0	0	0	10	0	0	0	0	0	0	0	9	0	0	0	0	0	0	0	0	0	0	0	0	0	0	18	0	0	0	0	0	0	0	0	0	0	0	0	0	0	0	0	0	0	0	0	0	0	0	0	0	14	0
0	18	0	0	0	0	0	0	0	0	9	8	0	0	0	0	0	0	0	0	0	0	0	0	0	0	0	0	0	0	0	15	0	6	13	0	0	0	0	0	0	0	0	0	0	0	0	14	12	0	0	0	0	0	0	0	0	0	0	0	0	12	0	0	0	0	0	0	9	0	0	0	0	0	0	0	0	0	0	6	0	0	0	0	0	0	0	0	0	0	0	0	0	0	0	0	0	16	0	0	8	12	12	0	0	0	6	0	0	12	18	11	0	0	8	0	0	0	7	0	0	0	0	0	0	0	0	0	4	10	0	0	0	0	0	0	0	0	0	0	0	0	0	0	0	0	0	0	0	0	0	0	0	0	0	0	13	0	0	0	0	16	12	0	0	0	5	0	0	0	0	0	0	0	0	0	0	0	0	0	0	0	0	0	0	14	0	0	0	0	0	0	0	0	0	0	0	0	0	0	0	0	0	0	0	0	0	0	0	0	0	0	0	0	0	0	0	0	2	0	0	0	0	0	12	11	0	0	0	0	0	0	0	0	0	0	8	0	0	0	0	0	0	17	22	0	0	0	0	0	0	0	0	0	0	0	0	0	23	0	0	0	0	11	16	0	0	0	0	0	0	0	9	0	0	0	11	0	0	0	0	0	0	0	0	0	0	0	0	0	0	0	0	0	0	14	0	0	0	0	0	0	0	0	0	0	0	0	0	0	16	0	0	0	0	0	0	0	15	0	0	0	17	27	0	0	0	0	17	0	0	0	0	0	0	0	0	0	0	0	0	0	0	0	15	0	0	0	0	0	0	0	0	0	0	0	0	0	0	0	0	0	0	0	0	0	0	0	0	0	17	0	0	0	0	0	0	15	0	0	0	0	0	0	0	0	0	0	0	0	0	0	0	0	0	0	0	0	0	0	0	0	12	0	7	0	0	0	0	0	0	0	0	0	0	0	0	0	0	0	0	0	0	0	0	0	0	0	14	0	0	0	0	0	0	0	0	0	0	0	0	0	0	0	0	0	17	0	17	0	0	0	0	0	0	0	0	0	0	0	0	0	0	12	0	0	0	0	0	0	0	0	0	0	0	0	0	0	0	0	0	0	0	0	0	0	0	0	0	0	0	0	0	0	0	0	0	0	0	0	18	0	0	0	0	0	0	0	0	0	14	0
0	5	14	0	0	0	0	0	0	0	0	0	0	0	0	0	0	0	0	0	0	0	0	0	0	0	0	0	0	0	0	0	0	0	0	0	0	0	0	0	0	0	0	0	0	0	0	0	0	0	15	0	0	0	0	0	0	0	0	0	0	0	0	0	0	0	0	0	0	0	0	0	0	10	0	0	0	0	0	0	0	0	0	0	0	0	0	0	0	0	0	0	0	0	0	0	11	0	0	0	0	0	0	0	0	0	0	0	0	0	21	9	14	0	0	0	0	0	0	0	0	0	0	0	0	0	0	0	0	12	0	10	0	0	0	0	0	0	0	0	0	0	0	0	0	0	0	0	0	0	0	0	0	0	0	0	0	0	0	0	11	10	0	0	0	0	0	0	0	0	7	9	0	0	0	0	0	0	0	0	0	0	0	10	0	9	0	0	0	0	0	0	0	0	0	0	0	0	0	0	0	0	0	0	12	0	0	0	0	0	0	0	10	0	0	0	0	9	0	0	0	0	0	0	0	0	0	0	0	8	0	0	0	0	0	0	11	0	0	0	0	0	0	0	0	0	0	0	0	0	0	0	0	0	0	0	0	0	30	0	0	0	13	0	0	0	16	0	0	0	0	0	0	0	0	0	16	0	0	0	0	0	0	0	0	0	0	0	0	0	0	15	25	0	0	10	0	0	0	0	0	0	0	0	0	0	0	0	0	0	0	0	0	0	0	0	0	0	13	13	0	0	0	13	0	15	16	0	0	0	0	0	0	0	0	0	0	0	0	0	11	0	0	0	0	0	0	0	0	0	0	0	0	10	9	0	0	0	0	0	17	0	0	0	0	0	0	0	0	0	0	0	0	0	0	0	0	0	0	10	0	0	0	0	0	0	0	0	0	0	0	0	0	0	6	0	12	0	0	17	0	10	0	0	0	0	0	0	0	0	0	0	0	0	16	0	0	0	0	0	0	0	18	0	0	0	9	0	0	0	0	0	18	0	0	0	0	0	0	8	0	0	0	0	0	16	0	0	5	0	0	0	0	0	0	0	0	0	0	0	0	0	0	16	0	0	0	0	0	0	0	0	0	0	0	0	0	0	0	0	0	0	0	0	0	0	0	0	0	0	0	10	0	0	0	0	0	0	0	0	31	14	0	0	0	10	0	0	0	0	0	0
0	0	11	0	0	0	0	0	0	0	0	0	0	0	0	0	0	0	0	0	0	0	0	0	0	0	0	0	0	0	0	0	17	0	0	0	0	0	0	0	0	11	9	0	0	0	0	0	0	6	0	0	0	0	0	0	0	0	0	0	0	0	0	15	0	0	0	0	0	0	0	0	0	0	0	0	0	0	0	0	0	0	0	0	0	0	0	0	10	0	0	0	0	0	0	0	14	0	0	0	0	11	0	0	0	0	0	0	17	0	0	0	0	0	0	15	12	0	0	0	0	0	0	0	0	0	0	0	0	20	0	0	0	0	0	0	0	9	0	0	0	0	0	0	0	0	0	0	0	0	0	0	0	0	0	0	0	0	0	0	0	0	0	0	0	0	0	0	0	0	0	0	0	0	0	0	0	0	0	0	0	0	0	15	0	0	0	10	6	0	0	0	0	0	0	0	0	0	0	0	0	0	0	7	0	0	0	0	0	0	0	0	0	0	0	0	0	0	0	0	0	17	0	15	0	0	0	0	0	0	0	0	0	0	0	17	0	0	0	11	0	0	0	0	0	0	0	0	0	0	0	0	0	16	0	0	0	23	36	0	0	0	12	0	0	0	0	0	0	0	0	0	0	7	0	0	0	0	0	0	0	0	17	0	0	0	0	0	0	0	15	0	0	0	0	0	0	0	0	0	0	0	24	0	0	0	0	0	0	0	0	0	0	0	0	0	0	0	0	0	0	0	0	0	0	8	0	0	0	0	0	0	0	0	16	0	0	0	0	0	0	18	0	0	0	0	0	0	0	0	16	0	0	0	0	0	0	10	0	0	0	0	16	0	11	0	0	0	0	0	0	0	0	0	0	0	0	0	0	0	10	0	0	0	0	0	0	0	0	0	0	0	0	12	14	0	10	0	0	12	0	8	0	0	0	0	0	0	0	0	0	0	0	0	0	0	0	0	0	0	0	0	0	0	0	0	13	0	0	16	0	0	0	0	0	0	0	0	0	0	0	0	0	0	0	0	0	0	0	0	11	0	0	0	0	0	0	8	0	0	0	0	0	0	13	11	0	0	0	0	0	0	0	0	0	0	0	0	0	0	0	0	0	0	0	0	15	0	0	0	0	15	0	0	0	0	0	0	0	0	0	11	0	0	0	0	0	0	0	0	0	0
10	0	0	0	0	0	0	0	0	0	15	0	0	0	0	0	0	0	0	0	0	0	0	0	0	0	0	0	0	0	0	0	0	0	0	9	0	0	0	0	0	0	0	0	0	0	0	0	0	0	0	0	0	0	0	0	0	0	0	0	0	10	12	0	0	0	0	0	0	0	0	0	0	0	14	0	0	0	0	0	0	0	0	14	0	0	0	0	0	0	0	0	0	0	0	0	0	0	0	0	0	14	0	0	0	0	0	0	0	0	15	13	10	13	0	16	0	0	0	0	0	0	0	0	0	29	0	0	19	11	0	0	14	12	0	0	0	0	17	0	0	17	0	0	0	0	0	11	12	0	16	0	0	0	0	0	0	16	0	13	0	0	0	0	0	0	0	0	0	0	0	0	0	0	0	0	0	0	0	0	0	0	0	0	0	0	0	8	0	0	0	0	0	0	26	0	0	0	0	0	0	0	0	27	6	0	0	0	0	0	0	0	0	17	0	0	0	16	0	0	0	0	0	0	16	0	0	0	0	0	0	0	0	0	0	11	11	0	0	0	0	0	0	0	0	0	0	0	0	0	0	0	0	0	0	0	0	18	15	0	0	0	0	0	0	0	0	0	0	0	0	0	0	0	0	0	0	0	0	0	0	0	0	0	0	0	0	0	0	15	0	0	0	0	0	0	0	0	0	0	0	0	11	0	0	0	0	0	0	0	0	0	0	15	13	0	0	0	0	0	0	0	0	0	0	0	0	8	0	0	0	0	0	0	0	0	8	2	0	0	0	0	0	0	0	0	0	0	0	0	0	0	0	0	0	0	0	12	0	0	0	0	0	0	0	0	0	0	0	0	0	0	0	17	0	0	0	0	0	0	0	0	0	0	0	0	0	0	8	0	0	7	0	0	0	0	0	0	0	0	0	16	0	0	0	0	0	0	0	0	0	0	0	0	0	0	0	0	0	0	9	0	0	0	0	0	0	0	0	0	0	0	0	15	13	15	12	0	0	0	0	0	0	0	4	0	0	0	0	0	26	0	0	0	0	0	0	0	0	0	0	0	0	0	0	0	0	0	0	0	0	0	0	0	0	9	0	0	0	0	0	0	0	0	0	0	0	0	0	0	0	10	0	10	0	0	0	0	0	0	0	0	0	0	0	0	0	0	0	0	0	0
0	0	0	0	18	0	13	0	0	0	0	0	0	0	0	0	0	0	0	0	0	0	0	0	0	0	0	0	0	0	0	0	0	0	0	14	8	0	0	0	0	12	0	0	0	0	0	0	0	0	22	0	0	0	0	0	0	0	0	0	8	0	0	0	0	0	0	0	0	0	0	0	0	0	0	0	0	0	0	10	12	0	0	0	0	0	0	0	0	10	0	0	0	0	0	0	0	0	0	0	0	0	0	0	0	0	0	0	0	0	0	9	0	0	0	0	0	0	0	0	0	0	0	0	0	0	0	0	0	0	0	0	0	0	0	0	0	0	0	0	9	0	0	0	14	16	24	0	0	0	0	0	0	0	0	0	0	0	0	0	0	0	0	0	0	0	0	0	0	0	0	0	0	0	0	0	0	0	0	0	0	0	0	0	0	10	0	17	0	0	0	0	0	0	0	0	0	0	0	0	0	0	0	0	0	0	0	0	0	0	0	0	0	0	0	0	0	0	0	0	0	0	0	0	0	19	0	0	0	0	0	12	13	0	0	14	0	0	0	0	0	0	0	0	0	0	0	0	0	0	9	0	0	0	0	0	0	0	0	0	0	0	0	0	0	0	0	0	0	0	0	0	0	0	0	0	10	0	0	0	0	0	0	0	0	0	0	0	0	0	0	0	0	0	0	17	0	0	0	0	0	11	0	0	0	0	0	0	17	0	0	0	0	9	14	0	0	10	0	0	0	0	0	0	0	0	0	0	0	0	0	0	0	0	0	0	0	0	0	0	0	0	0	0	0	0	15	0	0	0	0	0	0	0	0	0	0	0	0	0	10	0	0	0	0	0	0	0	0	0	0	15	0	0	0	16	0	13	0	0	0	0	0	0	8	10	0	10	0	0	0	0	0	0	0	0	0	0	0	0	0	0	0	0	0	0	0	0	0	0	0	0	0	0	0	0	0	0	0	0	0	0	17	7	0	0	0	0	0	0	0	0	11	10	15	0	0	0	0	0	0	0	0	10	13	0	0	0	0	0	12	0	0	0	0	14	7	0	0	0	0	0	0	0	0	0	0	0	0	0	0	0	0	0	0	0	0	0	0	0	13	0	0	0	0	0	0	0	0	0	0	15	0	0	0	0	0	0	0	0	10	9	0	0	0	0	0	0	5	0	0	0
0	0	0	0	0	0	0	0	0	0	0	0	0	0	0	0	0	0	0	14	0	0	0	0	0	0	0	0	0	0	0	0	14	13	0	0	0	0	0	0	0	0	0	0	0	0	0	0	0	0	10	0	0	0	0	0	0	13	0	0	0	0	0	0	0	0	0	0	0	0	0	0	0	0	0	0	0	0	0	0	0	11	7	0	0	0	0	0	0	0	0	0	0	0	0	0	0	0	14	10	0	0	0	0	0	0	0	0	0	0	0	13	0	0	0	0	0	0	0	0	0	0	0	0	0	0	0	0	0	0	0	0	10	0	0	0	0	0	0	0	0	0	0	0	0	0	13	6	14	13	0	0	0	0	0	14	0	0	0	0	0	0	0	0	0	0	0	0	0	0	0	0	8	0	0	0	0	0	0	0	0	12	9	9	0	8	11	0	0	0	0	0	0	0	0	13	0	0	0	0	0	0	0	0	0	0	0	0	0	0	0	0	0	0	0	0	0	0	0	0	0	0	0	0	0	0	0	0	11	0	0	0	0	0	0	0	0	0	0	0	0	0	0	0	0	0	0	0	0	0	0	0	0	0	0	0	0	0	0	0	0	0	0	0	0	10	0	9	9	4	14	0	0	0	0	0	14	0	0	0	0	0	11	0	0	0	0	0	0	0	0	0	0	0	0	0	0	17	0	0	0	0	0	0	0	0	0	0	0	0	0	0	0	0	0	0	0	30	0	0	17	0	0	0	0	0	0	0	0	0	0	0	0	0	0	0	0	0	0	8	0	0	0	0	0	0	0	0	0	0	0	0	0	0	0	0	0	0	0	0	0	0	0	0	0	0	0	0	0	0	0	0	7	16	0	0	0	14	0	0	0	0	0	0	10	10	0	0	0	0	0	0	0	0	0	15	0	0	0	0	0	0	0	0	0	0	0	0	0	0	0	0	0	0	0	0	0	0	0	0	0	0	0	0	0	0	0	0	0	0	0	0	0	0	0	0	0	0	0	0	0	0	0	0	0	0	0	0	0	0	0	0	0	0	0	0	0	0	0	0	0	12	0	0	0	13	0	0	0	0	15	0	0	0	11	13	11	0	11	14	0	0	0	12	0	0	0	0	0	0	0	13	0	0	0	0	17	0	0	0	10	9	0	0	0	0	0	0	0	0	0	0
0	0	14	2	0	0	15	0	0	0	0	0	0	8	0	0	0	0	0	0	0	0	0	0	0	0	0	0	0	0	0	0	0	11	0	0	0	0	0	0	0	0	0	16	0	0	0	0	0	0	0	0	0	0	0	0	0	15	0	0	0	0	0	0	0	0	0	0	0	0	4	0	0	0	0	0	0	0	0	0	10	11	0	0	0	0	0	0	0	0	0	0	0	0	0	0	0	0	16	0	0	0	0	7	0	0	0	0	0	0	0	0	0	0	0	0	0	0	0	0	0	0	0	0	15	0	0	0	0	0	11	0	0	0	0	0	0	7	6	0	0	0	0	0	0	0	15	20	0	0	0	0	13	0	0	0	0	0	0	0	0	0	0	0	0	0	0	0	0	0	0	0	0	0	0	0	0	0	0	0	0	0	0	0	0	0	0	0	0	0	13	6	0	13	0	0	0	0	0	0	0	0	0	15	0	0	0	0	0	0	0	0	0	0	0	0	0	0	0	0	15	0	0	0	0	0	0	0	17	0	0	0	0	0	0	0	16	0	0	0	4	14	0	0	0	0	0	6	3	11	0	0	0	0	0	9	15	0	15	0	0	0	0	0	0	0	15	10	10	0	0	0	5	0	0	0	0	0	0	0	0	0	0	0	0	0	16	0	0	0	0	15	0	0	0	0	0	0	0	0	0	0	0	0	0	0	0	0	0	0	0	0	0	0	15	0	0	0	0	0	0	0	0	0	0	0	0	0	0	0	0	0	0	0	0	0	0	0	0	0	0	0	0	0	11	0	0	0	0	0	0	0	0	0	0	0	16	0	0	0	0	0	0	0	0	3	0	2	0	0	0	0	0	10	16	0	0	0	0	0	0	0	17	0	0	0	0	0	0	0	0	0	0	0	0	0	0	17	0	0	0	0	0	0	0	0	0	0	0	0	0	0	3	0	0	0	0	0	0	0	0	0	0	0	0	0	11	0	0	0	0	0	0	0	0	0	0	0	0	0	0	0	0	0	0	0	0	0	0	0	0	0	0	0	0	0	0	0	0	0	0	0	0	0	0	0	0	0	0	0	0	0	0	0	0	0	0	0	0	15	0	0	0	0	0	0	0	0	0	0	0	0	0	0	0	0	0	0	0	0	0	0	0	0	0	0	0	0	0	0	0	0
7	0	0	0	0	0	0	0	0	0	0	0	0	15	0	0	0	0	0	0	0	0	0	0	0	0	0	0	0	0	0	0	0	0	0	0	0	0	0	0	0	0	0	0	0	0	0	0	0	0	0	0	0	0	0	0	0	0	0	13	0	0	0	0	0	0	0	0	0	0	2	0	0	0	0	0	0	0	0	0	0	0	0	0	0	0	0	0	0	0	0	0	0	0	0	0	0	8	11	0	0	0	0	0	0	0	0	0	0	0	0	0	0	0	0	0	0	0	0	0	0	0	0	0	13	0	0	0	0	0	0	0	0	0	0	0	0	0	0	0	0	0	0	0	0	0	0	0	0	16	0	0	12	0	17	9	0	0	0	10	0	0	0	0	0	0	0	0	0	0	0	0	0	0	0	0	0	7	0	0	0	0	0	0	0	0	0	0	0	0	0	0	0	20	0	0	0	0	0	0	0	0	0	10	0	0	0	7	0	0	8	0	0	0	0	0	0	0	0	0	0	0	0	0	0	0	0	0	0	0	0	0	0	0	0	8	0	0	2	0	9	0	0	0	0	0	0	0	0	0	0	0	0	0	0	11	0	0	0	0	0	0	0	0	0	0	5	7	0	0	0	0	14	0	0	0	9	0	0	0	0	0	0	0	0	0	0	0	0	0	0	0	0	0	0	0	0	0	0	0	0	0	0	0	0	0	0	0	0	0	0	0	0	0	0	0	0	0	0	0	10	0	0	0	0	0	0	0	0	0	19	0	0	0	0	0	0	0	0	0	0	0	2	0	0	0	0	0	0	0	0	0	0	0	0	0	0	0	0	0	0	0	0	0	0	7	0	4	0	0	0	0	0	0	0	0	0	0	0	0	0	0	0	13	13	0	0	0	0	0	0	0	0	0	16	0	0	0	0	0	0	0	0	0	0	0	0	0	0	0	0	0	0	0	19	0	0	0	0	0	0	0	0	0	0	0	0	15	6	4	0	0	0	0	0	0	0	0	0	0	0	3	7	0	0	0	0	0	0	0	16	0	18	0	0	0	0	0	0	0	0	0	0	0	0	0	7	0	0	0	0	0	0	0	8	0	0	0	0	3	0	0	0	0	0	0	0	0	0	0	0	8	17	0	0	0	0	0	0	0	0	0	9	0	0	0	0	0	0	0	0	0
0	0	9	0	0	0	0	0	0	0	0	0	15	0	0	0	0	0	16	28	0	0	0	0	0	0	0	0	0	0	0	0	0	0	0	0	0	0	0	0	15	0	0	0	0	0	0	0	0	0	0	0	0	0	0	0	0	5	14	0	12	8	0	0	0	0	0	0	0	0	0	0	0	0	0	0	0	0	0	0	8	11	0	0	0	0	0	0	0	0	0	0	0	0	0	0	0	0	0	0	0	0	0	0	0	0	0	13	12	0	0	0	0	0	0	0	0	0	0	0	0	0	0	0	13	0	0	0	0	9	0	0	0	0	0	0	0	0	0	0	0	0	0	0	0	0	0	0	0	0	0	8	11	0	0	19	9	0	0	26	0	0	0	0	0	0	0	0	5	0	6	14	0	0	0	0	0	0	0	18	0	0	0	0	0	0	0	0	0	0	0	0	0	0	0	0	0	0	0	0	0	0	0	0	0	0	0	26	4	0	14	0	0	0	0	0	0	0	0	0	0	0	0	5	0	0	0	0	0	0	0	0	0	0	0	11	0	0	14	10	17	0	0	0	0	0	0	0	0	0	0	0	0	0	0	0	0	0	0	0	23	0	17	0	0	16	0	8	0	0	0	0	0	14	8	0	0	17	0	0	0	0	9	0	0	10	0	0	0	0	0	0	0	0	0	0	0	0	0	0	0	0	17	0	0	0	0	0	0	15	0	0	0	0	0	0	0	0	0	0	0	0	0	0	0	0	20	31	0	0	0	0	0	0	0	0	0	0	0	0	0	0	0	0	0	0	0	0	0	0	0	17	0	0	0	0	0	0	0	0	0	0	0	0	0	0	0	0	0	0	0	13	13	0	0	0	0	0	0	0	0	0	0	0	0	0	0	0	0	0	0	0	0	0	0	0	0	0	0	0	0	11	0	0	0	0	0	16	0	0	0	0	0	0	0	0	0	0	0	0	0	0	18	17	0	0	17	27	14	14	0	0	0	0	0	0	0	0	0	0	0	0	0	0	12	0	0	0	0	0	0	0	0	0	0	0	0	11	0	0	18	0	0	0	0	8	14	0	0	0	0	14	0	0	0	0	0	0	0	0	0	0	0	0	0	0	0	0	0	0	0	0	5	3	0	0	0	0	0	0	0	0	0	0	28	7	0	0	0	0	0	23
0	0	0	0	13	0	0	0	0	0	0	0	0	0	0	0	0	0	0	0	0	0	0	0	0	10	0	0	6	0	0	0	0	0	0	0	0	11	0	15	4	0	0	0	8	0	0	0	0	0	0	0	0	0	0	0	9	11	0	0	12	10	0	0	0	0	0	0	0	0	0	0	0	0	0	0	0	0	0	0	0	2	0	0	0	0	0	0	14	5	0	0	0	0	0	0	0	0	0	0	0	0	0	0	0	0	0	0	0	0	0	15	0	0	0	0	0	0	0	0	9	0	0	0	0	0	0	0	0	0	0	0	0	11	14	0	0	0	0	0	0	0	0	0	0	0	0	0	0	0	0	0	0	0	0	0	0	0	0	0	0	15	0	0	0	0	0	0	0	0	0	0	0	0	0	0	0	0	0	0	0	0	0	0	0	0	0	0	0	0	0	0	0	14	26	0	0	12	0	15	0	0	0	0	0	0	0	0	0	0	0	0	16	0	0	0	0	0	0	0	0	0	0	0	0	0	0	0	0	0	0	0	16	0	0	0	0	0	0	0	0	0	0	18	0	16	0	0	0	0	0	0	0	0	0	0	0	15	8	0	13	0	0	0	0	0	0	11	0	0	0	0	0	6	0	0	0	0	0	0	0	0	0	0	0	0	0	0	0	0	0	0	0	0	0	0	0	0	0	0	0	0	0	0	0	0	0	0	0	9	8	0	0	0	0	0	0	0	0	0	0	0	0	0	0	0	18	33	0	0	0	19	0	0	0	0	0	7	32	0	0	0	0	0	0	0	0	0	14	13	0	0	0	0	0	0	0	0	0	0	0	0	0	0	15	0	0	0	0	0	0	0	0	0	0	0	0	0	0	0	0	0	0	0	7	0	0	0	0	0	0	0	0	0	0	0	0	0	0	5	16	0	0	17	0	0	0	0	0	0	0	0	0	0	0	0	0	0	0	0	8	0	0	0	0	26	22	11	0	0	0	0	0	0	0	0	0	0	0	0	0	0	0	15	0	10	0	0	12	0	0	0	12	0	0	0	0	5	12	0	0	0	0	0	10	16	0	0	0	0	0	0	13	0	0	0	0	10	0	0	0	18	0	10	11	0	0	0	0	0	0	0	0	0	18	0	0	0	0	0	0	0	0	0	12	12	0	16	0	0	0	24
0	0	0	0	7	0	0	0	0	0	0	0	0	0	0	0	0	0	0	11	9	14	11	8	0	9	12	0	0	0	0	0	0	0	0	0	0	0	0	0	0	5	0	0	0	0	0	0	0	0	0	0	0	0	0	0	0	0	0	0	0	0	0	0	0	0	0	0	0	16	0	0	0	0	0	0	0	0	0	0	0	0	0	3	0	0	2	13	0	0	0	0	4	14	0	0	0	0	0	0	0	10	0	0	0	0	0	0	16	0	0	0	0	0	0	0	0	0	0	0	0	0	0	0	10	12	0	0	0	0	0	0	0	0	0	0	0	0	0	0	0	0	0	0	0	0	0	0	0	16	0	15	0	0	0	0	0	11	0	0	0	11	0	14	0	0	0	0	0	0	0	10	0	0	8	0	0	0	0	0	0	0	0	0	0	0	0	0	0	0	0	0	0	0	0	0	0	0	0	0	0	0	0	15	0	0	12	0	0	0	0	0	0	0	0	0	0	0	0	16	0	0	0	0	0	0	0	0	0	0	0	0	0	0	0	0	18	0	11	0	0	0	0	0	0	0	0	0	12	12	0	0	0	0	0	0	0	0	0	0	0	0	0	12	12	0	0	0	0	0	0	0	0	0	0	0	0	0	0	0	0	8	0	0	15	11	0	0	0	0	12	0	0	0	0	0	0	0	0	0	0	0	17	0	0	0	0	0	0	0	0	0	0	0	0	0	0	0	0	0	0	0	0	0	0	0	0	0	0	0	0	0	0	0	0	0	0	0	5	0	0	0	0	0	0	0	0	16	20	29	0	0	0	0	0	0	0	17	0	0	0	0	0	0	13	0	0	0	0	0	0	0	0	0	0	0	0	0	0	0	0	0	0	18	0	0	0	0	0	0	0	0	0	0	0	0	0	0	0	0	0	0	0	0	0	0	0	0	0	0	0	0	0	0	0	0	0	28	0	0	0	0	0	0	0	0	0	11	0	0	0	0	0	0	0	0	0	0	0	0	0	0	0	1	16	0	0	0	14	0	0	0	0	0	0	0	0	34	14	0	0	0	0	0	0	0	15	0	0	11	0	0	0	0	0	0	0	12	0	0	0	0	0	0	19	0	0	0	0	0	0	0	0	0	0	0	18	14	11	0	0	12	0	0	11	0	0	0	0	0	0	0
0	0	0	0	0	0	0	0	0	0	0	0	0	0	0	11	10	12	0	0	13	9	8	0	0	0	0	0	0	0	0	0	0	17	0	16	0	0	0	0	0	0	0	0	0	0	0	0	0	0	0	0	0	0	0	0	0	0	0	0	0	0	0	0	0	0	0	0	0	0	0	0	0	0	0	0	0	0	0	0	0	0	0	0	0	0	0	0	13	11	0	0	0	7	0	0	0	0	0	0	0	6	0	0	0	0	0	0	0	0	0	0	0	0	0	0	0	0	0	17	0	0	0	0	0	0	0	0	0	0	0	0	0	0	0	0	24	0	0	0	0	0	0	0	0	0	0	0	0	0	0	8	0	0	0	0	0	0	0	0	0	0	0	0	0	0	0	0	0	0	0	0	0	0	0	0	0	0	0	0	0	0	0	10	0	0	0	0	0	0	0	0	0	4	0	0	0	0	0	0	0	9	0	0	0	0	13	0	0	0	0	16	0	0	0	0	17	0	0	0	0	0	0	0	0	0	0	0	0	0	0	0	0	0	0	0	0	0	0	0	0	0	0	0	0	0	0	0	0	0	0	0	0	0	0	0	0	8	0	0	0	0	0	15	17	0	0	0	0	0	0	0	15	0	0	0	0	0	0	0	0	5	0	0	7	0	0	0	0	0	0	0	9	0	0	0	0	7	0	17	12	0	0	0	0	0	0	0	0	0	0	0	0	0	0	0	0	9	0	0	0	0	0	0	0	0	0	0	0	0	0	0	0	0	0	0	0	0	0	0	0	0	15	0	0	0	0	0	0	20	5	0	0	0	0	0	0	0	0	0	0	0	0	0	0	0	0	9	0	0	12	0	0	0	0	16	0	0	0	0	0	0	0	0	17	0	0	0	0	0	0	0	0	0	0	0	0	0	0	0	0	0	0	0	0	0	0	0	0	0	0	6	0	0	0	0	0	0	0	0	0	0	0	0	0	0	0	14	1	0	0	0	0	0	0	0	0	0	0	0	0	0	0	0	0	0	0	0	0	0	0	0	0	0	0	0	0	0	0	0	0	0	0	10	0	0	12	0	0	0	0	0	0	0	0	0	0	0	0	0	0	10	0	0	14	0	0	0	0	0	0	0	0	0	0	0	0	12	16	0	0	0	0	0	0	0	0	0	11	0	0	0
0	0	0	0	0	0	0	0	0	0	0	0	15	13	0	0	4	12	0	0	0	0	0	0	0	0	0	0	10	0	0	0	9	0	8	15	0	0	0	0	0	0	0	0	0	0	0	0	0	0	0	0	0	0	0	0	0	0	9	0	0	0	0	0	0	0	0	0	0	0	0	0	0	0	0	0	0	0	0	0	0	0	0	0	0	0	0	0	0	0	0	0	22	0	0	6	0	0	0	0	0	0	0	0	0	0	0	0	0	0	0	0	0	0	0	0	0	16	0	13	0	0	0	0	0	0	0	0	0	0	0	0	0	0	0	0	0	0	0	0	0	13	0	0	0	0	0	0	0	0	0	0	0	0	0	0	0	0	7	0	0	0	0	0	0	0	0	0	0	15	0	5	0	0	0	0	0	0	0	0	0	0	0	0	0	0	0	0	0	0	0	0	0	15	0	0	0	0	0	0	0	0	0	0	0	0	0	0	0	0	0	0	0	15	14	0	0	0	0	0	0	0	0	0	0	0	0	0	0	0	0	14	0	0	0	0	0	0	0	0	0	0	0	0	0	0	0	0	0	0	0	0	0	0	0	13	0	21	0	0	0	0	0	0	0	0	0	0	0	5	6	0	28	0	0	0	0	0	0	0	0	0	0	0	25	0	0	0	7	0	0	0	0	0	0	0	0	0	0	0	0	10	16	0	0	0	0	15	0	0	0	0	0	0	0	0	0	13	0	0	0	0	0	0	0	0	0	0	0	0	0	0	0	0	0	0	0	0	0	0	0	0	0	0	0	0	0	0	0	0	0	0	0	0	0	0	0	0	0	13	0	0	0	0	0	0	0	0	0	0	0	15	0	0	0	0	18	0	0	0	0	0	0	16	11	0	0	0	0	0	0	16	2	0	0	0	13	0	0	0	10	0	12	0	0	0	0	0	0	0	0	0	0	0	0	6	0	0	0	0	11	0	0	17	0	0	0	0	0	0	0	0	16	0	0	0	0	0	0	0	0	0	0	0	0	0	0	0	0	0	0	0	0	0	0	0	0	0	0	0	0	0	0	0	0	0	0	0	0	0	0	18	0	0	0	0	0	0	0	0	0	0	0	0	0	0	0	0	0	0	0	0	0	0	0	0	19	7	0	0	0	0	0	0	0	0	0	14	14	0	0	10
0	0	0	0	0	0	0	0	0	0	9	0	0	10	0	0	0	0	0	0	0	0	0	0	0	0	0	0	0	0	0	0	0	0	18	0	0	0	0	0	0	0	0	0	0	0	0	0	0	0	0	0	0	0	0	8	0	9	0	0	0	0	0	0	0	0	0	0	0	0	0	0	0	0	0	0	0	0	0	0	0	0	0	0	15	0	0	0	0	0	0	0	0	15	0	0	0	0	0	0	0	0	0	0	0	0	0	0	0	0	17	0	0	0	0	0	0	0	0	12	0	0	0	0	0	0	0	0	0	5	0	0	0	14	19	0	0	0	0	0	0	0	0	0	16	0	0	0	0	0	0	0	0	0	0	0	0	0	0	0	0	0	0	15	0	0	0	0	0	0	0	0	0	0	0	0	0	0	0	0	0	0	10	0	0	0	0	0	0	0	0	8	17	7	0	0	0	12	14	0	0	0	0	0	0	0	16	0	0	0	0	0	0	0	0	0	0	0	0	0	0	0	0	0	0	0	0	0	0	0	0	10	0	0	0	0	0	0	0	0	0	0	0	0	9	0	0	0	0	0	0	3	0	11	0	23	0	15	0	0	0	0	0	0	0	0	0	0	0	0	0	0	12	0	0	0	0	0	0	0	0	0	0	0	0	0	0	0	0	0	0	0	0	0	0	0	0	0	0	0	0	0	0	0	0	0	0	11	0	0	0	0	0	0	0	0	0	0	0	0	11	0	0	0	0	0	0	0	0	0	0	0	17	0	0	0	0	11	13	0	0	0	0	0	16	0	0	0	0	0	0	0	0	0	0	0	11	15	0	0	0	16	0	0	0	0	0	0	0	0	0	11	0	0	0	0	0	0	0	0	0	0	31	0	0	0	0	0	30	0	0	0	19	0	0	0	0	0	0	0	17	0	0	0	0	0	0	0	0	0	0	0	0	0	0	0	10	0	0	0	0	0	0	0	0	0	0	0	0	0	0	0	0	6	11	23	0	0	0	0	0	0	0	0	0	0	0	0	0	0	0	10	0	0	0	8	0	0	0	0	0	0	0	0	0	0	0	0	0	0	0	0	0	0	0	0	0	0	0	0	0	0	0	0	0	0	0	17	0	0	0	0	0	0	0	19	0	6	10	0	0	0	0	0	0	0	0	0	0	0	0	0
0	0	0	0	0	0	0	16	0	0	0	0	0	0	0	0	0	10	0	0	0	0	0	0	0	0	0	0	0	0	0	0	0	0	0	0	0	0	0	0	0	16	0	0	0	0	0	0	0	0	0	11	0	0	0	0	0	0	0	0	0	0	0	0	6	0	0	0	0	0	0	0	0	0	0	0	0	0	0	0	0	0	0	0	7	0	0	0	0	0	0	0	16	0	0	0	0	0	0	0	0	0	0	0	0	13	0	0	0	0	12	0	0	0	0	16	0	14	11	0	0	0	0	0	0	0	0	0	0	0	0	0	0	13	18	0	0	0	0	0	0	0	0	15	0	8	0	15	0	0	0	0	0	0	0	16	0	0	0	0	0	0	0	0	0	0	0	11	0	0	0	0	0	0	0	0	18	0	0	0	15	0	0	0	0	16	0	0	0	0	0	17	0	0	7	0	0	32	9	0	0	0	0	0	0	0	3	0	0	0	0	0	0	0	0	0	0	0	0	0	0	0	0	0	0	0	0	0	0	0	0	0	0	0	0	0	0	16	0	0	0	0	0	0	16	0	0	0	0	0	0	0	0	15	17	0	0	0	0	0	0	0	0	0	10	0	0	0	0	0	9	0	0	0	0	0	0	0	0	0	0	0	0	0	0	0	0	0	0	0	5	11	0	0	0	0	0	0	0	0	0	0	0	0	0	0	10	0	0	0	0	0	0	0	0	11	0	0	0	0	0	0	0	0	0	0	0	0	0	0	0	0	0	0	16	0	0	0	0	0	0	0	0	0	10	0	0	0	0	0	0	0	0	0	0	0	14	1	0	0	0	0	0	0	0	0	0	0	0	0	0	0	0	0	0	0	0	0	0	0	0	0	16	18	0	0	0	0	0	0	0	0	0	0	0	0	11	0	0	0	0	0	0	0	0	0	0	0	0	0	0	0	0	0	0	0	8	0	0	0	0	0	0	0	0	0	0	0	0	0	12	29	0	0	0	0	0	0	0	0	0	0	0	0	0	0	0	0	0	0	8	20	0	0	0	0	0	0	0	0	0	0	0	0	0	0	0	0	0	0	0	0	0	0	0	0	0	0	0	0	0	0	0	0	0	0	0	0	23	12	0	0	0	0	0	0	0	0	10	0	0	13	0	0	0	0	0	0	0	0	0	0
0	0	0	0	0	0	0	0	0	0	0	0	0	0	0	0	0	10	0	0	0	0	17	0	0	0	0	0	0	32	5	0	0	0	9	0	0	0	0	0	0	0	10	0	0	0	0	0	0	15	0	10	0	0	0	0	0	0	0	0	0	0	0	0	0	0	0	0	0	0	0	0	0	0	0	0	0	0	0	0	0	0	0	0	0	0	0	0	0	0	0	0	0	0	0	13	0	0	0	11	0	0	0	0	0	16	5	0	0	0	0	0	0	0	7	9	0	0	0	0	0	0	0	0	0	0	0	0	2	0	0	0	0	18	8	0	0	0	0	0	0	7	0	0	0	0	0	0	0	0	0	0	0	0	0	16	0	8	0	0	0	0	0	0	0	0	0	13	0	0	0	0	0	0	17	0	5	16	0	0	0	0	0	0	0	0	0	0	0	0	0	16	14	7	0	0	0	30	12	0	0	0	0	3	0	0	0	0	0	0	0	0	0	0	0	0	0	0	0	0	0	0	0	0	0	0	0	0	0	0	14	0	0	0	18	0	0	0	0	0	0	0	0	0	0	0	0	0	0	0	0	0	0	0	0	0	0	7	0	0	9	0	0	0	0	0	0	5	15	11	15	0	0	0	0	0	0	0	0	0	0	0	0	0	0	0	0	0	0	0	18	28	0	0	0	19	0	0	14	13	0	0	0	0	0	0	0	0	0	0	0	0	0	0	0	0	0	7	8	0	16	0	0	0	0	0	0	11	0	10	0	0	0	0	0	10	0	0	0	0	0	0	0	0	0	0	0	0	0	0	16	0	0	0	0	11	0	0	0	0	0	0	0	0	0	0	1	8	0	0	0	0	0	0	0	0	16	0	0	0	0	0	0	0	0	0	0	0	0	0	0	0	0	0	0	0	0	0	0	0	0	0	0	0	0	0	0	0	0	0	0	0	0	0	0	0	0	0	0	0	0	0	9	15	0	0	0	0	0	0	10	11	0	0	0	11	0	0	0	0	0	0	0	0	0	0	0	0	0	0	8	10	0	0	0	0	0	0	0	0	0	0	0	0	0	0	18	0	0	0	0	0	0	0	0	0	0	0	0	0	0	0	0	0	0	0	11	0	7	0	0	0	0	0	0	0	0	0	12	0	0	13	0	10	14	0	0	0	0	0	0	0
0	6	0	0	0	0	0	0	7	0	0	0	0	0	0	14	0	0	0	0	0	0	0	0	8	10	15	0	0	28	8	0	0	0	0	0	0	0	0	0	0	0	0	0	0	0	0	0	0	0	0	0	0	0	0	0	0	0	0	0	0	0	0	7	0	0	0	15	0	0	0	0	0	0	0	0	0	0	0	0	0	0	0	0	0	0	0	0	0	0	0	0	0	0	0	8	0	0	0	0	0	0	0	0	0	0	0	0	0	0	0	0	11	18	0	0	10	0	0	0	0	0	0	0	0	0	0	0	13	0	14	0	0	0	0	0	0	0	0	0	0	0	0	0	0	0	0	0	0	0	0	0	0	0	0	0	0	0	0	0	0	0	0	0	0	0	0	0	0	0	0	11	15	0	0	0	3	19	0	0	0	0	5	14	0	0	0	0	0	0	0	0	0	13	15	15	15	34	31	6	0	0	0	4	0	0	0	0	0	0	0	0	0	0	0	0	0	0	0	0	0	0	0	0	0	10	0	0	0	0	0	0	0	0	0	0	0	0	0	0	0	0	0	9	0	0	0	11	0	18	6	0	0	0	0	0	0	14	0	0	0	0	0	0	0	0	18	0	0	13	9	0	0	18	0	0	0	0	0	0	0	0	0	0	16	0	12	0	0	0	0	0	0	9	0	0	0	0	0	0	0	0	11	14	0	0	0	0	0	0	0	0	0	0	0	0	0	0	0	0	3	0	0	16	0	0	0	0	0	0	0	0	15	0	13	0	0	0	0	0	0	9	17	0	15	0	0	0	0	0	0	0	0	0	0	0	0	0	0	0	0	0	0	0	0	0	0	0	0	0	0	0	0	0	0	0	0	6	17	0	0	0	0	0	0	0	0	0	0	0	0	0	0	0	0	0	0	0	0	0	9	15	0	0	0	0	0	0	0	0	0	13	10	0	0	0	0	0	0	0	0	0	0	0	0	0	0	0	0	0	0	0	0	0	0	0	14	11	0	0	0	0	0	0	11	0	0	0	0	0	0	0	0	0	0	0	0	0	0	0	0	0	10	14	0	0	0	0	0	0	0	0	0	15	8	0	0	0	0	0	0	0	0	0	0	0	14	0	0	0	0	0	0	0	0	11	11	0	0	0	0	0	0	0	0	0	0	0	0	0	0	0
0	0	0	0	0	0	0	10	16	0	0	0	0	0	0	0	0	0	0	0	0	0	0	0	0	11	0	13	19	14	0	0	0	0	0	0	0	15	0	0	0	0	0	0	0	0	0	0	0	0	0	0	0	0	11	13	0	0	0	0	0	0	0	12	0	0	0	0	0	0	0	0	0	0	0	0	0	0	0	0	0	0	0	0	0	0	0	0	0	0	0	0	0	0	6	0	0	0	0	0	5	0	0	0	0	0	0	0	0	0	0	0	0	0	0	0	0	0	0	0	13	0	0	0	0	0	0	0	0	0	0	0	0	0	0	0	17	0	0	0	0	0	0	0	0	0	0	0	0	0	0	0	0	0	0	0	0	0	0	0	0	0	15	0	0	0	0	0	0	0	0	0	0	0	0	0	0	0	0	0	0	0	0	0	10	0	0	0	0	0	0	0	0	0	0	0	0	0	1	0	0	0	0	0	0	0	0	0	0	0	0	0	0	0	0	0	0	0	0	0	0	0	0	9	0	12	0	0	0	0	0	0	0	0	0	0	0	6	0	0	0	0	0	0	0	0	0	9	0	0	9	0	0	0	0	0	0	0	0	16	0	0	14	9	0	0	0	0	0	8	0	0	0	0	0	0	0	0	0	0	0	0	0	0	0	0	0	16	0	0	0	0	0	0	0	0	0	0	0	0	0	0	0	0	0	0	0	0	0	0	0	16	11	8	0	0	0	0	0	0	0	0	0	0	0	0	0	0	0	0	0	12	0	0	0	0	0	0	0	0	0	4	10	0	0	0	0	0	0	0	0	0	0	15	0	0	0	0	0	0	0	0	12	0	0	0	0	0	0	0	0	0	0	8	0	0	0	0	0	0	14	0	0	0	14	0	0	17	5	0	9	0	0	0	0	0	0	0	0	9	0	0	0	0	0	0	0	0	0	0	0	6	0	0	0	0	0	0	0	0	0	0	0	0	0	0	0	0	0	0	0	0	0	0	0	0	0	0	0	0	0	0	0	0	0	0	9	15	16	0	7	0	0	0	0	0	0	0	0	0	0	0	0	3	0	0	0	0	0	0	0	0	0	0	0	0	0	0	0	0	0	0	0	0	0	0	0	0	0	0	0	0	0	0	0	0	0	0	11	0	0	0	0	0	0	0	0	0	0	0	0	0
0	0	0	0	0	0	0	13	0	0	0	0	0	0	0	0	0	0	0	0	0	0	14	0	0	0	0	26	11	0	0	0	0	0	0	0	9	0	8	0	0	0	0	0	0	0	0	0	0	0	0	0	0	0	0	0	0	0	0	0	0	0	0	0	0	0	0	0	15	35	0	0	0	0	0	0	0	12	25	0	0	0	0	0	0	0	0	0	0	0	0	20	0	0	0	9	0	0	0	0	15	0	0	0	0	0	0	0	0	0	0	0	0	0	0	0	0	0	0	0	8	0	0	0	0	0	0	0	0	6	0	0	0	0	0	0	8	0	0	0	0	0	0	0	0	11	0	0	0	0	0	0	0	8	0	0	0	0	0	0	0	9	0	0	0	10	17	0	0	0	0	0	0	0	0	0	0	0	0	0	0	0	0	0	0	0	0	0	0	0	0	0	0	0	0	0	0	10	11	0	0	0	0	0	0	16	0	0	0	0	0	0	0	0	0	0	0	0	8	0	0	0	0	0	0	0	0	0	0	0	0	0	0	0	0	0	0	29	0	0	0	0	0	0	14	0	0	0	0	0	0	0	0	0	0	0	0	0	0	0	0	0	0	0	0	0	0	0	0	0	0	3	0	0	0	0	16	0	0	0	0	0	0	0	0	0	0	0	0	0	0	0	0	0	0	3	0	0	0	0	0	0	0	0	0	0	0	0	0	0	0	0	9	7	0	10	0	30	0	0	0	0	0	0	0	0	0	0	0	0	0	8	0	0	5	10	0	0	0	0	0	0	0	0	0	0	0	0	0	0	0	0	0	0	0	0	0	0	0	0	0	0	14	16	0	0	0	0	0	0	0	0	0	0	0	0	0	0	0	15	6	0	0	0	0	0	0	0	9	0	0	0	2	0	4	17	0	0	0	16	0	0	0	0	0	0	0	0	0	16	0	17	0	0	0	0	0	0	0	5	0	0	0	14	0	0	0	0	0	0	0	0	0	0	0	0	0	0	0	0	0	0	0	0	0	0	0	11	0	0	0	0	10	0	0	18	0	11	0	0	0	0	0	0	0	0	0	0	0	0	0	0	0	0	0	0	0	0	0	0	10	0	0	0	0	0	0	0	0	0	0	0	0	0	0	0	0	0	0	0	0	0	0	0	0	0	0	0	0	0	0	0
0	0	0	0	0	0	0	0	0	0	0	0	0	0	0	9	0	0	0	0	0	0	0	0	0	0	0	0	0	0	0	0	0	0	8	0	16	10	0	0	0	0	12	0	6	0	0	0	0	13	0	0	0	0	0	0	0	0	0	0	0	0	0	0	0	0	0	0	0	24	7	0	0	0	0	0	0	0	0	0	0	0	0	0	0	0	0	0	0	0	0	23	0	0	0	0	0	0	9	0	15	0	0	13	8	0	16	0	0	0	16	0	0	0	0	0	0	0	0	0	0	0	0	0	14	0	0	0	0	27	13	0	0	16	0	0	0	0	0	0	0	0	0	0	0	0	0	0	0	0	0	0	0	0	0	0	0	13	0	0	0	12	0	0	0	15	0	0	0	0	0	0	0	0	0	0	0	10	0	0	0	0	0	0	0	0	0	0	0	0	0	0	0	0	0	0	0	0	0	0	0	0	0	0	0	0	0	0	0	0	0	0	0	0	0	0	0	0	8	14	0	0	0	0	0	0	0	0	0	0	0	0	0	0	0	0	11	0	0	0	0	0	0	0	12	0	0	0	0	0	0	0	0	0	0	0	0	0	0	0	12	0	0	0	0	0	0	0	0	0	0	0	0	0	0	0	0	16	0	0	0	17	0	0	0	0	0	0	0	0	0	0	0	0	0	0	0	0	0	0	0	0	0	0	0	0	0	0	0	0	0	0	0	0	0	0	0	13	0	0	0	0	0	0	0	0	0	0	0	0	0	0	0	9	0	0	0	0	0	0	0	0	0	0	0	0	0	0	0	0	0	0	17	11	0	0	0	0	0	0	0	0	18	0	0	0	0	0	0	0	0	0	0	0	0	0	0	0	0	5	0	0	0	0	0	0	0	0	17	0	0	0	0	0	0	0	0	8	0	0	0	0	0	0	0	0	0	0	0	0	0	0	0	0	0	0	6	0	0	0	0	0	0	0	0	0	0	0	0	0	0	0	0	0	0	0	0	0	0	0	0	0	0	0	0	0	0	0	0	0	0	0	16	0	0	0	0	0	0	0	0	0	0	0	0	0	0	0	0	0	0	0	0	0	0	0	0	0	0	0	0	15	0	0	0	0	0	0	0	0	0	0	0	0	0	16	0	0	0	0	0	0	0	0	0	0	0	0	0	0	17	0
0	0	0	0	0	0	0	0	0	0	0	0	0	0	0	14	0	0	0	0	0	0	0	0	0	0	0	0	15	0	0	0	0	0	9	0	0	0	0	0	2	0	10	0	0	0	0	0	0	10	0	0	0	0	0	0	0	0	0	0	0	0	0	0	0	0	0	0	0	0	0	0	0	0	0	0	0	0	0	0	0	0	0	0	0	0	0	0	0	0	0	0	0	0	0	0	0	0	0	15	10	0	0	0	0	0	0	0	0	17	0	0	9	0	0	0	0	0	0	0	0	0	0	0	0	0	0	0	13	11	11	7	16	0	0	0	0	0	0	0	0	0	0	0	0	0	0	0	0	0	0	0	0	9	0	0	0	16	0	0	0	0	0	0	0	0	0	0	0	0	0	0	0	0	0	0	0	0	0	0	0	0	0	0	0	0	7	9	0	0	0	0	0	0	0	0	0	0	0	0	0	0	0	0	0	14	0	0	0	0	0	0	0	0	0	0	0	0	11	0	0	0	0	0	0	0	0	8	0	0	0	0	0	0	0	0	0	0	0	0	0	0	0	0	0	0	0	0	0	0	0	0	0	0	0	0	0	0	0	17	0	0	0	0	0	0	0	0	0	0	0	0	0	0	20	0	0	0	0	0	0	0	0	0	0	0	18	0	0	0	0	0	0	0	0	0	0	0	0	0	0	0	0	0	0	0	0	0	0	0	0	0	0	0	0	0	19	0	0	0	0	0	0	0	0	0	0	0	0	0	0	0	0	0	0	0	11	0	0	0	0	0	0	0	0	0	0	0	0	0	0	0	5	0	0	0	0	0	0	0	0	0	0	0	0	0	0	0	0	0	0	0	0	0	0	0	0	0	0	0	0	0	0	0	0	0	13	3	0	0	0	0	10	0	11	0	0	0	0	0	0	0	0	0	0	0	0	0	0	0	0	0	0	0	5	0	0	0	0	0	0	0	0	0	0	0	17	0	0	0	0	0	0	0	0	0	0	0	0	17	0	11	0	0	0	0	0	0	0	0	0	0	0	0	0	0	16	18	15	12	12	0	10	0	0	0	0	18	0	0	0	0	0	0	0	0	0	0	5	16	0	0	0	0	0	0	0	0	0	0	0	0	0	7	0	0	0	0	5	7	4	0	8	0	0	0	0	0	0	0	0	0
0	0	0	0	0	0	0	0	0	0	0	0	17	0	0	0	0	0	0	0	0	16	0	0	0	0	0	0	0	0	0	0	0	0	0	0	0	0	0	0	9	0	0	0	0	0	0	0	0	0	0	0	0	0	0	0	0	0	0	5	0	0	0	0	11	0	0	0	0	0	0	0	0	0	0	0	0	0	0	0	0	0	0	0	14	0	0	0	0	0	0	11	0	9	0	0	0	0	0	0	0	0	0	0	0	0	0	0	0	0	0	0	0	0	0	0	0	0	12	11	0	0	0	0	0	0	0	0	0	0	0	0	0	0	0	0	8	0	0	0	0	8	13	0	0	0	0	0	0	0	0	0	0	0	0	0	0	0	0	0	0	0	0	0	0	9	15	0	0	0	0	11	0	0	0	0	0	0	0	0	15	0	0	0	0	0	15	0	0	0	13	0	16	13	0	0	0	17	0	10	0	0	0	16	0	0	0	0	0	0	0	0	16	0	0	0	0	0	0	0	0	0	0	0	0	7	0	0	0	0	0	0	0	0	0	0	0	0	0	7	0	0	0	0	0	0	0	0	0	0	0	10	0	0	0	0	0	0	0	14	0	10	0	0	0	0	0	0	0	0	0	0	0	0	5	16	0	0	0	0	0	0	0	0	0	0	0	0	0	0	0	10	8	0	0	0	0	0	0	0	0	0	5	19	0	0	0	0	0	0	0	0	11	0	0	0	0	0	0	0	0	0	0	0	0	0	0	0	0	12	0	0	0	0	0	0	0	0	0	0	0	0	0	0	0	0	0	0	0	0	12	12	0	14	0	0	0	0	0	17	0	0	16	0	0	0	0	0	0	0	0	0	0	0	0	0	0	0	0	0	0	0	0	17	0	0	14	0	0	0	0	0	0	0	0	0	0	0	0	0	0	0	0	0	0	0	0	0	0	0	0	0	0	0	16	0	0	0	0	0	0	0	0	0	0	0	19	0	0	0	0	0	0	0	0	0	0	0	0	0	0	0	0	0	0	0	0	0	0	0	0	0	0	0	0	0	0	10	13	9	13	14	13	0	0	0	0	0	0	0	0	0	0	0	0	0	0	0	0	10	0	0	0	0	0	0	0	0	0	0	0	0	0	0	0	0	0	0	15	0	0	15	17	0	0	0	0	0	0	0	0	0
0	0	0	0	0	0	0	0	0	0	0	0	0	0	0	0	0	0	0	0	0	0	0	15	14	15	7	0	0	0	0	0	0	0	0	0	0	0	0	0	0	14	0	0	0	0	0	0	0	0	0	0	0	0	0	0	0	0	0	0	0	0	0	0	12	0	0	4	15	0	0	0	0	0	0	0	0	0	0	0	0	0	0	0	10	0	0	0	16	0	0	9	0	13	0	0	0	0	0	0	0	0	0	0	0	0	0	0	0	0	0	0	0	0	0	0	0	0	0	0	0	0	0	0	0	0	0	0	0	0	0	0	0	0	0	12	0	0	0	0	0	0	0	0	0	0	15	0	0	0	0	0	0	0	0	0	0	0	0	0	0	0	0	0	16	0	16	16	0	0	0	24	0	0	0	0	0	0	14	0	11	0	0	12	0	0	0	0	0	0	0	0	0	0	0	6	0	0	0	0	0	0	7	0	0	0	0	0	0	0	0	0	0	0	0	0	0	0	0	0	0	0	0	0	0	0	0	0	0	9	0	0	0	0	0	0	0	0	0	0	0	0	0	0	0	0	0	0	0	0	0	0	0	0	0	0	0	0	0	0	0	0	0	0	0	0	0	0	0	0	0	0	0	0	0	15	0	0	0	0	0	7	0	0	0	0	0	0	3	17	0	30	9	12	0	0	0	0	0	11	0	24	36	15	0	0	0	0	0	0	0	0	0	0	0	0	0	0	0	0	0	16	0	0	0	0	14	10	0	0	0	0	0	0	0	0	0	0	0	0	0	0	0	13	0	0	0	0	0	0	0	0	18	0	0	0	0	0	0	0	0	0	0	0	0	0	0	0	0	0	0	0	0	0	0	0	0	0	0	0	0	0	0	0	0	0	0	0	0	0	0	0	0	0	0	0	0	0	0	0	0	0	0	0	0	0	0	0	0	0	0	0	0	0	15	0	0	0	0	0	0	0	0	0	0	0	0	0	0	0	0	0	0	0	0	0	0	0	0	0	0	0	0	0	0	0	0	0	0	0	15	0	0	0	0	0	0	0	14	10	0	0	0	0	0	0	0	0	0	0	0	0	0	0	0	0	0	0	0	0	0	0	0	0	0	0	0	0	0	0	17	0	0	0	0	0	0	0	0	0	0	9	0	0	0	0	0	0	0	0	0	0
0	0	0	0	0	0	0	0	0	0	0	0	0	9	0	0	0	0	13	0	0	0	0	0	0	0	0	0	0	0	0	0	0	0	0	0	0	8	0	0	0	9	0	0	0	0	0	0	0	0	0	0	0	0	0	0	0	0	0	14	0	0	0	0	0	0	0	0	0	0	10	23	0	0	0	0	0	0	0	0	0	0	0	0	0	0	10	0	0	0	0	0	0	0	0	0	0	0	0	0	0	0	0	0	0	0	0	0	0	0	0	0	0	0	0	0	0	0	7	0	0	0	0	0	0	0	0	0	0	0	0	0	0	8	0	0	9	0	0	13	9	0	0	0	0	0	0	11	13	0	13	0	0	0	0	0	0	0	0	0	0	0	0	0	0	0	0	0	0	0	0	0	0	0	0	0	15	0	0	0	0	0	0	0	0	0	0	0	0	0	13	0	0	0	0	0	0	0	14	5	0	0	0	0	0	0	0	0	0	0	0	0	0	0	0	0	0	0	0	0	16	0	0	0	0	0	0	0	0	0	0	0	0	0	0	0	0	18	0	0	0	0	0	0	0	0	0	0	0	0	10	0	0	0	6	8	0	7	3	0	0	0	0	0	0	0	0	0	0	0	0	0	0	0	0	10	13	0	0	0	0	0	0	0	16	10	0	0	0	7	11	0	0	13	0	0	0	0	0	0	0	0	0	0	0	0	0	0	0	0	0	18	0	0	0	0	0	0	0	0	0	0	0	0	0	0	0	0	0	0	0	0	0	0	0	0	0	0	0	0	0	0	0	18	0	0	0	0	0	0	0	0	0	0	0	0	13	12	0	0	0	0	0	0	0	0	0	0	0	0	0	17	0	0	0	12	13	12	0	0	0	0	0	0	0	0	0	0	0	0	0	0	0	0	0	0	0	0	0	0	0	0	0	0	0	0	0	0	0	0	0	0	0	0	2	0	0	0	0	0	7	6	0	0	0	0	0	0	0	0	0	0	0	0	0	0	0	0	11	0	0	0	0	0	0	0	0	0	0	12	10	0	0	0	0	0	0	0	0	0	0	0	0	0	0	0	0	0	13	14	0	0	18	0	0	0	0	0	0	0	0	0	11	0	0	0	0	0	0	0	0	0	0	0	0	0	0	0	0	5	0	0	0	0	0	0	0	0	0	0	0	0
0	0	0	0	0	0	0	0	0	0	0	0	0	0	0	0	0	0	0	0	0	0	0	0	0	0	0	0	0	0	0	0	0	0	0	0	0	16	0	0	0	0	0	0	0	0	12	0	0	0	0	0	0	0	0	0	0	0	0	0	0	0	14	0	0	12	7	0	0	0	0	0	0	0	0	0	0	14	0	0	8	0	0	0	0	10	0	0	0	0	0	0	0	0	0	0	0	0	0	0	0	0	0	0	0	0	0	4	6	0	0	0	14	0	0	0	0	0	15	0	0	0	0	21	11	15	0	0	0	0	0	0	0	15	0	0	7	0	0	0	0	0	0	0	0	0	8	0	0	0	13	0	0	0	0	0	0	0	0	0	0	0	0	0	0	0	0	0	0	0	0	0	0	0	0	12	0	0	0	0	0	0	0	0	0	0	0	0	0	0	12	0	0	12	0	0	0	0	0	0	0	0	0	0	0	8	11	0	0	0	0	0	0	0	0	0	0	0	16	0	0	0	0	0	0	0	0	0	0	0	0	0	0	0	0	0	0	0	0	0	0	0	0	0	0	0	15	0	10	12	0	0	0	0	0	18	0	0	0	0	0	0	0	0	13	0	0	0	0	0	0	0	0	0	0	0	20	0	0	0	0	0	0	0	0	0	0	0	0	0	0	0	0	0	0	0	0	0	0	0	0	0	13	29	0	0	0	0	0	0	0	0	0	0	0	0	0	0	0	0	0	0	9	0	0	0	0	0	0	0	0	0	0	0	0	0	0	0	0	0	0	0	0	0	0	0	0	0	0	0	0	0	0	12	10	0	16	0	0	0	0	0	0	0	0	0	0	0	0	0	0	0	0	0	0	0	0	0	0	12	16	0	0	0	0	0	0	0	0	0	0	0	0	0	0	0	0	0	0	0	0	0	0	0	0	0	0	0	0	0	0	0	0	0	0	0	0	10	0	0	11	7	0	0	0	0	0	0	0	0	0	0	0	0	0	0	0	0	0	0	0	0	0	0	0	0	0	0	0	13	0	0	0	0	0	0	14	0	0	0	0	0	0	0	0	0	0	0	0	0	15	0	0	0	0	0	0	0	0	0	0	0	0	0	0	0	8	0	12	0	0	0	0	0	0	0	0	0	0	0	5	0	0	0	0	0	0	0	0	0	0	0
0	0	12	0	0	0	0	0	0	11	0	0	0	18	0	0	0	0	0	0	0	0	0	12	0	0	0	0	0	0	0	0	0	0	0	0	0	0	0	0	0	0	0	0	0	0	0	16	0	0	0	0	0	0	0	0	0	8	0	0	0	0	0	0	0	11	2	0	0	12	5	0	0	0	0	2	0	0	0	0	0	12	12	0	0	0	0	0	0	0	0	0	4	0	0	0	0	0	0	0	0	14	0	0	0	0	0	0	0	0	8	0	0	0	0	0	0	0	0	12	0	0	0	9	14	0	0	0	0	0	8	0	0	0	0	0	0	0	0	0	0	0	10	0	0	0	0	0	0	0	0	0	0	0	0	0	6	0	0	0	0	0	0	0	0	0	0	0	0	0	0	0	9	0	0	13	0	0	6	8	0	0	0	0	0	0	0	0	0	0	0	0	0	0	10	0	0	0	0	0	0	0	0	0	0	0	4	0	0	0	0	0	7	0	0	0	0	0	0	0	0	0	8	0	0	0	0	0	0	0	0	13	0	0	0	0	0	4	24	0	0	0	0	0	0	0	0	0	0	0	0	0	0	0	0	0	0	0	0	0	15	0	0	0	23	12	0	0	0	0	0	0	0	0	11	0	12	0	0	0	0	0	0	0	15	0	11	0	0	0	0	0	0	0	0	0	0	0	0	0	0	0	0	9	0	0	0	0	0	11	0	0	0	0	0	0	0	0	0	0	0	0	13	0	0	0	0	0	0	0	0	0	0	0	0	0	0	0	0	0	0	17	0	0	0	0	0	0	0	0	0	0	0	0	0	0	0	0	0	0	0	0	0	0	0	0	0	0	0	0	0	14	0	0	0	16	0	9	0	0	0	0	0	0	0	14	0	0	3	0	0	0	0	0	0	0	0	0	0	0	0	0	0	0	0	0	0	0	0	0	0	0	0	0	0	0	0	0	0	0	0	0	0	0	0	0	0	0	0	0	0	0	0	0	0	0	0	0	12	15	0	0	0	0	0	0	0	0	0	0	0	0	0	0	14	0	13	0	0	0	0	0	17	0	0	0	0	0	0	18	0	0	0	0	0	0	0	0	0	1	16	0	0	0	0	0	0	0	0	0	0	0	0	0	19	0	0	0	0	0	0	0	0	0	0	0	0	17	0	0	0	0
0	0	12	0	0	0	0	0	0	0	11	11	0	0	0	0	0	0	0	0	0	0	0	0	0	0	0	0	0	0	6	0	0	0	0	0	14	0	15	0	0	0	0	9	0	0	0	0	0	0	4	0	0	0	0	0	0	0	0	0	0	0	0	0	0	0	0	0	0	7	16	0	0	0	0	0	0	0	7	0	0	0	0	0	0	0	0	0	0	0	0	0	10	8	0	0	0	0	0	0	0	8	0	0	0	0	0	0	0	0	16	0	0	15	9	0	0	0	0	0	0	0	0	0	0	0	0	0	0	0	0	0	0	0	0	0	0	0	0	0	0	0	0	0	0	0	0	0	0	0	0	0	0	0	0	0	0	0	0	0	0	0	0	0	0	0	0	0	0	0	0	3	0	0	0	0	0	0	0	0	0	0	0	15	0	0	0	0	0	0	0	0	0	0	7	8	16	5	0	0	0	10	13	0	0	0	7	15	0	0	0	0	0	0	0	13	10	0	0	0	0	0	0	15	0	0	0	0	0	0	0	17	0	0	0	0	0	0	0	0	0	0	0	0	0	0	0	16	0	0	0	0	0	0	0	0	0	0	0	0	0	0	0	0	0	0	0	0	0	0	0	17	0	0	0	0	0	0	0	0	0	0	0	0	0	0	0	0	0	0	0	0	0	0	0	0	0	0	0	0	0	0	0	0	0	0	0	0	0	0	0	0	0	0	17	0	0	0	0	0	0	0	0	0	0	0	0	13	7	0	0	0	0	0	0	0	0	0	15	0	0	0	0	0	0	0	0	0	0	0	0	0	0	0	0	0	0	0	0	0	0	0	0	0	0	0	16	0	0	0	0	11	0	0	0	0	0	0	0	0	0	0	0	0	0	22	0	0	14	5	0	0	0	0	0	0	0	0	0	0	0	0	0	0	0	0	0	0	0	0	0	0	0	16	0	0	0	0	0	0	0	0	0	0	0	0	0	0	0	11	0	0	0	0	0	0	0	12	0	0	0	0	0	0	0	0	0	0	0	0	0	0	0	0	0	0	0	0	0	0	0	0	0	0	0	0	0	0	0	0	0	15	0	0	0	0	0	0	0	0	0	0	0	17	0	0	0	0	0	0	0	0	0	0	0	0	0	0	0	0	0	0	0	0	0	0	0	0	0	0	0	0
0	0	0	0	0	0	0	7	0	0	0	0	0	0	0	0	0	0	0	0	0	0	0	0	0	0	0	0	0	0	10	0	0	0	12	13	25	0	0	0	0	0	14	17	0	0	0	0	0	0	0	0	0	0	7	0	0	0	0	0	0	0	0	0	0	0	0	0	0	0	0	0	0	0	0	9	0	0	0	0	0	0	0	0	0	0	0	0	17	0	0	0	0	0	0	0	0	0	0	0	0	0	8	0	0	0	0	0	0	0	0	0	0	0	0	0	0	0	0	0	0	0	0	0	0	0	0	0	0	0	1	15	0	0	0	0	0	0	9	0	0	0	0	0	0	0	0	0	0	0	17	0	0	0	0	0	0	9	0	0	0	0	0	0	0	0	0	15	0	0	0	10	0	0	0	0	0	0	0	0	0	0	0	0	13	0	0	0	0	13	9	0	0	0	0	0	0	0	0	0	0	0	0	0	0	0	10	11	0	6	0	0	0	0	0	0	0	0	0	0	0	14	0	2	15	16	9	0	0	0	0	0	0	4	4	7	0	0	0	0	0	0	0	0	0	0	0	7	0	0	0	0	0	0	0	0	0	0	0	0	0	0	0	0	0	0	0	0	0	0	0	9	0	13	0	0	0	0	0	0	0	0	0	0	0	0	0	0	0	0	0	0	0	0	0	0	0	0	0	0	0	0	0	0	0	0	0	0	0	0	0	0	0	0	0	0	0	0	0	0	0	0	0	0	0	0	0	0	0	0	0	0	0	0	0	0	0	0	13	0	12	28	0	0	0	0	0	0	18	0	4	0	0	11	0	0	0	0	0	0	0	0	0	0	0	0	0	0	0	0	0	0	0	0	0	0	0	0	0	0	9	0	0	0	0	0	0	0	0	0	0	0	0	0	0	0	0	0	0	0	0	0	0	0	0	0	0	0	0	0	0	0	0	0	0	0	0	0	0	0	0	0	0	0	0	0	0	16	9	12	0	0	0	0	0	17	0	18	0	0	0	0	0	0	0	0	0	0	0	0	0	0	0	0	0	15	17	19	0	0	0	0	0	0	0	0	0	0	0	0	0	0	0	0	0	0	0	0	0	0	0	0	0	0	17	0	0	0	0	0	0	15	0	0	0	0	0	18	0	0	0	0	0	0	0	0	0	9	0	0	0	0
0	0	0	0	0	0	0	0	0	0	0	0	0	0	0	13	0	0	0	0	0	0	0	0	0	0	0	0	0	0	0	0	0	0	0	0	0	14	18	18	11	0	0	0	0	0	0	0	0	0	0	0	0	0	13	0	0	0	0	0	0	0	0	0	0	15	0	0	0	0	0	0	7	0	0	0	0	0	0	0	0	0	14	0	0	0	0	0	0	0	0	0	10	0	0	0	9	0	0	0	0	0	0	0	0	0	0	0	0	0	0	0	0	0	0	0	0	0	0	0	0	9	14	7	0	0	20	0	0	0	0	0	0	0	0	0	0	0	0	17	0	0	0	0	15	0	0	6	0	0	0	0	0	0	0	0	0	0	0	0	7	19	0	0	0	0	0	5	0	0	0	27	0	0	0	0	0	0	0	0	0	0	0	0	12	0	14	7	0	0	0	0	0	0	0	0	0	0	0	0	10	0	0	0	0	0	0	16	0	0	0	0	0	0	0	0	0	0	0	0	0	0	22	13	13	0	0	12	0	0	0	0	0	0	0	0	0	0	0	0	0	0	0	0	0	13	0	0	0	0	0	0	0	0	0	0	17	0	10	8	0	0	0	0	0	0	0	0	0	0	0	0	0	18	15	0	0	0	0	0	0	0	0	0	0	0	0	0	0	0	0	0	0	0	0	0	0	0	0	0	0	0	0	0	0	0	0	0	0	0	0	0	0	0	0	0	0	0	0	0	0	0	0	0	0	8	0	0	0	0	0	6	27	0	0	0	0	0	10	0	0	7	0	0	0	0	0	0	0	18	26	0	0	0	0	0	0	0	11	0	0	12	11	0	0	0	17	0	0	0	0	0	0	0	0	0	0	0	0	0	0	0	0	0	0	0	0	0	0	0	0	0	6	15	0	0	0	0	0	0	0	0	0	0	0	0	0	0	0	0	0	0	0	0	0	0	0	0	0	9	0	0	0	0	0	0	0	0	0	0	0	0	0	7	18	0	12	16	0	0	0	0	0	0	0	0	0	0	0	0	0	0	0	0	0	0	8	29	0	0	0	0	0	0	0	0	0	0	0	0	0	0	0	0	0	0	0	0	0	0	0	0	0	11	0	0	0	0	0	0	0	11	0	0	0	0	0	0	0	0	0	0	10	0	0	0	0	0	0	0	0	15
0	0	15	0	0	0	0	0	0	0	0	0	0	0	0	11	0	0	0	0	0	0	0	0	8	0	0	0	0	0	0	0	0	0	0	14	10	0	10	0	16	12	16	7	0	1	0	0	0	0	0	0	0	0	0	0	0	0	0	0	0	0	0	0	0	0	0	0	16	0	0	0	0	14	0	0	0	0	0	14	0	0	0	0	0	0	0	0	0	0	0	0	0	0	0	0	14	0	0	0	0	0	0	0	16	0	0	16	0	0	0	0	0	0	0	0	0	0	0	0	0	0	0	0	0	0	0	0	0	0	0	0	0	0	0	0	0	0	0	0	0	0	0	0	0	0	0	13	11	0	0	0	0	0	0	0	0	0	0	0	0	0	0	0	0	0	0	0	0	0	0	0	0	0	0	0	0	9	0	0	0	0	0	0	0	0	0	0	0	0	0	0	0	0	0	0	0	0	0	0	0	0	0	19	0	0	0	0	0	0	0	0	0	0	0	0	16	0	0	0	0	0	9	0	0	0	0	9	0	0	11	13	0	0	0	0	0	0	0	0	0	7	14	0	0	14	0	18	0	0	0	0	0	0	9	0	0	0	0	0	0	13	0	0	0	0	0	0	0	0	0	0	0	0	0	0	0	0	0	0	0	0	0	0	0	0	0	0	0	0	0	0	0	0	0	0	0	0	0	0	0	8	0	0	0	14	0	0	0	0	0	0	0	0	0	0	0	0	0	0	0	11	0	0	0	0	0	0	0	0	0	0	0	0	0	0	0	0	0	0	0	0	7	0	16	9	0	0	20	0	14	0	0	0	0	0	0	0	0	0	0	0	0	0	0	0	0	17	0	0	0	0	0	0	0	0	0	0	0	0	0	0	0	0	0	0	0	6	0	0	0	0	0	0	11	0	0	0	0	0	0	0	0	0	0	0	0	0	0	13	11	0	0	0	0	0	0	0	0	0	0	0	0	0	0	0	17	0	15	0	0	18	0	0	0	0	17	0	0	0	0	0	0	0	0	0	0	9	4	0	0	0	0	0	0	0	0	0	0	0	0	0	0	0	0	0	18	0	0	0	0	0	0	8	23	0	0	0	0	0	0	0	0	0	0	0	0	0	0	14	0	0	0	17	0	0	0	0	0	0	11	0	0	11	0	0	17	0	0	0	0	15
0	0	8	0	0	0	0	0	0	0	0	0	0	0	0	0	0	0	0	0	0	0	0	0	0	0	0	0	0	0	0	0	15	0	0	0	0	0	0	13	9	0	0	12	27	20	27	3	3	0	0	0	0	0	0	0	0	0	0	0	0	0	0	0	0	0	0	0	0	0	0	15	0	0	0	7	0	0	11	0	0	10	0	9	0	0	0	9	16	0	0	0	0	0	0	0	12	0	15	0	12	14	0	0	0	0	0	4	0	11	0	0	0	0	0	0	0	0	0	0	0	0	0	0	0	0	0	0	0	0	0	0	0	0	0	0	0	0	9	10	0	0	0	0	0	0	0	0	0	0	0	0	0	0	0	0	0	0	0	0	0	0	0	0	0	0	0	0	0	0	0	0	0	0	0	0	0	0	0	0	0	0	0	0	0	0	0	0	0	11	0	0	0	0	0	9	0	0	0	0	0	0	0	0	0	0	0	0	0	0	0	0	0	0	0	0	0	0	0	0	0	6	0	0	0	0	0	0	0	0	0	0	0	0	0	0	0	0	12	0	0	0	13	0	0	0	0	0	0	0	0	0	0	0	0	0	0	0	0	0	0	13	0	0	0	0	0	0	10	0	0	0	0	0	0	0	0	0	0	17	14	12	14	9	0	0	0	0	0	0	0	0	0	17	0	0	0	0	0	0	0	0	0	0	0	0	0	0	15	10	15	0	0	0	0	0	0	0	0	0	0	14	0	0	0	0	0	0	0	0	0	0	0	0	0	0	0	0	0	0	0	0	0	0	0	0	0	0	0	0	0	0	0	0	0	0	0	0	0	0	0	0	0	0	0	0	0	0	0	0	0	0	0	0	0	0	0	0	0	0	0	0	0	11	0	0	10	28	0	0	0	0	0	0	0	0	16	0	0	0	0	0	0	0	0	0	0	0	0	0	7	13	0	0	0	0	0	0	0	0	0	0	0	0	3	16	0	0	0	0	0	0	0	0	0	9	11	0	12	0	0	0	19	0	0	0	17	9	17	0	0	0	0	0	0	0	0	0	0	0	0	0	0	0	0	0	0	0	0	0	0	0	0	0	14	0	28	0	17	0	10	0	0	0	0	0	0	0	0	0	0	0	0	0	0	0	0	0	0	0	0	0	0	0	31	0	0	0	0	0	0	18
0	0	0	0	0	0	0	0	0	0	0	0	0	0	0	0	0	0	17	0	0	0	0	0	0	0	0	0	0	0	0	0	16	0	0	0	0	0	0	8	15	0	2	3	3	4	15	18	16	12	15	0	0	0	0	0	16	0	0	0	0	0	0	0	10	0	0	0	0	0	0	0	0	5	0	0	0	0	0	0	0	0	0	0	0	0	0	8	9	0	0	0	0	0	0	0	0	0	0	0	0	0	0	0	0	0	0	0	0	11	8	0	0	0	0	0	16	0	0	0	17	0	0	0	0	0	0	0	0	0	0	0	0	0	0	0	0	10	13	0	0	0	0	0	0	15	8	0	0	0	0	0	0	0	0	0	0	0	0	0	0	0	0	0	0	0	0	8	0	0	0	0	0	0	0	8	15	0	0	0	0	0	0	0	0	0	0	0	0	0	0	0	0	0	0	0	0	0	0	0	0	0	0	0	0	0	0	0	0	0	0	0	0	0	0	12	14	0	0	0	0	24	11	0	0	0	0	0	0	13	0	0	0	0	0	0	0	0	11	0	0	0	0	0	0	0	0	0	0	0	15	0	0	0	0	0	0	0	0	0	0	0	0	0	0	0	0	15	0	0	0	0	0	0	11	0	0	0	0	11	0	0	0	0	0	0	0	0	0	0	0	15	0	0	0	0	0	0	0	0	0	0	0	0	19	0	0	0	0	0	0	0	0	0	0	0	0	18	0	0	0	0	0	0	0	0	0	0	0	0	0	0	0	0	0	0	0	0	0	10	11	0	0	0	0	0	0	0	0	0	0	0	0	13	0	0	0	0	18	0	0	0	0	0	0	0	0	0	0	0	0	0	0	11	0	0	0	0	0	0	0	0	0	0	0	0	0	0	0	0	0	0	0	0	0	0	0	18	0	0	0	0	0	0	0	0	0	0	0	0	0	8	0	0	0	0	0	0	0	17	0	0	0	0	0	9	0	0	0	0	0	0	0	0	0	20	0	0	0	0	0	0	0	0	0	0	0	0	0	0	0	0	0	0	0	0	0	0	0	0	0	0	0	0	0	0	0	0	0	13	0	0	15	0	0	0	0	0	0	0	0	0	0	0	0	16	0	0	0	0	0	0	0	0	0	0	0	0	0	0	0	0	0	10	0	0	0	0	0	0	0	16
0	0	0	0	0	11	10	0	0	0	0	0	0	0	0	0	0	0	0	0	0	0	0	0	0	0	0	0	0	0	0	0	0	0	0	0	0	0	0	0	0	0	2	3	5	20	30	7	4	16	14	15	11	0	0	0	0	0	0	0	0	0	0	0	0	0	0	0	0	0	0	0	0	0	0	0	0	0	0	0	0	0	0	0	0	0	0	0	0	0	0	0	0	0	0	0	0	0	0	0	0	0	0	0	0	0	0	0	0	0	0	0	0	0	0	0	0	0	0	0	0	0	0	0	16	0	0	0	0	0	0	0	0	0	0	0	0	0	11	15	0	0	0	0	16	9	0	0	0	0	0	0	0	0	0	11	0	0	0	0	0	0	0	0	0	0	0	0	0	0	0	0	0	0	0	0	0	0	0	0	0	0	0	0	0	12	15	0	0	0	0	0	0	0	0	0	0	0	0	0	0	0	11	7	0	0	0	0	0	0	0	0	0	0	0	0	0	0	0	0	0	0	12	0	0	0	0	0	0	0	0	0	0	0	0	16	0	0	0	0	0	0	9	0	0	0	0	17	0	0	7	0	0	0	0	0	0	11	0	0	0	0	0	0	0	0	0	7	0	0	0	0	0	0	0	0	0	0	0	0	0	0	0	0	0	7	0	0	0	0	0	0	0	0	0	0	0	0	0	0	0	0	0	0	0	0	0	17	0	0	0	0	0	0	0	0	0	0	0	0	0	0	0	0	0	0	0	18	0	0	0	0	0	0	0	0	0	0	0	4	0	0	0	0	0	0	15	4	0	0	8	0	0	16	0	0	0	0	38	0	0	0	0	0	0	0	0	0	0	0	0	0	3	11	0	0	0	0	0	14	9	0	0	17	0	0	0	0	0	11	0	23	0	0	0	0	0	0	0	0	0	0	0	0	0	0	0	0	0	0	0	0	0	0	0	0	0	0	0	0	0	0	0	4	0	0	0	0	0	0	0	0	0	0	33	9	0	0	0	0	0	0	0	0	0	0	0	0	0	0	0	0	0	0	0	0	0	0	0	0	0	0	0	0	0	8	0	0	17	0	0	0	0	0	0	0	0	0	0	0	0	0	0	0	0	0	0	0	0	0	16	0	0	0	0	0	0	0	0	0	0	0	0	0	0	0	0	0	0	0	0	16
0	0	0	0	0	9	0	0	0	0	0	0	0	6	0	0	0	0	0	0	0	0	0	0	0	0	0	0	0	0	0	9	13	0	0	0	0	0	0	0	0	0	3	4	22	184	258	77	4	3	2	0	11	15	13	12	0	0	0	0	0	0	0	0	0	0	10	0	0	0	0	0	0	0	0	0	0	0	0	0	0	0	0	0	0	0	0	0	0	0	0	0	0	0	0	0	0	0	0	0	0	0	0	0	0	9	0	9	11	0	0	0	0	0	0	0	0	0	0	0	8	14	0	16	0	0	0	0	0	0	0	0	0	0	0	0	0	0	0	0	0	0	0	0	0	0	0	12	9	0	0	0	0	0	13	5	0	0	0	0	0	0	0	0	0	0	0	0	13	0	0	0	15	0	0	0	0	0	0	0	0	0	0	0	0	0	6	0	16	0	0	10	0	0	0	14	0	0	0	0	0	15	0	0	8	0	0	0	0	0	9	0	0	0	0	0	0	8	0	0	0	0	0	0	0	0	0	0	0	0	0	0	7	0	0	0	0	0	0	0	7	12	0	0	0	0	0	0	0	0	10	0	0	0	0	0	0	0	0	0	0	0	0	0	0	0	0	0	0	0	0	0	0	0	19	0	0	0	0	0	0	0	0	0	11	0	0	11	0	13	0	0	0	0	0	0	0	0	11	0	0	0	0	0	0	0	0	0	0	0	12	0	0	0	0	0	0	0	0	0	0	0	0	0	0	0	0	0	0	0	0	0	4	0	0	0	0	0	0	0	0	0	0	0	0	0	0	0	17	0	0	0	0	0	0	0	0	0	0	0	0	0	17	0	0	0	0	0	0	18	0	0	0	0	0	0	0	0	0	0	0	0	0	10	0	0	0	0	17	17	3	0	16	0	0	0	0	0	0	0	0	0	0	0	0	0	0	0	0	0	0	0	0	0	15	0	0	0	0	0	0	0	0	0	0	0	0	0	0	0	0	0	0	15	39	0	0	16	0	14	9	0	0	11	12	0	0	0	0	10	0	0	0	0	0	0	0	0	0	0	0	0	15	2	5	19	2	2	0	0	0	0	0	0	0	0	0	0	0	0	0	18	0	0	0	0	0	0	0	0	0	0	11	10	0	0	14	9	0	0	0	10	0	0	0	0	0	0	0	0	10	12
0	0	0	0	0	0	0	0	0	0	0	0	18	0	0	8	0	0	0	0	8	0	13	0	0	0	0	0	0	0	0	0	0	15	0	0	0	0	0	0	0	0	3	4	41	286	477	109	6	3	3	0	0	0	0	11	15	28	17	0	0	0	0	0	0	0	0	0	0	0	0	0	0	0	0	0	0	0	0	0	9	0	0	0	0	0	0	0	8	0	0	0	0	0	0	0	0	0	0	0	0	10	0	0	0	0	0	0	3	10	0	0	0	0	0	0	0	15	0	0	0	0	0	0	0	0	0	0	0	16	0	0	0	0	0	0	0	0	0	0	0	0	0	0	0	0	0	15	0	0	0	11	0	0	13	0	0	0	0	0	0	0	0	0	0	0	0	0	0	0	0	11	0	0	0	0	0	0	0	0	0	0	0	0	0	0	0	0	0	0	0	0	15	9	0	0	0	0	0	0	0	7	0	0	0	0	0	0	16	0	0	0	0	0	13	11	0	0	0	0	0	0	0	0	0	0	0	0	0	0	0	0	0	0	0	0	0	0	0	0	0	3	0	15	0	0	0	0	0	0	13	10	0	0	0	0	0	0	0	0	0	0	0	0	0	0	0	0	0	0	0	0	0	0	0	10	0	0	0	0	0	0	0	0	10	0	0	14	0	7	0	0	0	0	0	0	0	0	0	0	0	0	0	0	0	0	0	0	8	0	11	0	0	0	0	0	0	0	0	0	0	0	0	0	0	0	0	0	0	11	0	0	0	0	0	0	0	11	0	0	0	0	0	0	0	9	0	0	0	0	0	0	0	0	0	0	0	0	0	0	0	0	0	0	0	0	0	0	0	0	0	0	0	0	0	0	0	0	0	0	0	0	0	0	0	0	0	0	0	0	12	0	0	18	0	0	10	0	0	0	0	0	0	0	0	0	0	0	0	0	0	0	0	0	0	0	0	0	0	0	0	0	0	0	0	0	0	0	0	0	0	0	0	19	0	10	0	2	0	0	0	0	0	0	9	0	0	0	0	0	0	0	0	0	0	0	26	0	0	0	0	0	2	2	3	4	3	4	3	1	0	0	0	0	0	0	0	0	0	0	0	0	20	0	0	0	0	0	0	0	0	0	0	0	0	0	0	10	0	0	5	0	0	0	0	0	0	0	0	0	13	7
